Status,ScriptPath,TypeName,BaseTypeName,SerializedReference,ExternalCodeReferenceCount,ExternalCodeReferenceFiles,Notes
"CANDIDATE_HIGH","Assets/_Project/Scripts/Core/Services/Navigation/NavigationService.cs","NavigationService","System.Object","False","0","","No serialized asset reference and no type-name reference from another C# file. Manual review is mandatory."
"CANDIDATE_HIGH","Assets/_Project/Scripts/Core/Services/Route/GalaxyMapPathFinder.cs","GalaxyMapPathFinder","System.Object","False","0","","No serialized asset reference and no type-name reference from another C# file. Manual review is mandatory."
"CANDIDATE_HIGH","Assets/_Project/Scripts/Data/Domain/Mission/MissionGenerationContext.cs","MissionGenerationContext","System.Object","False","0","","No serialized asset reference and no type-name reference from another C# file. Manual review is mandatory."
"CANDIDATE_HIGH","Assets/_Project/Scripts/Data/Domain/Reward/RewardGrantRequest.cs","RewardGrantRequest","System.Object","False","0","","No serialized asset reference and no type-name reference from another C# file. Manual review is mandatory."
"CANDIDATE_HIGH","Assets/_Project/Scripts/Data/Events/EnemyDestroyedMissionEvent.cs","EnemyDestroyedMissionEvent","System.Object","False","0","","No serialized asset reference and no type-name reference from another C# file. Manual review is mandatory."
"CANDIDATE_HIGH","Assets/_Project/Scripts/Data/Events/Reward/RewardGrantedEvent.cs","RewardGrantedEvent","System.ValueType","False","0","","No serialized asset reference and no type-name reference from another C# file. Manual review is mandatory."
"CANDIDATE_HIGH","Assets/_Project/Scripts/Data/Events/Sector/SectorUnlockedEvent.cs","SectorUnlockedEvent","System.ValueType","False","0","","No serialized asset reference and no type-name reference from another C# file. Manual review is mandatory."
"CANDIDATE_HIGH","Assets/_Project/Scripts/Data/Events/StarSystem/StarSystemEnteredMissionEvent.cs","StarSystemEnteredMissionEvent","System.Object","False","0","","No serialized asset reference and no type-name reference from another C# file. Manual review is mandatory."
"CANDIDATE_HIGH","Assets/_Project/Scripts/Data/Events/Travel/GalaxyTravelRequestedEvent.cs","GalaxyTravelRequestedEvent","System.ValueType","False","0","","No serialized asset reference and no type-name reference from another C# file. Manual review is mandatory."
"CANDIDATE_HIGH","Assets/_Project/Scripts/Data/Runtime/FuelState2A.cs","FuelState2A","System.Object","False","0","","No serialized asset reference and no type-name reference from another C# file. Manual review is mandatory."
"CANDIDATE_HIGH","Assets/_Project/Scripts/Data/Save/MissionSaveMapper.cs","MissionSaveMapper","System.Object","False","0","","No serialized asset reference and no type-name reference from another C# file. Manual review is mandatory."
"CANDIDATE_HIGH","Assets/_Project/Scripts/Presentation/Combat/SystemEncounter/SystemEncounterRestoreController.cs","SystemEncounterRestoreController","UnityEngine.MonoBehaviour","False","0","","No serialized asset reference and no type-name reference from another C# file. Manual review is mandatory."
"CANDIDATE_HIGH","Assets/_Project/Scripts/Presentation/Combat/SystemEncounter/SystemEncounterSpawner.cs","SystemEncounterSpawner","UnityEngine.MonoBehaviour","False","0","","No serialized asset reference and no type-name reference from another C# file. Manual review is mandatory."
"CANDIDATE_HIGH","Assets/_Project/Scripts/Presentation/Diagnostics/DebugHudController.cs","DebugHudController","UnityEngine.MonoBehaviour","False","0","","No serialized asset reference and no type-name reference from another C# file. Manual review is mandatory."
"CANDIDATE_HIGH","Assets/_Project/Scripts/Presentation/Galaxy/RoutePreview/GalaxyRoutePreviewBinder2A.cs","GalaxyRoutePreviewBinder2A","UnityEngine.MonoBehaviour","False","0","","No serialized asset reference and no type-name reference from another C# file. Manual review is mandatory."
"CANDIDATE_HIGH","Assets/_Project/Scripts/Presentation/Interaction/InteractionStatusView2A.cs","InteractionStatusView2A","UnityEngine.MonoBehaviour","False","0","","No serialized asset reference and no type-name reference from another C# file. Manual review is mandatory."
"CANDIDATE_HIGH","Assets/_Project/Scripts/Presentation/Interaction/InteractionTouchButton2A.cs","InteractionTouchButton2A","UnityEngine.MonoBehaviour","False","0","","No serialized asset reference and no type-name reference from another C# file. Manual review is mandatory."
"CANDIDATE_HIGH","Assets/_Project/Scripts/Presentation/Npc/SystemNpcCombatVisualController.cs","SystemNpcCombatVisualController","CustomMonoBehaviour","False","0","","No serialized asset reference and no type-name reference from another C# file. Manual review is mandatory."
"EXCLUDED_EDITOR_OR_TEST","Assets/TutorialInfo/Scripts/Editor/ReadmeEditor.cs","ReadmeEditor","UnityEditor.Editor","False","0","","Editor/test scripts are not classified as unused by this audit."
"EXCLUDED_EDITOR_OR_TEST","Assets/_Project/Editor/Art/Sprint3PlaceholderArtGenerator.cs","Sprint3PlaceholderArtGenerator","System.Object","False","0","","Editor/test scripts are not classified as unused by this audit."
"EXCLUDED_EDITOR_OR_TEST","Assets/_Project/Editor/FindDuplicatePlanetsInStarSystems.cs","FindDuplicatePlanetsInStarSystems","System.Object","False","0","","Editor/test scripts are not classified as unused by this audit."
"EXCLUDED_EDITOR_OR_TEST","Assets/_Project/Editor/FindPlanetConfigById.cs","FindDuplicatePlanetConfigById","System.Object","False","0","","Editor/test scripts are not classified as unused by this audit."
"EXCLUDED_EDITOR_OR_TEST","Assets/_Project/Scripts/Tools/Validation/Editor/ConfigValidatorWindow.cs","ConfigValidatorWindow","UnityEditor.EditorWindow","False","0","","Editor/test scripts are not classified as unused by this audit."
"EXCLUDED_EDITOR_OR_TEST","Assets/_Project/Scripts/Tools/Validation/Editor/ValidationMenu.cs","ValidationMenu","System.Object","False","0","","Editor/test scripts are not classified as unused by this audit."
"EXCLUDED_EDITOR_OR_TEST","Assets/_Project/Scripts/Tools/Validation/Editor/ValidationMenuRunner.cs","ValidationMenuRunner","System.Object","False","1","Assets/_Project/Scripts/Tools/Validation/Editor/ConfigValidatorWindow.cs","Editor/test scripts are not classified as unused by this audit."
"EXCLUDED_EDITOR_OR_TEST","Assets/_Project/Scripts/Tools/Validation/Editor/ValidationRunner.cs","ValidationRunner","System.Object","False","2","Assets/_Project/Scripts/Tools/Validation/Editor/ValidationMenu.cs | Assets/_Project/Scripts/Tools/Validation/Editor/ValidationMenuRunner.cs","Editor/test scripts are not classified as unused by this audit."
"EXCLUDED_EDITOR_OR_TEST","Assets/_Project/Tests/Audit/SceneObjectUsageScanner.cs","StarFrontier.EditorTools.SceneObjectUsageScanner","System.Object","False","0","","Editor/test scripts are not classified as unused by this audit."
"EXCLUDED_EDITOR_OR_TEST","Assets/_Project/Tests/Audit/UnusedProjectScriptScanner.cs","StarFrontier.EditorTools.UnusedProjectScriptScanner","System.Object","False","0","","Editor/test scripts are not classified as unused by this audit."
"EXCLUDED_EDITOR_OR_TEST","Assets/_Project/Tests/EditMode/Sprint1Verification/ConfigAndStateCurrentEditModeTests.cs","StarFrontier.Tests.Sprint1.ConfigAndStateCurrentEditModeTests","System.Object","False","0","","Editor/test scripts are not classified as unused by this audit."
"EXCLUDED_EDITOR_OR_TEST","Assets/_Project/Tests/EditMode/Sprint1Verification/DiagnosticsSecurityCurrentEditModeTests.cs","StarFrontier.Tests.Sprint1.DiagnosticsSecurityCurrentEditModeTests","System.Object","False","0","","Editor/test scripts are not classified as unused by this audit."
"EXCLUDED_EDITOR_OR_TEST","Assets/_Project/Tests/EditMode/Sprint1Verification/SaveMigrationCurrentEditModeTests.cs","StarFrontier.Tests.Sprint1.SaveMigrationCurrentEditModeTests","System.Object","False","0","","Editor/test scripts are not classified as unused by this audit."
"EXCLUDED_EDITOR_OR_TEST","Assets/_Project/Tests/EditMode/Sprint1Verification/SavePipelineStagesCurrentEditModeTests.cs","StarFrontier.Tests.Sprint1.SavePipelineStagesCurrentEditModeTests","System.Object","False","0","","Editor/test scripts are not classified as unused by this audit."
"EXCLUDED_EDITOR_OR_TEST","Assets/_Project/Tests/EditMode/Sprint1Verification/SaveService2ACurrentEditModeTests.cs","StarFrontier.Tests.Sprint1.SaveService2ACurrentEditModeTests","System.Object","False","0","","Editor/test scripts are not classified as unused by this audit."
"EXCLUDED_EDITOR_OR_TEST","Assets/_Project/Tests/EditMode/Sprint1Verification/SceneConfigurationEditModeTests.cs","StarFrontier.Tests.Sprint1.SceneConfigurationEditModeTests","System.Object","False","0","","Editor/test scripts are not classified as unused by this audit."
"EXCLUDED_EDITOR_OR_TEST","Assets/_Project/Tests/EditMode/Sprint1Verification/SceneFlowContractCurrentEditModeTests.cs","StarFrontier.Tests.Sprint1.SceneFlowContractCurrentEditModeTests","System.Object","False","0","","Editor/test scripts are not classified as unused by this audit."
"EXCLUDED_EDITOR_OR_TEST","Assets/_Project/Tests/EditMode/Sprint1Verification/ServiceRegistryEditModeTests.cs","StarFrontier.Tests.Sprint1.ServiceRegistryEditModeTests","System.Object","False","0","","Editor/test scripts are not classified as unused by this audit."
"EXCLUDED_EDITOR_OR_TEST","Assets/_Project/Tests/EditMode/Sprint1Verification/SimpleEventBusEditModeTests.cs","StarFrontier.Tests.Sprint1.SimpleEventBusEditModeTests","System.Object","False","0","","Editor/test scripts are not classified as unused by this audit."
"EXCLUDED_EDITOR_OR_TEST","Assets/_Project/Tests/EditMode/Sprint1Verification/Sprint1CoreArchitectureCurrentEditModeTests.cs","StarFrontier.Tests.Sprint1.Sprint1CoreArchitectureCurrentEditModeTests","System.Object","False","0","","Editor/test scripts are not classified as unused by this audit."
"EXCLUDED_EDITOR_OR_TEST","Assets/_Project/Tests/EditMode/Sprint1Verification/Sprint1CurrentTestEnvironment.cs","StarFrontier.Tests.Sprint1.Sprint1BootstrapFixture","System.Object","False","2","Assets/_Project/Tests/EditMode/Sprint1Verification/ConfigAndStateCurrentEditModeTests.cs | Assets/_Project/Tests/EditMode/Sprint1Verification/SaveService2ACurrentEditModeTests.cs","Editor/test scripts are not classified as unused by this audit."
"EXCLUDED_EDITOR_OR_TEST","Assets/_Project/Tests/EditMode/Sprint1Verification/TickServiceCurrentEditModeTests.cs","StarFrontier.Tests.Sprint1.TickServiceCurrentEditModeTests","System.Object","False","0","","Editor/test scripts are not classified as unused by this audit."
"EXCLUDED_EDITOR_OR_TEST","Assets/_Project/Tests/EditMode/Sprint2Verification/Sprint2GalaxyContentEditModeTests.cs","StarFrontier.Tests.Sprint2.Sprint2GalaxyContentEditModeTests","System.Object","False","0","","Editor/test scripts are not classified as unused by this audit."
"EXCLUDED_EDITOR_OR_TEST","Assets/_Project/Tests/EditMode/Sprint2Verification/Sprint2GalaxyStateRoundTripEditModeTests.cs","StarFrontier.Tests.Sprint2.Sprint2GalaxyStateRoundTripEditModeTests","System.Object","False","0","","Editor/test scripts are not classified as unused by this audit."
"EXCLUDED_EDITOR_OR_TEST","Assets/_Project/Tests/EditMode/Sprint2Verification/Sprint2Reflection.cs","StarFrontier.Tests.Sprint2.Sprint2Reflection","System.Object","False","1","Assets/_Project/Tests/EditMode/Sprint2Verification/Sprint2GalaxyStateRoundTripEditModeTests.cs","Editor/test scripts are not classified as unused by this audit."
"EXCLUDED_EDITOR_OR_TEST","Assets/_Project/Tests/EditMode/Sprint2Verification/Sprint2RouteGraphEditModeTests.cs","StarFrontier.Tests.Sprint2.Sprint2RouteGraphEditModeTests","System.Object","False","0","","Editor/test scripts are not classified as unused by this audit."
"EXCLUDED_EDITOR_OR_TEST","Assets/_Project/Tests/EditMode/Sprint2Verification/Sprint2TestData.cs","StarFrontier.Tests.Sprint2.Sprint2TestData","System.Object","False","2","Assets/_Project/Tests/EditMode/Sprint2Verification/Sprint2GalaxyContentEditModeTests.cs | Assets/_Project/Tests/EditMode/Sprint2Verification/Sprint2RouteGraphEditModeTests.cs","Editor/test scripts are not classified as unused by this audit."
"EXCLUDED_EDITOR_OR_TEST","Assets/_Project/Tests/EditMode/Sprint2Verification/Sprint2TravelContractEditModeTests.cs","StarFrontier.Tests.Sprint2.Sprint2TravelContractEditModeTests","System.Object","False","0","","Editor/test scripts are not classified as unused by this audit."
"EXCLUDED_EDITOR_OR_TEST","Assets/_Project/Tests/EditMode/Sprint3Verification/MetaSceneShipTransformUtility2AEditModeTests.cs","MetaSceneShipTransformUtility2AEditModeTests","System.Object","False","0","","Editor/test scripts are not classified as unused by this audit."
"EXCLUDED_EDITOR_OR_TEST","Assets/_Project/Tests/EditMode/Sprint3Verification/PlayerControlServiceEditModeTests.cs","PlayerControlServiceEditModeTests","System.Object","False","0","","Editor/test scripts are not classified as unused by this audit."
"EXCLUDED_EDITOR_OR_TEST","Assets/_Project/Tests/EditMode/Sprint3Verification/S03_02_BootstrapContractTests.cs","S03_02_BootstrapContractTests","System.Object","False","0","","Editor/test scripts are not classified as unused by this audit."
"EXCLUDED_EDITOR_OR_TEST","Assets/_Project/Tests/EditMode/Sprint3Verification/S03_02_FuelContractTests.cs","S03_02_FuelContractTests","System.Object","False","0","","Editor/test scripts are not classified as unused by this audit."
"EXCLUDED_EDITOR_OR_TEST","Assets/_Project/Tests/EditMode/Sprint3Verification/S03_02_InteractionTests.cs","S03_02_InteractionTests","System.Object","False","0","","Editor/test scripts are not classified as unused by this audit."
"EXCLUDED_EDITOR_OR_TEST","Assets/_Project/Tests/EditMode/Sprint3Verification/S03_02_PresentationStructuralTests.cs","S03_02_PresentationStructuralTests","System.Object","False","0","","Editor/test scripts are not classified as unused by this audit."
"EXCLUDED_EDITOR_OR_TEST","Assets/_Project/Tests/EditMode/Sprint3Verification/S03_02_RouteEndpointAssetTests.cs","S03_02_RouteEndpointAssetTests","System.Object","False","0","","Editor/test scripts are not classified as unused by this audit."
"EXCLUDED_EDITOR_OR_TEST","Assets/_Project/Tests/EditMode/Sprint3Verification/S03_02_SaveContractTests.cs","S03_02_SaveContractTests","System.Object","False","0","","Editor/test scripts are not classified as unused by this audit."
"EXCLUDED_EDITOR_OR_TEST","Assets/_Project/Tests/EditMode/Sprint3Verification/S03_02_TargetTests.cs","S03_02_TargetTests","System.Object","False","0","","Editor/test scripts are not classified as unused by this audit."
"EXCLUDED_EDITOR_OR_TEST","Assets/_Project/Tests/EditMode/Sprint3Verification/S03_02_TravelFuelTests.cs","S03_02_TravelFuelTests","System.Object","False","0","","Editor/test scripts are not classified as unused by this audit."
"EXCLUDED_EDITOR_OR_TEST","Assets/_Project/Tests/EditMode/Sprint3Verification/SaveMigrationEditModeTests.cs","SaveMigrationEditModeTests","System.Object","False","0","","Editor/test scripts are not classified as unused by this audit."
"EXCLUDED_EDITOR_OR_TEST","Assets/_Project/Tests/EditMode/Sprint3Verification/SfTestReflection.cs","SfTestReflection","System.Object","False","8","Assets/_Project/Tests/EditMode/Sprint3Verification/S03_02_BootstrapContractTests.cs | Assets/_Project/Tests/EditMode/Sprint3Verification/S03_02_FuelContractTests.cs | Assets/_Project/Tests/EditMode/Sprint3Verification/S03_02_InteractionTests.cs | Assets/_Project/Tests/EditMode/Sprint3Verification/S03_02_PresentationStructuralTests.cs | Assets/_Project/Tests/EditMode/Sprint3Verification/S03_02_RouteEndpointAssetTests.cs | Assets/_Project/Tests/EditMode/Sprint3Verification/S03_02_SaveContractTests.cs | Assets/_Project/Tests/EditMode/Sprint3Verification/S03_02_TargetTests.cs | Assets/_Project/Tests/EditMode/Sprint3Verification/S03_02_TravelFuelTests.cs","Editor/test scripts are not classified as unused by this audit."
"EXCLUDED_EDITOR_OR_TEST","Assets/_Project/Tests/EditMode/Sprint3Verification/ShipMovementServiceEditModeTests.cs","ShipMovementServiceEditModeTests","System.Object","False","0","","Editor/test scripts are not classified as unused by this audit."
"EXCLUDED_EDITOR_OR_TEST","Assets/_Project/Tests/EditMode/Sprint3Verification/SystemBoundsAndSaveSyncEditModeTests.cs","SystemBoundsAndSaveSyncEditModeTests","System.Object","False","0","","Editor/test scripts are not classified as unused by this audit."
"EXCLUDED_EDITOR_OR_TEST","Assets/_Project/Tests/EditMode/Sprint3Verification/SystemGameplayStateServiceEditModeTests.cs","SystemGameplayStateServiceEditModeTests","System.Object","False","0","","Editor/test scripts are not classified as unused by this audit."
"EXCLUDED_EDITOR_OR_TEST","Assets/_Project/Tests/EditMode/Sprint3Verification/TargetService2AEditModeTests.cs","TargetService2AEditModeTests","System.Object","False","0","","Editor/test scripts are not classified as unused by this audit."
"EXCLUDED_EDITOR_OR_TEST","Assets/_Project/Tests/EditMode/SystemScene/SystemSceneRoot2AEditModeTests.cs","SystemSceneRoot2AEditModeTests","System.Object","False","0","","Editor/test scripts are not classified as unused by this audit."
"EXCLUDED_EDITOR_OR_TEST","Assets/_Project/Tests/Manual/Editor/RouteEndpointValidator2A.cs","RouteEndpointValidator2A","System.Object","False","1","Assets/_Project/Tests/EditMode/Sprint3Verification/S03_02_RouteEndpointAssetTests.cs","Editor/test scripts are not classified as unused by this audit."
"EXCLUDED_EDITOR_OR_TEST","Assets/_Project/Tests/Manual/Editor/S03FrameRateTestWindow.cs","S03FrameRateTestWindow","UnityEditor.EditorWindow","False","0","","Editor/test scripts are not classified as unused by this audit."
"REVIEW_SPECIAL_ENTRY_POINT","Assets/_Project/Scripts/Data/Configs/EncounterConfig.cs","EncounterConfig","BaseConfig","False","0","","No normal references found, but the source contains a Unity/editor entry-point attribute or interface."
"REVIEW_SPECIAL_ENTRY_POINT","Assets/_Project/Scripts/Data/Configs/FuelConfig.cs","FuelConfig","UnityEngine.ScriptableObject","False","0","","No normal references found, but the source contains a Unity/editor entry-point attribute or interface."
"REVIEW_SPECIAL_ENTRY_POINT","Assets/_Project/Scripts/Diagnostics/LegacyReferenceAudit.cs","LegacyReferenceAudit","System.Object","False","0","","No normal references found, but the source contains a Unity/editor entry-point attribute or interface."
"TYPE_NOT_RESOLVED","Assets/_Project/Scripts/Core/Services/Simulation/ISimulationClockService.cs","","","False","0","","MonoScript.GetClass returned null. Check filename/class-name mismatch, compile errors, multiple classes or unsupported script type."
"TYPE_NOT_RESOLVED","Assets/_Project/Scripts/Core/Services/Simulation/SimulationClockService.cs","","","False","0","","MonoScript.GetClass returned null. Check filename/class-name mismatch, compile errors, multiple classes or unsupported script type."
"TYPE_NOT_RESOLVED","Assets/_Project/Scripts/Core/Services/Targeting/TargetSelectionFailReason2A.cs","","","False","0","","MonoScript.GetClass returned null. Check filename/class-name mismatch, compile errors, multiple classes or unsupported script type."
"TYPE_NOT_RESOLVED","Assets/_Project/Scripts/Data/Domain/Fuel/FuelConsumeFailReason.cs","","","False","0","","MonoScript.GetClass returned null. Check filename/class-name mismatch, compile errors, multiple classes or unsupported script type."
"TYPE_NOT_RESOLVED","Assets/_Project/Scripts/Data/Domain/Interaction/InteractionFailReason2A.cs","","","False","0","","MonoScript.GetClass returned null. Check filename/class-name mismatch, compile errors, multiple classes or unsupported script type."
"TYPE_NOT_RESOLVED","Assets/_Project/Scripts/Data/Domain/Repair/RepairResultType.cs","","","False","0","","MonoScript.GetClass returned null. Check filename/class-name mismatch, compile errors, multiple classes or unsupported script type."
"TYPE_NOT_RESOLVED","Assets/_Project/Scripts/Data/Domain/Runtime/SystemGameplayTargetType.cs","","","False","0","","MonoScript.GetClass returned null. Check filename/class-name mismatch, compile errors, multiple classes or unsupported script type."
"TYPE_NOT_RESOLVED","Assets/_Project/Scripts/Data/Enums/Combat/CombatShooterType.cs","","","False","0","","MonoScript.GetClass returned null. Check filename/class-name mismatch, compile errors, multiple classes or unsupported script type."
"TYPE_NOT_RESOLVED","Assets/_Project/Scripts/Data/Enums/Combat/SystemEncounterDefeatReason.cs","","","False","0","","MonoScript.GetClass returned null. Check filename/class-name mismatch, compile errors, multiple classes or unsupported script type."
"TYPE_NOT_RESOLVED","Assets/_Project/Scripts/Data/Enums/Combat/SystemEncounterState.cs","","","False","0","","MonoScript.GetClass returned null. Check filename/class-name mismatch, compile errors, multiple classes or unsupported script type."
"TYPE_NOT_RESOLVED","Assets/_Project/Scripts/Data/Enums/DamageType.cs","","","False","0","","MonoScript.GetClass returned null. Check filename/class-name mismatch, compile errors, multiple classes or unsupported script type."
"TYPE_NOT_RESOLVED","Assets/_Project/Scripts/Data/Enums/Economy/BuyItemResultType.cs","","","False","0","","MonoScript.GetClass returned null. Check filename/class-name mismatch, compile errors, multiple classes or unsupported script type."
"TYPE_NOT_RESOLVED","Assets/_Project/Scripts/Data/Enums/Economy/EconomyErrorCode.cs","","","False","0","","MonoScript.GetClass returned null. Check filename/class-name mismatch, compile errors, multiple classes or unsupported script type."
"TYPE_NOT_RESOLVED","Assets/_Project/Scripts/Data/Enums/Economy/EconomyType.cs","","","False","0","","MonoScript.GetClass returned null. Check filename/class-name mismatch, compile errors, multiple classes or unsupported script type."
"TYPE_NOT_RESOLVED","Assets/_Project/Scripts/Data/Enums/Economy/SellItemResultType.cs","","","False","0","","MonoScript.GetClass returned null. Check filename/class-name mismatch, compile errors, multiple classes or unsupported script type."
"TYPE_NOT_RESOLVED","Assets/_Project/Scripts/Data/Enums/Enemy/EnemyArchetype.cs","","","False","0","","MonoScript.GetClass returned null. Check filename/class-name mismatch, compile errors, multiple classes or unsupported script type."
"TYPE_NOT_RESOLVED","Assets/_Project/Scripts/Data/Enums/Enemy/EnemyMovementMode.cs","","","False","0","","MonoScript.GetClass returned null. Check filename/class-name mismatch, compile errors, multiple classes or unsupported script type."
"TYPE_NOT_RESOLVED","Assets/_Project/Scripts/Data/Enums/Fuel/RefuelResultType.cs","","","False","0","","MonoScript.GetClass returned null. Check filename/class-name mismatch, compile errors, multiple classes or unsupported script type."
"TYPE_NOT_RESOLVED","Assets/_Project/Scripts/Data/Enums/Hangar/HangarError.cs","","","False","0","","MonoScript.GetClass returned null. Check filename/class-name mismatch, compile errors, multiple classes or unsupported script type."
"TYPE_NOT_RESOLVED","Assets/_Project/Scripts/Data/Enums/ItemCategory.cs","","","False","0","","MonoScript.GetClass returned null. Check filename/class-name mismatch, compile errors, multiple classes or unsupported script type."
"TYPE_NOT_RESOLVED","Assets/_Project/Scripts/Data/Enums/ItemRarity.cs","","","False","0","","MonoScript.GetClass returned null. Check filename/class-name mismatch, compile errors, multiple classes or unsupported script type."
"TYPE_NOT_RESOLVED","Assets/_Project/Scripts/Data/Enums/Market/MarketSpecializationType.cs","","","False","0","","MonoScript.GetClass returned null. Check filename/class-name mismatch, compile errors, multiple classes or unsupported script type."
"TYPE_NOT_RESOLVED","Assets/_Project/Scripts/Data/Enums/Mission/MissionDifficultyBand.cs","","","False","0","","MonoScript.GetClass returned null. Check filename/class-name mismatch, compile errors, multiple classes or unsupported script type."
"TYPE_NOT_RESOLVED","Assets/_Project/Scripts/Data/Enums/Mission/MissionStatus.cs","","","False","0","","MonoScript.GetClass returned null. Check filename/class-name mismatch, compile errors, multiple classes or unsupported script type."
"TYPE_NOT_RESOLVED","Assets/_Project/Scripts/Data/Enums/Mission/MissionTag.cs","","","False","0","","MonoScript.GetClass returned null. Check filename/class-name mismatch, compile errors, multiple classes or unsupported script type."
"TYPE_NOT_RESOLVED","Assets/_Project/Scripts/Data/Enums/Mission/MissionType.cs","","","False","0","","MonoScript.GetClass returned null. Check filename/class-name mismatch, compile errors, multiple classes or unsupported script type."
"TYPE_NOT_RESOLVED","Assets/_Project/Scripts/Data/Enums/Module/ModuleActivationType.cs","","","False","0","","MonoScript.GetClass returned null. Check filename/class-name mismatch, compile errors, multiple classes or unsupported script type."
"TYPE_NOT_RESOLVED","Assets/_Project/Scripts/Data/Enums/Module/ModuleActiveEffectType.cs","","","False","0","","MonoScript.GetClass returned null. Check filename/class-name mismatch, compile errors, multiple classes or unsupported script type."
"TYPE_NOT_RESOLVED","Assets/_Project/Scripts/Data/Enums/Module/ModuleSlotType.cs","","","False","0","","MonoScript.GetClass returned null. Check filename/class-name mismatch, compile errors, multiple classes or unsupported script type."
"TYPE_NOT_RESOLVED","Assets/_Project/Scripts/Data/Enums/Module/ModuleStatType.cs","","","False","0","","MonoScript.GetClass returned null. Check filename/class-name mismatch, compile errors, multiple classes or unsupported script type."
"TYPE_NOT_RESOLVED","Assets/_Project/Scripts/Data/Enums/Module/ModuleType.cs","","","False","0","","MonoScript.GetClass returned null. Check filename/class-name mismatch, compile errors, multiple classes or unsupported script type."
"TYPE_NOT_RESOLVED","Assets/_Project/Scripts/Data/Enums/Npc/CombatTargetType.cs","","","False","0","","MonoScript.GetClass returned null. Check filename/class-name mismatch, compile errors, multiple classes or unsupported script type."
"TYPE_NOT_RESOLVED","Assets/_Project/Scripts/Data/Enums/Npc/SystemNpcBehaviorType.cs","","","False","0","","MonoScript.GetClass returned null. Check filename/class-name mismatch, compile errors, multiple classes or unsupported script type."
"TYPE_NOT_RESOLVED","Assets/_Project/Scripts/Data/Enums/Npc/SystemNpcCombatState.cs","","","False","0","","MonoScript.GetClass returned null. Check filename/class-name mismatch, compile errors, multiple classes or unsupported script type."
"TYPE_NOT_RESOLVED","Assets/_Project/Scripts/Data/Enums/Npc/SystemNpcLifeState.cs","","","False","0","","MonoScript.GetClass returned null. Check filename/class-name mismatch, compile errors, multiple classes or unsupported script type."
"TYPE_NOT_RESOLVED","Assets/_Project/Scripts/Data/Enums/Npc/SystemNpcTravelState.cs","","","False","0","","MonoScript.GetClass returned null. Check filename/class-name mismatch, compile errors, multiple classes or unsupported script type."
"TYPE_NOT_RESOLVED","Assets/_Project/Scripts/Data/Enums/Npc/SystemNpcType.cs","","","False","0","","MonoScript.GetClass returned null. Check filename/class-name mismatch, compile errors, multiple classes or unsupported script type."
"TYPE_NOT_RESOLVED","Assets/_Project/Scripts/Data/Enums/PlanetType.cs","","","False","0","","MonoScript.GetClass returned null. Check filename/class-name mismatch, compile errors, multiple classes or unsupported script type."
"TYPE_NOT_RESOLVED","Assets/_Project/Scripts/Data/Enums/Save/SavedCombatSafetyState.cs","","","False","0","","MonoScript.GetClass returned null. Check filename/class-name mismatch, compile errors, multiple classes or unsupported script type."
"TYPE_NOT_RESOLVED","Assets/_Project/Scripts/Data/Enums/Save/SavedMetaScreen.cs","","","False","0","","MonoScript.GetClass returned null. Check filename/class-name mismatch, compile errors, multiple classes or unsupported script type."
"TYPE_NOT_RESOLVED","Assets/_Project/Scripts/Data/Enums/Save/SavedMissionStatus.cs","","","False","0","","MonoScript.GetClass returned null. Check filename/class-name mismatch, compile errors, multiple classes or unsupported script type."
"TYPE_NOT_RESOLVED","Assets/_Project/Scripts/Data/Enums/Save/SavedTravelStatus.cs","","","False","0","","MonoScript.GetClass returned null. Check filename/class-name mismatch, compile errors, multiple classes or unsupported script type."
"TYPE_NOT_RESOLVED","Assets/_Project/Scripts/Data/Enums/ShipClass.cs","","","False","0","","MonoScript.GetClass returned null. Check filename/class-name mismatch, compile errors, multiple classes or unsupported script type."
"TYPE_NOT_RESOLVED","Assets/_Project/Scripts/Data/Enums/ShipStatType.cs","","","False","0","","MonoScript.GetClass returned null. Check filename/class-name mismatch, compile errors, multiple classes or unsupported script type."
"TYPE_NOT_RESOLVED","Assets/_Project/Scripts/Data/Enums/Simulation/SimulationState.cs","","","False","0","","MonoScript.GetClass returned null. Check filename/class-name mismatch, compile errors, multiple classes or unsupported script type."
"TYPE_NOT_RESOLVED","Assets/_Project/Scripts/Data/Enums/StationType.cs","","","False","0","","MonoScript.GetClass returned null. Check filename/class-name mismatch, compile errors, multiple classes or unsupported script type."
"TYPE_NOT_RESOLVED","Assets/_Project/Scripts/Data/Enums/StatModifierType.cs","","","False","0","","MonoScript.GetClass returned null. Check filename/class-name mismatch, compile errors, multiple classes or unsupported script type."
"TYPE_NOT_RESOLVED","Assets/_Project/Scripts/Data/Enums/SystemEconomyType.cs","","","False","0","","MonoScript.GetClass returned null. Check filename/class-name mismatch, compile errors, multiple classes or unsupported script type."
"TYPE_NOT_RESOLVED","Assets/_Project/Scripts/Data/Enums/Travel/SystemTravelStatus.cs","","","False","0","","MonoScript.GetClass returned null. Check filename/class-name mismatch, compile errors, multiple classes or unsupported script type."
"TYPE_NOT_RESOLVED","Assets/_Project/Scripts/Data/Enums/Travel/TravelDestinationType.cs","","","False","0","","MonoScript.GetClass returned null. Check filename/class-name mismatch, compile errors, multiple classes or unsupported script type."
"TYPE_NOT_RESOLVED","Assets/_Project/Scripts/Data/Enums/Travel/TravelFailReason.cs","","","False","0","","MonoScript.GetClass returned null. Check filename/class-name mismatch, compile errors, multiple classes or unsupported script type."
"TYPE_NOT_RESOLVED","Assets/_Project/Scripts/Data/Enums/Weapon/WeaponDamageType.cs","","","False","0","","MonoScript.GetClass returned null. Check filename/class-name mismatch, compile errors, multiple classes or unsupported script type."
"TYPE_NOT_RESOLVED","Assets/_Project/Scripts/Data/Enums/Weapon/WeaponTargetingMode.cs","","","False","0","","MonoScript.GetClass returned null. Check filename/class-name mismatch, compile errors, multiple classes or unsupported script type."
"TYPE_NOT_RESOLVED","Assets/_Project/Scripts/Data/Enums/Weapon/WeaponType.cs","","","False","0","","MonoScript.GetClass returned null. Check filename/class-name mismatch, compile errors, multiple classes or unsupported script type."
"TYPE_NOT_RESOLVED","Assets/_Project/Scripts/Presentation/Galaxy/Route/GalaxyMapRouteVisualState.cs","","","False","0","","MonoScript.GetClass returned null. Check filename/class-name mismatch, compile errors, multiple classes or unsupported script type."
"TYPE_NOT_RESOLVED","Assets/_Project/Scripts/Tools/Validation/ValidationSeverity.cs","","","False","0","","MonoScript.GetClass returned null. Check filename/class-name mismatch, compile errors, multiple classes or unsupported script type."
"TYPE_NOT_RESOLVED","Assets/_Project/Scripts/Tools/Validation/Validators/IConfigValidator.cs","","","False","0","","MonoScript.GetClass returned null. Check filename/class-name mismatch, compile errors, multiple classes or unsupported script type."
"USED_CODE_ONLY","Assets/_Project/Scripts/Core/Custom/CustomMonoBehaviour.cs","CustomMonoBehaviour","UnityEngine.MonoBehaviour","False","40","Assets/_Project/Scripts/Core/Bootstrap/Bootstrapper.cs | Assets/_Project/Scripts/Presentation/Combat/EnemySystemMapEntity.cs | Assets/_Project/Scripts/Presentation/Combat/SystemEncounter/GovernmentRewardClaimButtonController.cs | Assets/_Project/Scripts/Presentation/Galaxy/Background/GalaxyMapBackgroundClickHandler.cs | Assets/_Project/Scripts/Presentation/Galaxy/BottomPanel/GalaxySystemInfoPanel2A.cs | Assets/_Project/Scripts/Presentation/Galaxy/GalaxySceneController.cs | Assets/_Project/Scripts/Presentation/Galaxy/Route/GalaxyMapRoutesBuilder2A.cs | Assets/_Project/Scripts/Presentation/Galaxy/Sector/GalaxyMapSectorBuilder.cs | Assets/_Project/Scripts/Presentation/Galaxy/Sector/GalaxySectorNodeView2A.cs | Assets/_Project/Scripts/Presentation/Galaxy/System/GalaxyMapSystemBuilder.cs | Assets/_Project/Scripts/Presentation/Galaxy/System/StarSystemNodeView2A.cs | Assets/_Project/Scripts/Presentation/Government/PlanetGovernmentMissionPresenter.cs | Assets/_Project/Scripts/Presentation/Market/MarketScreenController.cs | Assets/_Project/Scripts/Presentation/Mission/MissionScreenController.cs | Assets/_Project/Scripts/Presentation/Npc/GalaxyNpcCombatVisualController.cs | Assets/_Project/Scripts/Presentation/Npc/SystemNpcCombatVisualController.cs | Assets/_Project/Scripts/Presentation/Npc/SystemNpcView.cs | Assets/_Project/Scripts/Presentation/Npc/SystemNpcViewBinder.cs | Assets/_Project/Scripts/Presentation/Planet/PlanetController.cs | Assets/_Project/Scripts/Presentation/Planet/PlanetNodeView2.cs","Not serialized in project assets, but referenced by C# source."
"USED_CODE_ONLY","Assets/_Project/Scripts/Core/Diagnostics/Developer/DeveloperModeGate.cs","DeveloperModeGate","System.Object","False","1","Assets/_Project/Scripts/Presentation/Diagnostics/DebugHudController.cs","Not serialized in project assets, but referenced by C# source."
"USED_CODE_ONLY","Assets/_Project/Scripts/Core/Diagnostics/Logging/AppLog.cs","AppLog","System.Object","False","4","Assets/_Project/Scripts/Core/Services/Config/ConfigService.cs | Assets/_Project/Scripts/Core/Services/Save/SaveService2A.cs | Assets/_Project/Scripts/Core/Services/Scenes/SceneService.cs | Assets/_Project/Scripts/Core/StateMachine/BootstrapState.cs","Not serialized in project assets, but referenced by C# source."
"USED_CODE_ONLY","Assets/_Project/Scripts/Core/Diagnostics/Logging/IAppLogService.cs","IAppLogService","","False","2","Assets/_Project/Scripts/Core/Diagnostics/Logging/AppLog.cs | Assets/_Project/Scripts/Core/Diagnostics/Logging/UnityLogService.cs","Not serialized in project assets, but referenced by C# source."
"USED_CODE_ONLY","Assets/_Project/Scripts/Core/Diagnostics/Logging/UnityLogService.cs","UnityLogService","System.Object","False","1","Assets/_Project/Scripts/Core/Diagnostics/Logging/AppLog.cs","Not serialized in project assets, but referenced by C# source."
"USED_CODE_ONLY","Assets/_Project/Scripts/Core/Diagnostics/Reports/DiagnosticReport.cs","DiagnosticReport","System.Object","False","1","Assets/_Project/Tests/EditMode/Sprint1Verification/DiagnosticsSecurityCurrentEditModeTests.cs","Not serialized in project assets, but referenced by C# source."
"USED_CODE_ONLY","Assets/_Project/Scripts/Core/Services/Combat/DebugGovernmentRewardPayoutService.cs","DebugGovernmentRewardPayoutService","System.Object","False","1","Assets/_Project/Scripts/Core/Bootstrap/Bootstrapper.cs","Not serialized in project assets, but referenced by C# source."
"USED_CODE_ONLY","Assets/_Project/Scripts/Core/Services/Combat/GovernmentRewardService.cs","GovernmentRewardService","CustomService","False","1","Assets/_Project/Scripts/Core/Bootstrap/Bootstrapper.cs","Not serialized in project assets, but referenced by C# source."
"USED_CODE_ONLY","Assets/_Project/Scripts/Core/Services/Combat/IGovernmentRewardPayoutService.cs","IGovernmentRewardPayoutService","","False","3","Assets/_Project/Scripts/Core/Bootstrap/Bootstrapper.cs | Assets/_Project/Scripts/Core/Services/Combat/DebugGovernmentRewardPayoutService.cs | Assets/_Project/Scripts/Core/Services/Combat/GovernmentRewardService.cs","Not serialized in project assets, but referenced by C# source."
"USED_CODE_ONLY","Assets/_Project/Scripts/Core/Services/Combat/IGovernmentRewardService.cs","IGovernmentRewardService","","False","3","Assets/_Project/Scripts/Core/Bootstrap/Bootstrapper.cs | Assets/_Project/Scripts/Core/Services/Combat/GovernmentRewardService.cs | Assets/_Project/Scripts/Presentation/Combat/SystemEncounter/GovernmentRewardClaimButtonController.cs","Not serialized in project assets, but referenced by C# source."
"USED_CODE_ONLY","Assets/_Project/Scripts/Core/Services/Combat/IPlayerAttackService.cs","IPlayerAttackService","","False","3","Assets/_Project/Scripts/Core/Bootstrap/Bootstrapper.cs | Assets/_Project/Scripts/Core/Services/Combat/PlayerAttackService.cs | Assets/_Project/Scripts/Presentation/Npc/SystemNpcView.cs","Not serialized in project assets, but referenced by C# source."
"USED_CODE_ONLY","Assets/_Project/Scripts/Core/Services/Combat/IPlayerCombatTargetService.cs","IPlayerCombatTargetService","","False","4","Assets/_Project/Scripts/Core/Bootstrap/Bootstrapper.cs | Assets/_Project/Scripts/Core/Services/Combat/PlayerCombatTargetService.cs | Assets/_Project/Scripts/Core/Services/Npc/SystemNpcCombatService.cs | Assets/_Project/Scripts/Core/Services/Npc/SystemNpcMovementRouteService.cs","Not serialized in project assets, but referenced by C# source."
"USED_CODE_ONLY","Assets/_Project/Scripts/Core/Services/Combat/ISystemAllyService.cs","ISystemAllyService","","False","6","Assets/_Project/Scripts/Core/Bootstrap/Bootstrapper.cs | Assets/_Project/Scripts/Core/Services/Combat/SystemAllyService.cs | Assets/_Project/Scripts/Core/Services/Combat/SystemEncounterSaveService.cs | Assets/_Project/Scripts/Presentation/Combat/Ally/AllySystemMapEntity.cs | Assets/_Project/Scripts/Presentation/Combat/SystemEncounter/SystemEncounterRestoreController.cs | Assets/_Project/Scripts/Presentation/Combat/SystemEncounter/SystemEncounterSpawner.cs","Not serialized in project assets, but referenced by C# source."
"USED_CODE_ONLY","Assets/_Project/Scripts/Core/Services/Combat/ISystemEncounterSaveService.cs","ISystemEncounterSaveService","","False","5","Assets/_Project/Scripts/Core/Bootstrap/Bootstrapper.cs | Assets/_Project/Scripts/Core/Services/Combat/SystemEncounterSaveService.cs | Assets/_Project/Scripts/Core/Services/Save/SaveService2A.cs | Assets/_Project/Tests/EditMode/Sprint1Verification/SaveService2ACurrentEditModeTests.cs | Assets/_Project/Tests/EditMode/Sprint1Verification/Sprint1CurrentTestEnvironment.cs","Not serialized in project assets, but referenced by C# source."
"USED_CODE_ONLY","Assets/_Project/Scripts/Core/Services/Combat/ISystemEncounterService.cs","ISystemEncounterService","","False","8","Assets/_Project/Scripts/Core/Bootstrap/Bootstrapper.cs | Assets/_Project/Scripts/Core/Services/Combat/GovernmentRewardService.cs | Assets/_Project/Scripts/Core/Services/Combat/SystemAllyService.cs | Assets/_Project/Scripts/Core/Services/Combat/SystemEncounterSaveService.cs | Assets/_Project/Scripts/Core/Services/Combat/SystemEncounterService.cs | Assets/_Project/Scripts/Core/Services/Enemy/SystemEnemyService.cs | Assets/_Project/Scripts/Presentation/Combat/Player/PlayerCombatEntity.cs | Assets/_Project/Scripts/Presentation/Combat/SystemEncounter/SystemEncounterSpawner.cs","Not serialized in project assets, but referenced by C# source."
"USED_CODE_ONLY","Assets/_Project/Scripts/Core/Services/Combat/PlayerAttackService.cs","PlayerAttackService","CustomService","False","1","Assets/_Project/Scripts/Core/Bootstrap/Bootstrapper.cs","Not serialized in project assets, but referenced by C# source."
"USED_CODE_ONLY","Assets/_Project/Scripts/Core/Services/Combat/PlayerCombatTargetService.cs","PlayerCombatTargetService","CustomService","False","1","Assets/_Project/Scripts/Core/Bootstrap/Bootstrapper.cs","Not serialized in project assets, but referenced by C# source."
"USED_CODE_ONLY","Assets/_Project/Scripts/Core/Services/Combat/SystemAllyService.cs","SystemAllyService","System.Object","False","1","Assets/_Project/Scripts/Core/Bootstrap/Bootstrapper.cs","Not serialized in project assets, but referenced by C# source."
"USED_CODE_ONLY","Assets/_Project/Scripts/Core/Services/Combat/SystemEncounterSaveService.cs","SystemEncounterSaveService","CustomService","False","1","Assets/_Project/Scripts/Core/Bootstrap/Bootstrapper.cs","Not serialized in project assets, but referenced by C# source."
"USED_CODE_ONLY","Assets/_Project/Scripts/Core/Services/Combat/SystemEncounterService.cs","SystemEncounterService","CustomService","False","1","Assets/_Project/Scripts/Core/Bootstrap/Bootstrapper.cs","Not serialized in project assets, but referenced by C# source."
"USED_CODE_ONLY","Assets/_Project/Scripts/Core/Services/Config/ConfigService.cs","ConfigService","System.Object","False","4","Assets/_Project/Scripts/Core/Bootstrap/Bootstrapper.cs | Assets/_Project/Tests/EditMode/Sprint1Verification/ConfigAndStateCurrentEditModeTests.cs | Assets/_Project/Tests/EditMode/Sprint1Verification/DiagnosticsSecurityCurrentEditModeTests.cs | Assets/_Project/Tests/EditMode/Sprint1Verification/Sprint1CoreArchitectureCurrentEditModeTests.cs","Not serialized in project assets, but referenced by C# source."
"USED_CODE_ONLY","Assets/_Project/Scripts/Core/Services/Config/IConfigService.cs","IConfigService","","False","46","Assets/_Project/Scripts/Core/Bootstrap/Bootstrapper.cs | Assets/_Project/Scripts/Core/Services/Combat/SystemEncounterSaveService.cs | Assets/_Project/Scripts/Core/Services/Config/ConfigService.cs | Assets/_Project/Scripts/Core/Services/Economy/EconomyService.cs | Assets/_Project/Scripts/Core/Services/Fuel/RefuelAvailabilityProvider.cs | Assets/_Project/Scripts/Core/Services/Game/NewGameFactory.cs | Assets/_Project/Scripts/Core/Services/Hangar/HangarService.cs | Assets/_Project/Scripts/Core/Services/Interaction/InteractionService2A.cs | Assets/_Project/Scripts/Core/Services/Inventory/InventoryService.cs | Assets/_Project/Scripts/Core/Services/Market/CurrentMarketItemsProvider.cs | Assets/_Project/Scripts/Core/Services/Market/PlanetMarketPriceProvider.cs | Assets/_Project/Scripts/Core/Services/MarketTransaction/MarketTransactionService.cs | Assets/_Project/Scripts/Core/Services/Mission/MissionService.cs | Assets/_Project/Scripts/Core/Services/Npc/Galaxy/GalaxyNpcBehaviorService.cs | Assets/_Project/Scripts/Core/Services/Npc/Galaxy/GalaxyNpcCombatService.cs | Assets/_Project/Scripts/Core/Services/Npc/Galaxy/GalaxyNpcMovementService.cs | Assets/_Project/Scripts/Core/Services/Npc/Galaxy/GalaxyPopulationService.cs | Assets/_Project/Scripts/Core/Services/Npc/SystemNpcBehaviorService.cs | Assets/_Project/Scripts/Core/Services/Npc/SystemNpcCombatService.cs | Assets/_Project/Scripts/Core/Services/Npc/SystemNpcMovementRouteService.cs","Not serialized in project assets, but referenced by C# source."
"USED_CODE_ONLY","Assets/_Project/Scripts/Core/Services/CustomService.cs","CustomService","System.Object","False","34","Assets/_Project/Scripts/Core/Services/Combat/GovernmentRewardService.cs | Assets/_Project/Scripts/Core/Services/Combat/PlayerAttackService.cs | Assets/_Project/Scripts/Core/Services/Combat/PlayerCombatTargetService.cs | Assets/_Project/Scripts/Core/Services/Combat/SystemEncounterSaveService.cs | Assets/_Project/Scripts/Core/Services/Combat/SystemEncounterService.cs | Assets/_Project/Scripts/Core/Services/Economy/EconomyService.cs | Assets/_Project/Scripts/Core/Services/Enemy/SystemEnemyService.cs | Assets/_Project/Scripts/Core/Services/Galaxy/GalaxyDiscoveryService.cs | Assets/_Project/Scripts/Core/Services/Game/ContinueGameService.cs | Assets/_Project/Scripts/Core/Services/Game/NewGameService.cs | Assets/_Project/Scripts/Core/Services/Mission/MissionService.cs | Assets/_Project/Scripts/Core/Services/Mission/MissionTracker.cs | Assets/_Project/Scripts/Core/Services/Mission/PlanetMissionOfferGenerator.cs | Assets/_Project/Scripts/Core/Services/Npc/Galaxy/GalaxyNpcBehaviorService.cs | Assets/_Project/Scripts/Core/Services/Npc/Galaxy/GalaxyNpcCombatService.cs | Assets/_Project/Scripts/Core/Services/Npc/Galaxy/GalaxyNpcMovementService.cs | Assets/_Project/Scripts/Core/Services/Npc/Galaxy/GalaxyPopulationService.cs | Assets/_Project/Scripts/Core/Services/Npc/SystemNpcBehaviorService.cs | Assets/_Project/Scripts/Core/Services/Npc/SystemNpcCombatService.cs | Assets/_Project/Scripts/Core/Services/Npc/SystemNpcMovementRouteService.cs","Not serialized in project assets, but referenced by C# source."
"USED_CODE_ONLY","Assets/_Project/Scripts/Core/Services/Economy/EconomyService.cs","EconomyService","CustomService","False","2","Assets/_Project/Scripts/Core/Bootstrap/Bootstrapper.cs | Assets/_Project/Scripts/Presentation/Market/MarketScreenController.cs","Not serialized in project assets, but referenced by C# source."
"USED_CODE_ONLY","Assets/_Project/Scripts/Core/Services/Economy/IEconomyService.cs","IEconomyService","","False","6","Assets/_Project/Scripts/Core/Bootstrap/Bootstrapper.cs | Assets/_Project/Scripts/Core/Services/Economy/EconomyService.cs | Assets/_Project/Scripts/Core/Services/MarketTransaction/MarketTransactionService.cs | Assets/_Project/Scripts/Presentation/MainMenu/MainMenuController.cs | Assets/_Project/Scripts/Presentation/Market/MarketItemRowView.cs | Assets/_Project/Scripts/Presentation/Market/MarketScreenController.cs","Not serialized in project assets, but referenced by C# source."
"USED_CODE_ONLY","Assets/_Project/Scripts/Core/Services/Enemy/ISystemEnemyService.cs","ISystemEnemyService","","False","8","Assets/_Project/Scripts/Core/Bootstrap/Bootstrapper.cs | Assets/_Project/Scripts/Core/Services/Combat/GovernmentRewardService.cs | Assets/_Project/Scripts/Core/Services/Combat/SystemEncounterSaveService.cs | Assets/_Project/Scripts/Core/Services/Enemy/SystemEnemyService.cs | Assets/_Project/Scripts/Presentation/Combat/Ally/AllyWeaponController.cs | Assets/_Project/Scripts/Presentation/Combat/EnemySystemMapEntity.cs | Assets/_Project/Scripts/Presentation/Combat/SystemEncounter/SystemEncounterRestoreController.cs | Assets/_Project/Scripts/Presentation/Combat/SystemEncounter/SystemEncounterSpawner.cs","Not serialized in project assets, but referenced by C# source."
"USED_CODE_ONLY","Assets/_Project/Scripts/Core/Services/Enemy/SystemEnemyService.cs","SystemEnemyService","CustomService","False","1","Assets/_Project/Scripts/Core/Bootstrap/Bootstrapper.cs","Not serialized in project assets, but referenced by C# source."
"USED_CODE_ONLY","Assets/_Project/Scripts/Core/Services/Fuel/IRefuelAvailabilityProvider.cs","IRefuelAvailabilityProvider","","False","3","Assets/_Project/Scripts/Core/Services/Fuel/RefuelAvailabilityProvider.cs | Assets/_Project/Scripts/Core/Services/Fuel/RefuelService.cs | Assets/_Project/Tests/EditMode/Sprint3Verification/S03_02_FuelContractTests.cs","Not serialized in project assets, but referenced by C# source."
"USED_CODE_ONLY","Assets/_Project/Scripts/Core/Services/Fuel/IRefuelCostProvider.cs","IRefuelCostProvider","","False","3","Assets/_Project/Scripts/Core/Services/Fuel/RefuelCostProvider.cs | Assets/_Project/Scripts/Core/Services/Fuel/RefuelService.cs | Assets/_Project/Tests/EditMode/Sprint3Verification/S03_02_FuelContractTests.cs","Not serialized in project assets, but referenced by C# source."
"USED_CODE_ONLY","Assets/_Project/Scripts/Core/Services/Fuel/IRefuelService.cs","IRefuelService","","False","9","Assets/_Project/Scripts/Core/Bootstrap/Bootstrapper.cs | Assets/_Project/Scripts/Core/Services/Fuel/RefuelService.cs | Assets/_Project/Scripts/Core/Services/Travel/TravelService2A.cs | Assets/_Project/Scripts/Presentation/Fuel/RefuelPanelController.cs | Assets/_Project/Scripts/Presentation/Planet/PlanetController.cs | Assets/_Project/Tests/EditMode/Sprint3Verification/S03_02_BootstrapContractTests.cs | Assets/_Project/Tests/EditMode/Sprint3Verification/S03_02_FuelContractTests.cs | Assets/_Project/Tests/EditMode/Sprint3Verification/S03_02_TravelFuelTests.cs | Assets/_Project/Tests/EditMode/Sprint3Verification/SfTestReflection.cs","Not serialized in project assets, but referenced by C# source."
"USED_CODE_ONLY","Assets/_Project/Scripts/Core/Services/Fuel/RefuelAvailabilityProvider.cs","PlanetRefuelAvailabilityProvider","System.Object","False","1","Assets/_Project/Scripts/Core/Services/Fuel/RefuelService.cs","Not serialized in project assets, but referenced by C# source."
"USED_CODE_ONLY","Assets/_Project/Scripts/Core/Services/Fuel/RefuelCostProvider.cs","RefuelCostProvider","System.Object","False","1","Assets/_Project/Scripts/Core/Services/Fuel/RefuelService.cs","Not serialized in project assets, but referenced by C# source."
"USED_CODE_ONLY","Assets/_Project/Scripts/Core/Services/Fuel/RefuelService.cs","RefuelService","System.Object","False","4","Assets/_Project/Scripts/Core/Bootstrap/Bootstrapper.cs | Assets/_Project/Tests/EditMode/Sprint3Verification/S03_02_BootstrapContractTests.cs | Assets/_Project/Tests/EditMode/Sprint3Verification/S03_02_FuelContractTests.cs | Assets/_Project/Tests/EditMode/Sprint3Verification/S03_02_TravelFuelTests.cs","Not serialized in project assets, but referenced by C# source."
"USED_CODE_ONLY","Assets/_Project/Scripts/Core/Services/Galaxy/GalaxyDiscoveryService.cs","GalaxyDiscoveryService","CustomService","False","1","Assets/_Project/Scripts/Core/Bootstrap/Bootstrapper.cs","Not serialized in project assets, but referenced by C# source."
"USED_CODE_ONLY","Assets/_Project/Scripts/Core/Services/Galaxy/IGalaxyDiscoveryService.cs","IGalaxyDiscoveryService","","False","3","Assets/_Project/Scripts/Core/Bootstrap/Bootstrapper.cs | Assets/_Project/Scripts/Core/Services/Galaxy/GalaxyDiscoveryService.cs | Assets/_Project/Scripts/Core/Services/Travel/TravelService2A.cs","Not serialized in project assets, but referenced by C# source."
"USED_CODE_ONLY","Assets/_Project/Scripts/Core/Services/Game/ContinueGameService.cs","ContinueGameService","CustomService","False","3","Assets/_Project/Scripts/Core/Bootstrap/Bootstrapper.cs | Assets/_Project/Scripts/Presentation/MainMenu/MainMenuController.cs | Assets/_Project/Scripts/Presentation/Settings/SettingsController.cs","Not serialized in project assets, but referenced by C# source."
"USED_CODE_ONLY","Assets/_Project/Scripts/Core/Services/Game/IContinueGameService.cs","IContinueGameService","","False","5","Assets/_Project/Scripts/Core/Bootstrap/Bootstrapper.cs | Assets/_Project/Scripts/Core/Services/Game/ContinueGameService.cs | Assets/_Project/Scripts/Core/Services/Game/NewGameService.cs | Assets/_Project/Scripts/Presentation/MainMenu/MainMenuController.cs | Assets/_Project/Scripts/Presentation/Settings/SettingsController.cs","Not serialized in project assets, but referenced by C# source."
"USED_CODE_ONLY","Assets/_Project/Scripts/Core/Services/Game/INewGameService.cs","INewGameService","","False","5","Assets/_Project/Scripts/Core/Bootstrap/Bootstrapper.cs | Assets/_Project/Scripts/Core/Services/Game/NewGameService.cs | Assets/_Project/Scripts/Core/StateMachine/BootstrapState.cs | Assets/_Project/Scripts/Presentation/MainMenu/MainMenuController.cs | Assets/_Project/Scripts/Presentation/Settings/SettingsController.cs","Not serialized in project assets, but referenced by C# source."
"USED_CODE_ONLY","Assets/_Project/Scripts/Core/Services/Game/NewGameFactory.cs","NewGameFactory","System.Object","False","1","Assets/_Project/Scripts/Core/Services/Game/NewGameService.cs","Not serialized in project assets, but referenced by C# source."
"USED_CODE_ONLY","Assets/_Project/Scripts/Core/Services/Game/NewGameService.cs","NewGameService","CustomService","False","4","Assets/_Project/Scripts/Core/Bootstrap/Bootstrapper.cs | Assets/_Project/Scripts/Core/StateMachine/BootstrapState.cs | Assets/_Project/Scripts/Presentation/MainMenu/MainMenuController.cs | Assets/_Project/Scripts/Presentation/Settings/SettingsController.cs","Not serialized in project assets, but referenced by C# source."
"USED_CODE_ONLY","Assets/_Project/Scripts/Core/Services/Hangar/HangarService.cs","HangarService","System.Object","False","2","Assets/_Project/Scripts/Core/Bootstrap/Bootstrapper.cs | Assets/_Project/Scripts/Presentation/StarSystem/SystemShipMarkerController2.cs","Not serialized in project assets, but referenced by C# source."
"USED_CODE_ONLY","Assets/_Project/Scripts/Core/Services/Hangar/IHangarService.cs","IHangarService","","False","6","Assets/_Project/Scripts/Core/Bootstrap/Bootstrapper.cs | Assets/_Project/Scripts/Core/Services/Hangar/HangarService.cs | Assets/_Project/Scripts/Core/Services/Travel/SystemTravelService.cs | Assets/_Project/Scripts/Presentation/Hangar/HangarScreenController.cs | Assets/_Project/Scripts/Presentation/StarSystem/SystemShipMarkerController2.cs | Assets/_Project/Scripts/Presentation/Travel/SystemTravelVisualController2A.cs","Not serialized in project assets, but referenced by C# source."
"USED_CODE_ONLY","Assets/_Project/Scripts/Core/Services/Interaction/IInteractionService2A.cs","IInteractionService2A","","False","5","Assets/_Project/Scripts/Core/Bootstrap/Bootstrapper.cs | Assets/_Project/Scripts/Core/Services/Interaction/InteractionService2A.cs | Assets/_Project/Scripts/Presentation/Interaction/InteractionStatusView2A.cs | Assets/_Project/Tests/EditMode/Sprint3Verification/S03_02_BootstrapContractTests.cs | Assets/_Project/Tests/EditMode/Sprint3Verification/S03_02_InteractionTests.cs","Not serialized in project assets, but referenced by C# source."
"USED_CODE_ONLY","Assets/_Project/Scripts/Core/Services/Interaction/InteractionService2A.cs","InteractionService2A","System.Object","False","4","Assets/_Project/Scripts/Core/Bootstrap/Bootstrapper.cs | Assets/_Project/Scripts/Presentation/SystemExit/SystemExitNodeView2A.cs | Assets/_Project/Tests/EditMode/Sprint3Verification/S03_02_BootstrapContractTests.cs | Assets/_Project/Tests/EditMode/Sprint3Verification/S03_02_InteractionTests.cs","Not serialized in project assets, but referenced by C# source."
"USED_CODE_ONLY","Assets/_Project/Scripts/Core/Services/Interaction/TravelPointInteractionHandler2A.cs","TravelPointInteractionHandler2A","System.Object","False","1","Assets/_Project/Scripts/Core/Services/Interaction/InteractionService2A.cs","Not serialized in project assets, but referenced by C# source."
"USED_CODE_ONLY","Assets/_Project/Scripts/Core/Services/Inventory/IInventoryService.cs","IInventoryService","","False","4","Assets/_Project/Scripts/Core/Bootstrap/Bootstrapper.cs | Assets/_Project/Scripts/Core/Services/Economy/EconomyService.cs | Assets/_Project/Scripts/Core/Services/Inventory/InventoryService.cs | Assets/_Project/Scripts/Presentation/Market/MarketScreenController.cs","Not serialized in project assets, but referenced by C# source."
"USED_CODE_ONLY","Assets/_Project/Scripts/Core/Services/Inventory/InventoryService.cs","InventoryService","System.Object","False","1","Assets/_Project/Scripts/Core/Bootstrap/Bootstrapper.cs","Not serialized in project assets, but referenced by C# source."
"USED_CODE_ONLY","Assets/_Project/Scripts/Core/Services/Market/CurrentMarketItemsProvider.cs","CurrentMarketItemsProvider","System.Object","False","1","Assets/_Project/Scripts/Presentation/Market/MarketScreenController.cs","Not serialized in project assets, but referenced by C# source."
"USED_CODE_ONLY","Assets/_Project/Scripts/Core/Services/Market/ICurrentMarketItemsProvider.cs","ICurrentMarketItemsProvider","","False","2","Assets/_Project/Scripts/Core/Services/Market/CurrentMarketItemsProvider.cs | Assets/_Project/Scripts/Presentation/Market/MarketScreenController.cs","Not serialized in project assets, but referenced by C# source."
"USED_CODE_ONLY","Assets/_Project/Scripts/Core/Services/Market/IItemPriceProvider.cs","IItemPriceProvider","","False","3","Assets/_Project/Scripts/Core/Services/Economy/EconomyService.cs | Assets/_Project/Scripts/Core/Services/Market/PlanetMarketPriceProvider.cs | Assets/_Project/Scripts/Presentation/Market/MarketScreenController.cs","Not serialized in project assets, but referenced by C# source."
"USED_CODE_ONLY","Assets/_Project/Scripts/Core/Services/Market/PlanetMarketPriceProvider.cs","PlanetMarketPriceProvider","System.Object","False","1","Assets/_Project/Scripts/Core/Services/Economy/EconomyService.cs","Not serialized in project assets, but referenced by C# source."
"USED_CODE_ONLY","Assets/_Project/Scripts/Core/Services/MarketTransaction/IMarketTransactionService.cs","IMarketTransactionService","","False","5","Assets/_Project/Scripts/Core/Bootstrap/Bootstrapper.cs | Assets/_Project/Scripts/Core/Services/MarketTransaction/MarketTransactionService.cs | Assets/_Project/Scripts/Presentation/MainMenu/MainMenuController.cs | Assets/_Project/Scripts/Presentation/Market/MarketScreenController.cs | Assets/_Project/Scripts/Presentation/Settings/SettingsController.cs","Not serialized in project assets, but referenced by C# source."
"USED_CODE_ONLY","Assets/_Project/Scripts/Core/Services/MarketTransaction/MarketTransactionService.cs","MarketTransactionService","System.Object","False","2","Assets/_Project/Scripts/Core/Bootstrap/Bootstrapper.cs | Assets/_Project/Scripts/Presentation/Market/MarketScreenController.cs","Not serialized in project assets, but referenced by C# source."
"USED_CODE_ONLY","Assets/_Project/Scripts/Core/Services/Mission/IMissionService.cs","IMissionService","","False","6","Assets/_Project/Scripts/Core/Bootstrap/Bootstrapper.cs | Assets/_Project/Scripts/Core/Services/Mission/MissionCapacityHelper.cs | Assets/_Project/Scripts/Core/Services/Mission/MissionService.cs | Assets/_Project/Scripts/Core/Services/Mission/MissionTracker.cs | Assets/_Project/Scripts/Core/Services/Mission/PlanetGovernmentMissionService.cs | Assets/_Project/Scripts/Presentation/Mission/MissionScreenController.cs","Not serialized in project assets, but referenced by C# source."
"USED_CODE_ONLY","Assets/_Project/Scripts/Core/Services/Mission/IMissionTracker.cs","IMissionTracker","","False","2","Assets/_Project/Scripts/Core/Bootstrap/Bootstrapper.cs | Assets/_Project/Scripts/Core/Services/Mission/MissionTracker.cs","Not serialized in project assets, but referenced by C# source."
"USED_CODE_ONLY","Assets/_Project/Scripts/Core/Services/Mission/IPlanetGovernmentMissionService.cs","IPlanetGovernmentMissionService","","False","3","Assets/_Project/Scripts/Core/Bootstrap/Bootstrapper.cs | Assets/_Project/Scripts/Core/Services/Mission/PlanetGovernmentMissionService.cs | Assets/_Project/Scripts/Presentation/Government/PlanetGovernmentMissionPresenter.cs","Not serialized in project assets, but referenced by C# source."
"USED_CODE_ONLY","Assets/_Project/Scripts/Core/Services/Mission/IPlanetMissionOfferGenerator.cs","IPlanetMissionOfferGenerator","","False","3","Assets/_Project/Scripts/Core/Bootstrap/Bootstrapper.cs | Assets/_Project/Scripts/Core/Services/Mission/PlanetGovernmentMissionService.cs | Assets/_Project/Scripts/Core/Services/Mission/PlanetMissionOfferGenerator.cs","Not serialized in project assets, but referenced by C# source."
"USED_CODE_ONLY","Assets/_Project/Scripts/Core/Services/Mission/IPlanetMissionOfferStateService.cs","IPlanetMissionOfferStateService","","False","3","Assets/_Project/Scripts/Core/Bootstrap/Bootstrapper.cs | Assets/_Project/Scripts/Core/Services/Mission/PlanetGovernmentMissionService.cs | Assets/_Project/Scripts/Core/Services/Mission/PlanetMissionOfferStateService.cs","Not serialized in project assets, but referenced by C# source."
"USED_CODE_ONLY","Assets/_Project/Scripts/Core/Services/Mission/IRewardService.cs","IRewardService","","False","3","Assets/_Project/Scripts/Core/Bootstrap/Bootstrapper.cs | Assets/_Project/Scripts/Core/Services/Mission/MissionService.cs | Assets/_Project/Scripts/Core/Services/Mission/RewardService.cs","Not serialized in project assets, but referenced by C# source."
"USED_CODE_ONLY","Assets/_Project/Scripts/Core/Services/Mission/MissionCapacityHelper.cs","MissionCapacityHelper","System.Object","False","1","Assets/_Project/Scripts/Core/Services/Mission/PlanetGovernmentMissionService.cs","Not serialized in project assets, but referenced by C# source."
"USED_CODE_ONLY","Assets/_Project/Scripts/Core/Services/Mission/MissionService.cs","MissionService","CustomService","False","1","Assets/_Project/Scripts/Core/Bootstrap/Bootstrapper.cs","Not serialized in project assets, but referenced by C# source."
"USED_CODE_ONLY","Assets/_Project/Scripts/Core/Services/Mission/MissionTracker.cs","MissionTracker","CustomService","False","1","Assets/_Project/Scripts/Core/Bootstrap/Bootstrapper.cs","Not serialized in project assets, but referenced by C# source."
"USED_CODE_ONLY","Assets/_Project/Scripts/Core/Services/Mission/PlanetGovernmentMissionService.cs","PlanetGovernmentMissionService","System.Object","False","1","Assets/_Project/Scripts/Core/Bootstrap/Bootstrapper.cs","Not serialized in project assets, but referenced by C# source."
"USED_CODE_ONLY","Assets/_Project/Scripts/Core/Services/Mission/PlanetMissionOfferGenerator.cs","PlanetMissionOfferGenerator","CustomService","False","1","Assets/_Project/Scripts/Core/Bootstrap/Bootstrapper.cs","Not serialized in project assets, but referenced by C# source."
"USED_CODE_ONLY","Assets/_Project/Scripts/Core/Services/Mission/PlanetMissionOfferStateService.cs","PlanetMissionOfferStateService","System.Object","False","1","Assets/_Project/Scripts/Core/Bootstrap/Bootstrapper.cs","Not serialized in project assets, but referenced by C# source."
"USED_CODE_ONLY","Assets/_Project/Scripts/Core/Services/Mission/RewardService.cs","RewardService","System.Object","False","1","Assets/_Project/Scripts/Core/Bootstrap/Bootstrapper.cs","Not serialized in project assets, but referenced by C# source."
"USED_CODE_ONLY","Assets/_Project/Scripts/Core/Services/Navigation/INavigationService.cs","INavigationService","","False","1","Assets/_Project/Scripts/Core/Services/Navigation/NavigationService.cs","Not serialized in project assets, but referenced by C# source."
"USED_CODE_ONLY","Assets/_Project/Scripts/Core/Services/Navigation/NavigationState.cs","NavigationState","System.Object","False","2","Assets/_Project/Scripts/Core/Services/Navigation/INavigationService.cs | Assets/_Project/Scripts/Core/Services/Navigation/NavigationService.cs","Not serialized in project assets, but referenced by C# source."
"USED_CODE_ONLY","Assets/_Project/Scripts/Core/Services/Npc/Galaxy/GalaxyNpcBehaviorService.cs","GalaxyNpcBehaviorService","CustomService","False","1","Assets/_Project/Scripts/Core/Bootstrap/Bootstrapper.cs","Not serialized in project assets, but referenced by C# source."
"USED_CODE_ONLY","Assets/_Project/Scripts/Core/Services/Npc/Galaxy/GalaxyNpcCombatService.cs","GalaxyNpcCombatService","CustomService","False","1","Assets/_Project/Scripts/Core/Bootstrap/Bootstrapper.cs","Not serialized in project assets, but referenced by C# source."
"USED_CODE_ONLY","Assets/_Project/Scripts/Core/Services/Npc/Galaxy/GalaxyNpcMovementService.cs","GalaxyNpcMovementService","CustomService","False","1","Assets/_Project/Scripts/Core/Bootstrap/Bootstrapper.cs","Not serialized in project assets, but referenced by C# source."
"USED_CODE_ONLY","Assets/_Project/Scripts/Core/Services/Npc/Galaxy/GalaxyPopulationService.cs","GalaxyPopulationService","CustomService","False","1","Assets/_Project/Scripts/Core/Bootstrap/Bootstrapper.cs","Not serialized in project assets, but referenced by C# source."
"USED_CODE_ONLY","Assets/_Project/Scripts/Core/Services/Npc/Galaxy/IGalaxyNpcBehaviorService.cs","IGalaxyNpcBehaviorService","","False","2","Assets/_Project/Scripts/Core/Bootstrap/Bootstrapper.cs | Assets/_Project/Scripts/Core/Services/Npc/Galaxy/GalaxyNpcBehaviorService.cs","Not serialized in project assets, but referenced by C# source."
"USED_CODE_ONLY","Assets/_Project/Scripts/Core/Services/Npc/Galaxy/IGalaxyNpcCombatService.cs","IGalaxyNpcCombatService","","False","3","Assets/_Project/Scripts/Core/Bootstrap/Bootstrapper.cs | Assets/_Project/Scripts/Core/Services/Npc/Galaxy/GalaxyNpcCombatService.cs | Assets/_Project/Scripts/Core/Services/Time/GameTimeService.cs","Not serialized in project assets, but referenced by C# source."
"USED_CODE_ONLY","Assets/_Project/Scripts/Core/Services/Npc/Galaxy/IGalaxyNpcMovementService.cs","IGalaxyNpcMovementService","","False","3","Assets/_Project/Scripts/Core/Bootstrap/Bootstrapper.cs | Assets/_Project/Scripts/Core/Services/Npc/Galaxy/GalaxyNpcMovementService.cs | Assets/_Project/Scripts/Core/Services/Time/GameTimeService.cs","Not serialized in project assets, but referenced by C# source."
"USED_CODE_ONLY","Assets/_Project/Scripts/Core/Services/Npc/Galaxy/IGalaxyPopulationService.cs","IGalaxyPopulationService","","False","3","Assets/_Project/Scripts/Core/Bootstrap/Bootstrapper.cs | Assets/_Project/Scripts/Core/Services/Npc/Galaxy/GalaxyPopulationService.cs | Assets/_Project/Scripts/Core/Services/Time/GameTimeService.cs","Not serialized in project assets, but referenced by C# source."
"USED_CODE_ONLY","Assets/_Project/Scripts/Core/Services/Npc/ISystemNpcBehaviorService.cs","ISystemNpcBehaviorService","","False","4","Assets/_Project/Scripts/Core/Bootstrap/Bootstrapper.cs | Assets/_Project/Scripts/Core/Services/Npc/Galaxy/GalaxyNpcBehaviorService.cs | Assets/_Project/Scripts/Core/Services/Npc/SystemNpcBehaviorService.cs | Assets/_Project/Scripts/Core/Services/Npc/SystemNpcMovementService.cs","Not serialized in project assets, but referenced by C# source."
"USED_CODE_ONLY","Assets/_Project/Scripts/Core/Services/Npc/ISystemNpcCombatService.cs","ISystemNpcCombatService","","False","5","Assets/_Project/Scripts/Core/Bootstrap/Bootstrapper.cs | Assets/_Project/Scripts/Core/Services/Combat/PlayerAttackService.cs | Assets/_Project/Scripts/Core/Services/Npc/Galaxy/GalaxyNpcCombatService.cs | Assets/_Project/Scripts/Core/Services/Npc/SystemNpcCombatService.cs | Assets/_Project/Scripts/Presentation/Npc/GalaxyNpcProjectileView.cs","Not serialized in project assets, but referenced by C# source."
"USED_CODE_ONLY","Assets/_Project/Scripts/Core/Services/Npc/ISystemNpcMovementRouteService.cs","ISystemNpcMovementRouteService","","False","3","Assets/_Project/Scripts/Core/Bootstrap/Bootstrapper.cs | Assets/_Project/Scripts/Core/Services/Npc/SystemNpcMovementRouteService.cs | Assets/_Project/Scripts/Core/Services/Npc/SystemNpcMovementService.cs","Not serialized in project assets, but referenced by C# source."
"USED_CODE_ONLY","Assets/_Project/Scripts/Core/Services/Npc/ISystemNpcMovementService.cs","ISystemNpcMovementService","","False","3","Assets/_Project/Scripts/Core/Bootstrap/Bootstrapper.cs | Assets/_Project/Scripts/Core/Services/Npc/Galaxy/GalaxyNpcMovementService.cs | Assets/_Project/Scripts/Core/Services/Npc/SystemNpcMovementService.cs","Not serialized in project assets, but referenced by C# source."
"USED_CODE_ONLY","Assets/_Project/Scripts/Core/Services/Npc/ISystemNpcPopulationService.cs","ISystemNpcPopulationService","","False","5","Assets/_Project/Scripts/Core/Bootstrap/Bootstrapper.cs | Assets/_Project/Scripts/Core/Services/Mission/MissionService.cs | Assets/_Project/Scripts/Core/Services/Npc/Galaxy/GalaxyPopulationService.cs | Assets/_Project/Scripts/Core/Services/Npc/SystemNpcPopulationService.cs | Assets/_Project/Scripts/Core/Services/Npc/SystemNpcSimulationSaveService.cs","Not serialized in project assets, but referenced by C# source."
"USED_CODE_ONLY","Assets/_Project/Scripts/Core/Services/Npc/ISystemNpcRuntimeService.cs","ISystemNpcRuntimeService","","False","13","Assets/_Project/Scripts/Core/Bootstrap/Bootstrapper.cs | Assets/_Project/Scripts/Core/Services/Combat/PlayerAttackService.cs | Assets/_Project/Scripts/Core/Services/Mission/MissionTracker.cs | Assets/_Project/Scripts/Core/Services/Npc/SystemNpcBehaviorService.cs | Assets/_Project/Scripts/Core/Services/Npc/SystemNpcCombatService.cs | Assets/_Project/Scripts/Core/Services/Npc/SystemNpcMovementRouteService.cs | Assets/_Project/Scripts/Core/Services/Npc/SystemNpcMovementService.cs | Assets/_Project/Scripts/Core/Services/Npc/SystemNpcPopulationService.cs | Assets/_Project/Scripts/Core/Services/Npc/SystemNpcRuntimeService.cs | Assets/_Project/Scripts/Core/Services/Npc/SystemNpcSimulationSaveService.cs | Assets/_Project/Scripts/Presentation/Npc/SystemNpcCombatVisualController.cs | Assets/_Project/Scripts/Presentation/Npc/SystemNpcView.cs | Assets/_Project/Scripts/Presentation/Npc/SystemNpcViewBinder.cs","Not serialized in project assets, but referenced by C# source."
"USED_CODE_ONLY","Assets/_Project/Scripts/Core/Services/Npc/ISystemNpcSimulationSaveService.cs","ISystemNpcSimulationSaveService","","False","5","Assets/_Project/Scripts/Core/Bootstrap/Bootstrapper.cs | Assets/_Project/Scripts/Core/Services/Npc/SystemNpcSimulationSaveService.cs | Assets/_Project/Scripts/Core/Services/Save/SaveService2A.cs | Assets/_Project/Tests/EditMode/Sprint1Verification/SaveService2ACurrentEditModeTests.cs | Assets/_Project/Tests/EditMode/Sprint1Verification/Sprint1CurrentTestEnvironment.cs","Not serialized in project assets, but referenced by C# source."
"USED_CODE_ONLY","Assets/_Project/Scripts/Core/Services/Npc/SystemNpcBehaviorSelector.cs","SystemNpcBehaviorSelector","System.Object","False","1","Assets/_Project/Scripts/Core/Services/Npc/SystemNpcPopulationService.cs","Not serialized in project assets, but referenced by C# source."
"USED_CODE_ONLY","Assets/_Project/Scripts/Core/Services/Npc/SystemNpcBehaviorService.cs","SystemNpcBehaviorService","CustomService","False","1","Assets/_Project/Scripts/Core/Bootstrap/Bootstrapper.cs","Not serialized in project assets, but referenced by C# source."
"USED_CODE_ONLY","Assets/_Project/Scripts/Core/Services/Npc/SystemNpcCombatService.cs","SystemNpcCombatService","CustomService","False","1","Assets/_Project/Scripts/Core/Bootstrap/Bootstrapper.cs","Not serialized in project assets, but referenced by C# source."
"USED_CODE_ONLY","Assets/_Project/Scripts/Core/Services/Npc/SystemNpcMovementRouteService.cs","SystemNpcMovementRouteService","CustomService","False","1","Assets/_Project/Scripts/Core/Bootstrap/Bootstrapper.cs","Not serialized in project assets, but referenced by C# source."
"USED_CODE_ONLY","Assets/_Project/Scripts/Core/Services/Npc/SystemNpcMovementService.cs","SystemNpcMovementService","CustomService","False","1","Assets/_Project/Scripts/Core/Bootstrap/Bootstrapper.cs","Not serialized in project assets, but referenced by C# source."
"USED_CODE_ONLY","Assets/_Project/Scripts/Core/Services/Npc/SystemNpcPopulationService.cs","SystemNpcPopulationService","CustomService","False","1","Assets/_Project/Scripts/Core/Bootstrap/Bootstrapper.cs","Not serialized in project assets, but referenced by C# source."
"USED_CODE_ONLY","Assets/_Project/Scripts/Core/Services/Npc/SystemNpcRuntimeFactory.cs","SystemNpcRuntimeFactory","System.Object","False","1","Assets/_Project/Scripts/Core/Services/Npc/SystemNpcPopulationService.cs","Not serialized in project assets, but referenced by C# source."
"USED_CODE_ONLY","Assets/_Project/Scripts/Core/Services/Npc/SystemNpcRuntimeService.cs","SystemNpcRuntimeService","CustomService","False","1","Assets/_Project/Scripts/Core/Bootstrap/Bootstrapper.cs","Not serialized in project assets, but referenced by C# source."
"USED_CODE_ONLY","Assets/_Project/Scripts/Core/Services/Npc/SystemNpcSimulationSaveService.cs","SystemNpcSimulationSaveService","CustomService","False","1","Assets/_Project/Scripts/Core/Bootstrap/Bootstrapper.cs","Not serialized in project assets, but referenced by C# source."
"USED_CODE_ONLY","Assets/_Project/Scripts/Core/Services/Planet/IOrbitalMotionService.cs","IOrbitalMotionService","","False","10","Assets/_Project/Scripts/Core/Bootstrap/Bootstrapper.cs | Assets/_Project/Scripts/Core/Services/Npc/SystemNpcBehaviorService.cs | Assets/_Project/Scripts/Core/Services/Npc/SystemNpcMovementRouteService.cs | Assets/_Project/Scripts/Core/Services/Npc/SystemNpcPopulationService.cs | Assets/_Project/Scripts/Core/Services/Planet/OrbitalMotionService.cs | Assets/_Project/Scripts/Core/Services/Time/GameTimeService.cs | Assets/_Project/Scripts/Core/Services/Travel/SystemTravelService.cs | Assets/_Project/Scripts/Presentation/Planet/PlanetController.cs | Assets/_Project/Scripts/Presentation/Planet/PlanetOrbitMotion2.cs | Assets/_Project/Scripts/Presentation/Travel/SystemMapDestinationController2.cs","Not serialized in project assets, but referenced by C# source."
"USED_CODE_ONLY","Assets/_Project/Scripts/Core/Services/Planet/OrbitalMotionService.cs","OrbitalMotionService","CustomService","False","1","Assets/_Project/Scripts/Core/Bootstrap/Bootstrapper.cs","Not serialized in project assets, but referenced by C# source."
"USED_CODE_ONLY","Assets/_Project/Scripts/Core/Services/PlayerControl/IPlayerControlService.cs","IPlayerControlService","","False","6","Assets/_Project/Scripts/Core/Bootstrap/Bootstrapper.cs | Assets/_Project/Scripts/Core/Services/PlayerControl/PlayerControlService2A.cs | Assets/_Project/Scripts/Presentation/Input/MetaSceneKeyboardTravelBridge2A.cs | Assets/_Project/Scripts/Presentation/Input/PlayerInputBridge2A.cs | Assets/_Project/Scripts/Presentation/Input/ShipClickCancelMovement2A.cs | Assets/_Project/Scripts/Presentation/Ship/PointDestinationMovementAdapter2A.cs","Not serialized in project assets, but referenced by C# source."
"USED_CODE_ONLY","Assets/_Project/Scripts/Core/Services/PlayerControl/PlayerControlService2A.cs","PlayerControlService2A","System.Object","False","2","Assets/_Project/Scripts/Core/Bootstrap/Bootstrapper.cs | Assets/_Project/Tests/EditMode/Sprint3Verification/PlayerControlServiceEditModeTests.cs","Not serialized in project assets, but referenced by C# source."
"USED_CODE_ONLY","Assets/_Project/Scripts/Core/Services/PlayerShipSaveSync/IPlayerShipSaveSyncService.cs","IPlayerShipSaveSyncService","","False","3","Assets/_Project/Scripts/Core/Bootstrap/Bootstrapper.cs | Assets/_Project/Scripts/Core/Services/PlayerShipSaveSync/PlayerShipSaveSyncService2A.cs | Assets/_Project/Scripts/Core/Services/Save/SaveService2A.cs","Not serialized in project assets, but referenced by C# source."
"USED_CODE_ONLY","Assets/_Project/Scripts/Core/Services/PlayerShipSaveSync/PlayerShipSaveSyncService2A.cs","PlayerShipSaveSyncService2A","System.Object","False","2","Assets/_Project/Scripts/Core/Bootstrap/Bootstrapper.cs | Assets/_Project/Tests/EditMode/Sprint3Verification/SystemBoundsAndSaveSyncEditModeTests.cs","Not serialized in project assets, but referenced by C# source."
"USED_CODE_ONLY","Assets/_Project/Scripts/Core/Services/Registry/IServiceRegistry.cs","IServiceRegistry","","False","8","Assets/_Project/Scripts/Core/Bootstrap/Bootstrapper.cs | Assets/_Project/Scripts/Core/Services/Interaction/InteractionService2A.cs | Assets/_Project/Scripts/Core/Services/Registry/ServiceRegistry.cs | Assets/_Project/Scripts/Core/Services/Targeting/TargetService2A.cs | Assets/_Project/Scripts/Presentation/Diagnostics/DebugHudController.cs | Assets/_Project/Scripts/Presentation/Interaction/InteractionStatusView2A.cs | Assets/_Project/Scripts/Presentation/Targeting/TargetMarkerView2A.cs | Assets/_Project/Tests/EditMode/Sprint1Verification/Sprint1CoreArchitectureCurrentEditModeTests.cs","Not serialized in project assets, but referenced by C# source."
"USED_CODE_ONLY","Assets/_Project/Scripts/Core/Services/Registry/ServiceRegistry.cs","ServiceRegistry","System.Object","False","119","Assets/_Project/Scripts/Core/Bootstrap/Bootstrapper.cs | Assets/_Project/Scripts/Core/Services/Combat/GovernmentRewardService.cs | Assets/_Project/Scripts/Core/Services/Combat/PlayerAttackService.cs | Assets/_Project/Scripts/Core/Services/Combat/PlayerCombatTargetService.cs | Assets/_Project/Scripts/Core/Services/Combat/SystemAllyService.cs | Assets/_Project/Scripts/Core/Services/Combat/SystemEncounterSaveService.cs | Assets/_Project/Scripts/Core/Services/Combat/SystemEncounterService.cs | Assets/_Project/Scripts/Core/Services/Config/ConfigService.cs | Assets/_Project/Scripts/Core/Services/Economy/EconomyService.cs | Assets/_Project/Scripts/Core/Services/Enemy/SystemEnemyService.cs | Assets/_Project/Scripts/Core/Services/Fuel/RefuelAvailabilityProvider.cs | Assets/_Project/Scripts/Core/Services/Fuel/RefuelService.cs | Assets/_Project/Scripts/Core/Services/Galaxy/GalaxyDiscoveryService.cs | Assets/_Project/Scripts/Core/Services/Game/ContinueGameService.cs | Assets/_Project/Scripts/Core/Services/Game/NewGameFactory.cs | Assets/_Project/Scripts/Core/Services/Game/NewGameService.cs | Assets/_Project/Scripts/Core/Services/Hangar/HangarService.cs | Assets/_Project/Scripts/Core/Services/Interaction/InteractionService2A.cs | Assets/_Project/Scripts/Core/Services/Inventory/InventoryService.cs | Assets/_Project/Scripts/Core/Services/Market/CurrentMarketItemsProvider.cs","Not serialized in project assets, but referenced by C# source."
"USED_CODE_ONLY","Assets/_Project/Scripts/Core/Services/Repair/IRepairService.cs","IRepairService","","False","2","Assets/_Project/Scripts/Core/Bootstrap/Bootstrapper.cs | Assets/_Project/Scripts/Core/Services/Repair/RepairService.cs","Not serialized in project assets, but referenced by C# source."
"USED_CODE_ONLY","Assets/_Project/Scripts/Core/Services/Repair/RepairService.cs","RepairService","System.Object","False","1","Assets/_Project/Scripts/Core/Bootstrap/Bootstrapper.cs","Not serialized in project assets, but referenced by C# source."
"USED_CODE_ONLY","Assets/_Project/Scripts/Core/Services/Route/IRouteService.cs","IRouteService","","False","2","Assets/_Project/Scripts/Core/Bootstrap/Bootstrapper.cs | Assets/_Project/Scripts/Core/Services/Route/RouteService.cs","Not serialized in project assets, but referenced by C# source."
"USED_CODE_ONLY","Assets/_Project/Scripts/Core/Services/Route/RouteService.cs","RouteService","CustomService","False","1","Assets/_Project/Scripts/Core/Bootstrap/Bootstrapper.cs","Not serialized in project assets, but referenced by C# source."
"USED_CODE_ONLY","Assets/_Project/Scripts/Core/Services/Save/ISaveService.cs","ISaveService","","False","7","Assets/_Project/Scripts/Core/Bootstrap/Bootstrapper.cs | Assets/_Project/Scripts/Core/Services/Combat/PlayerCombatTargetService.cs | Assets/_Project/Scripts/Core/Services/Game/ContinueGameService.cs | Assets/_Project/Scripts/Core/Services/Mission/MissionService.cs | Assets/_Project/Scripts/Core/Services/Save/SaveService2A.cs | Assets/_Project/Scripts/Core/Services/Time/GameTimeService.cs | Assets/_Project/Scripts/Presentation/SystemScene/MetaHUDController.cs","Not serialized in project assets, but referenced by C# source."
"USED_CODE_ONLY","Assets/_Project/Scripts/Core/Services/Save/Pipeline/SaveIntegrityStage.cs","SaveIntegrityStage","System.Object","False","2","Assets/_Project/Scripts/Core/Services/Save/SaveService2A.cs | Assets/_Project/Tests/EditMode/Sprint1Verification/SavePipelineStagesCurrentEditModeTests.cs","Not serialized in project assets, but referenced by C# source."
"USED_CODE_ONLY","Assets/_Project/Scripts/Core/Services/Save/Pipeline/SaveMigrationStage.cs","SaveMigrationStage","System.Object","False","1","Assets/_Project/Scripts/Core/Services/Save/SaveService2A.cs","Not serialized in project assets, but referenced by C# source."
"USED_CODE_ONLY","Assets/_Project/Scripts/Core/Services/Save/Pipeline/SaveValidationStage.cs","SaveValidationStage","System.Object","False","2","Assets/_Project/Scripts/Core/Services/Save/SaveService2A.cs | Assets/_Project/Tests/EditMode/Sprint1Verification/SavePipelineStagesCurrentEditModeTests.cs","Not serialized in project assets, but referenced by C# source."
"USED_CODE_ONLY","Assets/_Project/Scripts/Core/Services/Save/SaveService2A.cs","SaveService2A","CustomService","False","4","Assets/_Project/Scripts/Core/Bootstrap/Bootstrapper.cs | Assets/_Project/Tests/EditMode/Sprint1Verification/DiagnosticsSecurityCurrentEditModeTests.cs | Assets/_Project/Tests/EditMode/Sprint1Verification/SaveService2ACurrentEditModeTests.cs | Assets/_Project/Tests/EditMode/Sprint1Verification/Sprint1CoreArchitectureCurrentEditModeTests.cs","Not serialized in project assets, but referenced by C# source."
"USED_CODE_ONLY","Assets/_Project/Scripts/Core/Services/Scenes/ISceneService.cs","ISceneService","","False","10","Assets/_Project/Scripts/Core/Bootstrap/Bootstrapper.cs | Assets/_Project/Scripts/Core/Services/Scenes/SceneService.cs | Assets/_Project/Scripts/Core/StateMachine/BootstrapState.cs | Assets/_Project/Scripts/Core/StateMachine/CombatState.cs | Assets/_Project/Scripts/Core/StateMachine/GalaxyState.cs | Assets/_Project/Scripts/Core/StateMachine/MenuState.cs | Assets/_Project/Scripts/Core/StateMachine/SystemState.cs | Assets/_Project/Tests/EditMode/Sprint1Verification/SceneConfigurationEditModeTests.cs | Assets/_Project/Tests/EditMode/Sprint1Verification/SceneFlowContractCurrentEditModeTests.cs | Assets/_Project/Tests/EditMode/Sprint1Verification/Sprint1CoreArchitectureCurrentEditModeTests.cs","Not serialized in project assets, but referenced by C# source."
"USED_CODE_ONLY","Assets/_Project/Scripts/Core/Services/Scenes/SceneService.cs","SceneService","System.Object","False","6","Assets/_Project/Scripts/Core/Bootstrap/Bootstrapper.cs | Assets/_Project/Scripts/Core/StateMachine/BootstrapState.cs | Assets/_Project/Tests/EditMode/Sprint1Verification/DiagnosticsSecurityCurrentEditModeTests.cs | Assets/_Project/Tests/EditMode/Sprint1Verification/SceneConfigurationEditModeTests.cs | Assets/_Project/Tests/EditMode/Sprint1Verification/SceneFlowContractCurrentEditModeTests.cs | Assets/_Project/Tests/EditMode/Sprint1Verification/Sprint1CoreArchitectureCurrentEditModeTests.cs","Not serialized in project assets, but referenced by C# source."
"USED_CODE_ONLY","Assets/_Project/Scripts/Core/Services/Session/GameSessionService.cs","GameSessionService","System.Object","False","2","Assets/_Project/Scripts/Core/Bootstrap/Bootstrapper.cs | Assets/_Project/Scripts/Presentation/SystemScene/MetaSceneInstaller2A.cs","Not serialized in project assets, but referenced by C# source."
"USED_CODE_ONLY","Assets/_Project/Scripts/Core/Services/Session/IGameSessionService.cs","IGameSessionService","","False","56","Assets/_Project/Scripts/Core/Bootstrap/Bootstrapper.cs | Assets/_Project/Scripts/Core/Services/Combat/PlayerAttackService.cs | Assets/_Project/Scripts/Core/Services/Combat/PlayerCombatTargetService.cs | Assets/_Project/Scripts/Core/Services/Config/ConfigService.cs | Assets/_Project/Scripts/Core/Services/Economy/EconomyService.cs | Assets/_Project/Scripts/Core/Services/Fuel/RefuelAvailabilityProvider.cs | Assets/_Project/Scripts/Core/Services/Fuel/RefuelService.cs | Assets/_Project/Scripts/Core/Services/Galaxy/GalaxyDiscoveryService.cs | Assets/_Project/Scripts/Core/Services/Game/ContinueGameService.cs | Assets/_Project/Scripts/Core/Services/Game/NewGameService.cs | Assets/_Project/Scripts/Core/Services/Hangar/HangarService.cs | Assets/_Project/Scripts/Core/Services/Interaction/InteractionService2A.cs | Assets/_Project/Scripts/Core/Services/Interaction/TravelPointInteractionHandler2A.cs | Assets/_Project/Scripts/Core/Services/Inventory/InventoryService.cs | Assets/_Project/Scripts/Core/Services/Market/PlanetMarketPriceProvider.cs | Assets/_Project/Scripts/Core/Services/MarketTransaction/MarketTransactionService.cs | Assets/_Project/Scripts/Core/Services/Mission/MissionService.cs | Assets/_Project/Scripts/Core/Services/Mission/PlanetMissionOfferStateService.cs | Assets/_Project/Scripts/Core/Services/Npc/SystemNpcMovementRouteService.cs | Assets/_Project/Scripts/Core/Services/Npc/SystemNpcPopulationService.cs","Not serialized in project assets, but referenced by C# source."
"USED_CODE_ONLY","Assets/_Project/Scripts/Core/Services/Ship/ShipStatCalculator.cs","ShipStatCalculator","System.Object","False","1","Assets/_Project/Scripts/Core/Services/Hangar/HangarService.cs","Not serialized in project assets, but referenced by C# source."
"USED_CODE_ONLY","Assets/_Project/Scripts/Core/Services/ShipMovement/ConstantSpeedMovement2A.cs","ConstantSpeedMovement2A","System.Object","False","1","Assets/_Project/Scripts/Presentation/Input/MetaSceneKeyboardTravelBridge2A.cs","Not serialized in project assets, but referenced by C# source."
"USED_CODE_ONLY","Assets/_Project/Scripts/Core/Services/ShipMovement/IShipMovementService.cs","IShipMovementService","","False","11","Assets/_Project/Scripts/Core/Bootstrap/Bootstrapper.cs | Assets/_Project/Scripts/Core/Services/Interaction/InteractionService2A.cs | Assets/_Project/Scripts/Core/Services/PlayerShipSaveSync/PlayerShipSaveSyncService2A.cs | Assets/_Project/Scripts/Core/Services/ShipMovement/ShipMovementService2A.cs | Assets/_Project/Scripts/Core/Services/Travel/SystemTravelService.cs | Assets/_Project/Scripts/Presentation/Input/MetaSceneKeyboardTravelBridge2A.cs | Assets/_Project/Scripts/Presentation/Input/ShipClickCancelMovement2A.cs | Assets/_Project/Scripts/Presentation/Ship/PointDestinationMovementAdapter2A.cs | Assets/_Project/Scripts/Presentation/Ship/ShipMovementViewBinder2A.cs | Assets/_Project/Scripts/Presentation/SystemScene/MetaSceneInstaller2A.cs | Assets/_Project/Scripts/Presentation/SystemScene/MetaSceneShipStateBridge2A.cs","Not serialized in project assets, but referenced by C# source."
"USED_CODE_ONLY","Assets/_Project/Scripts/Core/Services/ShipMovement/ShipMovementService2A.cs","ShipMovementService2A","System.Object","False","4","Assets/_Project/Scripts/Core/Bootstrap/Bootstrapper.cs | Assets/_Project/Scripts/Presentation/Ship/ShipMovementViewBinder2A.cs | Assets/_Project/Tests/EditMode/Sprint3Verification/ShipMovementServiceEditModeTests.cs | Assets/_Project/Tests/EditMode/Sprint3Verification/SystemBoundsAndSaveSyncEditModeTests.cs","Not serialized in project assets, but referenced by C# source."
"USED_CODE_ONLY","Assets/_Project/Scripts/Core/Services/ShipStats/IShipStatsService.cs","IShipStatsService","","False","2","Assets/_Project/Scripts/Core/Bootstrap/Bootstrapper.cs | Assets/_Project/Scripts/Core/Services/ShipStats/ShipStatsService.cs","Not serialized in project assets, but referenced by C# source."
"USED_CODE_ONLY","Assets/_Project/Scripts/Core/Services/ShipStats/ShipStatsService.cs","ShipStatsService","System.Object","False","1","Assets/_Project/Scripts/Core/Bootstrap/Bootstrapper.cs","Not serialized in project assets, but referenced by C# source."
"USED_CODE_ONLY","Assets/_Project/Scripts/Core/Services/StarSystem/ISystemContextService.cs","ISystemContextService","","False","2","Assets/_Project/Scripts/Core/Bootstrap/Bootstrapper.cs | Assets/_Project/Scripts/Core/Services/StarSystem/SystemContextService.cs","Not serialized in project assets, but referenced by C# source."
"USED_CODE_ONLY","Assets/_Project/Scripts/Core/Services/StarSystem/SystemContextService.cs","SystemContextService","CustomService","False","1","Assets/_Project/Scripts/Core/Bootstrap/Bootstrapper.cs","Not serialized in project assets, but referenced by C# source."
"USED_CODE_ONLY","Assets/_Project/Scripts/Core/Services/SystemBounds/ISystemBoundsService.cs","ISystemBoundsService","","False","2","Assets/_Project/Scripts/Core/Bootstrap/Bootstrapper.cs | Assets/_Project/Scripts/Core/Services/SystemBounds/SystemBoundsService2A.cs","Not serialized in project assets, but referenced by C# source."
"USED_CODE_ONLY","Assets/_Project/Scripts/Core/Services/SystemBounds/SystemBoundsService2A.cs","SystemBoundsService2A","System.Object","False","2","Assets/_Project/Scripts/Core/Bootstrap/Bootstrapper.cs | Assets/_Project/Tests/EditMode/Sprint3Verification/SystemBoundsAndSaveSyncEditModeTests.cs","Not serialized in project assets, but referenced by C# source."
"USED_CODE_ONLY","Assets/_Project/Scripts/Core/Services/SystemGameplayState/ISystemGameplayStateService.cs","ISystemGameplayStateService","","False","11","Assets/_Project/Scripts/Core/Bootstrap/Bootstrapper.cs | Assets/_Project/Scripts/Core/Services/Interaction/InteractionService2A.cs | Assets/_Project/Scripts/Core/Services/PlayerControl/PlayerControlService2A.cs | Assets/_Project/Scripts/Core/Services/ShipMovement/ShipMovementService2A.cs | Assets/_Project/Scripts/Core/Services/SystemBounds/SystemBoundsService2A.cs | Assets/_Project/Scripts/Core/Services/SystemGameplayState/SystemGameplayStateService.cs | Assets/_Project/Scripts/Core/Services/Targeting/TargetService2A.cs | Assets/_Project/Scripts/Presentation/Input/MetaSceneKeyboardTravelBridge2A.cs | Assets/_Project/Scripts/Presentation/Input/SystemControlPresentationBridge2A.cs | Assets/_Project/Tests/EditMode/Sprint3Verification/S03_02_BootstrapContractTests.cs | Assets/_Project/Tests/EditMode/Sprint3Verification/S03_02_TargetTests.cs","Not serialized in project assets, but referenced by C# source."
"USED_CODE_ONLY","Assets/_Project/Scripts/Core/Services/SystemGameplayState/SystemGameplayStateService.cs","SystemGameplayStateService","System.Object","False","7","Assets/_Project/Scripts/Core/Bootstrap/Bootstrapper.cs | Assets/_Project/Tests/EditMode/Sprint3Verification/PlayerControlServiceEditModeTests.cs | Assets/_Project/Tests/EditMode/Sprint3Verification/S03_02_BootstrapContractTests.cs | Assets/_Project/Tests/EditMode/Sprint3Verification/ShipMovementServiceEditModeTests.cs | Assets/_Project/Tests/EditMode/Sprint3Verification/SystemBoundsAndSaveSyncEditModeTests.cs | Assets/_Project/Tests/EditMode/Sprint3Verification/SystemGameplayStateServiceEditModeTests.cs | Assets/_Project/Tests/EditMode/Sprint3Verification/TargetService2AEditModeTests.cs","Not serialized in project assets, but referenced by C# source."
"USED_CODE_ONLY","Assets/_Project/Scripts/Core/Services/Targeting/ITargetService2A.cs","ITargetService2A","","False","10","Assets/_Project/Scripts/Core/Bootstrap/Bootstrapper.cs | Assets/_Project/Scripts/Core/Services/Interaction/InteractionService2A.cs | Assets/_Project/Scripts/Core/Services/Targeting/TargetService2A.cs | Assets/_Project/Scripts/Presentation/Planet/PlanetSelectableView2.cs | Assets/_Project/Scripts/Presentation/Targeting/TargetMarkerView2A.cs | Assets/_Project/Scripts/Presentation/Targeting/TargetSelectableView2A.cs | Assets/_Project/Scripts/Presentation/Travel/SystemMapDestinationController2.cs | Assets/_Project/Tests/EditMode/Sprint3Verification/S03_02_BootstrapContractTests.cs | Assets/_Project/Tests/EditMode/Sprint3Verification/S03_02_PresentationStructuralTests.cs | Assets/_Project/Tests/EditMode/Sprint3Verification/S03_02_TargetTests.cs","Not serialized in project assets, but referenced by C# source."
"USED_CODE_ONLY","Assets/_Project/Scripts/Core/Services/Targeting/TargetService2A.cs","TargetService2A","System.Object","False","5","Assets/_Project/Scripts/Core/Bootstrap/Bootstrapper.cs | Assets/_Project/Tests/EditMode/Sprint3Verification/S03_02_BootstrapContractTests.cs | Assets/_Project/Tests/EditMode/Sprint3Verification/S03_02_PresentationStructuralTests.cs | Assets/_Project/Tests/EditMode/Sprint3Verification/S03_02_TargetTests.cs | Assets/_Project/Tests/EditMode/Sprint3Verification/TargetService2AEditModeTests.cs","Not serialized in project assets, but referenced by C# source."
"USED_CODE_ONLY","Assets/_Project/Scripts/Core/Services/Tick/ITickable.cs","ITickable","","False","9","Assets/_Project/Scripts/Core/Services/Interaction/IInteractionService2A.cs | Assets/_Project/Scripts/Core/Services/PlayerControl/IPlayerControlService.cs | Assets/_Project/Scripts/Core/Services/ShipMovement/IShipMovementService.cs | Assets/_Project/Scripts/Core/Services/ShipStats/ShipStatsService.cs | Assets/_Project/Scripts/Core/Services/Tick/ITickService.cs | Assets/_Project/Scripts/Core/Services/Tick/TickService.cs | Assets/_Project/Scripts/Core/Services/Time/IGameTimeService.cs | Assets/_Project/Tests/EditMode/Sprint1Verification/Sprint1CoreArchitectureCurrentEditModeTests.cs | Assets/_Project/Tests/EditMode/Sprint1Verification/TickServiceCurrentEditModeTests.cs","Not serialized in project assets, but referenced by C# source."
"USED_CODE_ONLY","Assets/_Project/Scripts/Core/Services/Tick/ITickService.cs","ITickService","","False","4","Assets/_Project/Scripts/Core/Bootstrap/Bootstrapper.cs | Assets/_Project/Scripts/Core/Services/Tick/TickService.cs | Assets/_Project/Scripts/Presentation/Diagnostics/DebugHudController.cs | Assets/_Project/Tests/EditMode/Sprint1Verification/Sprint1CoreArchitectureCurrentEditModeTests.cs","Not serialized in project assets, but referenced by C# source."
"USED_CODE_ONLY","Assets/_Project/Scripts/Core/Services/Tick/TickOrder.cs","TickOrder","System.Object","False","2","Assets/_Project/Scripts/Core/Bootstrap/Bootstrapper.cs | Assets/_Project/Tests/EditMode/Sprint1Verification/TickServiceCurrentEditModeTests.cs","Not serialized in project assets, but referenced by C# source."
"USED_CODE_ONLY","Assets/_Project/Scripts/Core/Services/Tick/TickService.cs","TickService","System.Object","False","5","Assets/_Project/Scripts/Core/Bootstrap/Bootstrapper.cs | Assets/_Project/Scripts/Core/Services/PlayerControl/IPlayerControlService.cs | Assets/_Project/Scripts/Core/Services/Tick/TickOrder.cs | Assets/_Project/Tests/EditMode/Sprint1Verification/Sprint1CoreArchitectureCurrentEditModeTests.cs | Assets/_Project/Tests/EditMode/Sprint1Verification/TickServiceCurrentEditModeTests.cs","Not serialized in project assets, but referenced by C# source."
"USED_CODE_ONLY","Assets/_Project/Scripts/Core/Services/Time/GameTimePauseScopeService.cs","GameTimePauseScopeService","CustomService","False","1","Assets/_Project/Scripts/Core/Bootstrap/Bootstrapper.cs","Not serialized in project assets, but referenced by C# source."
"USED_CODE_ONLY","Assets/_Project/Scripts/Core/Services/Time/GameTimeService.cs","GameTimeService","CustomService","False","4","Assets/_Project/Scripts/Core/Bootstrap/Bootstrapper.cs | Assets/_Project/Scripts/Core/Services/Npc/SystemNpcCombatService.cs | Assets/_Project/Scripts/Data/Runtime/Game/GameRuntimeMetaState.cs | Assets/_Project/Scripts/Presentation/Travel/SystemTravelVisualController2A.cs","Not serialized in project assets, but referenced by C# source."
"USED_CODE_ONLY","Assets/_Project/Scripts/Core/Services/Time/IGameTimePauseScopeService.cs","IGameTimePauseScopeService","","False","2","Assets/_Project/Scripts/Core/Bootstrap/Bootstrapper.cs | Assets/_Project/Scripts/Core/Services/Time/GameTimePauseScopeService.cs","Not serialized in project assets, but referenced by C# source."
"USED_CODE_ONLY","Assets/_Project/Scripts/Core/Services/Time/IGameTimeService.cs","IGameTimeService","","False","9","Assets/_Project/Scripts/Core/Bootstrap/Bootstrapper.cs | Assets/_Project/Scripts/Core/Services/Combat/PlayerAttackService.cs | Assets/_Project/Scripts/Core/Services/Save/SaveService2A.cs | Assets/_Project/Scripts/Core/Services/Time/GameTimePauseScopeService.cs | Assets/_Project/Scripts/Core/Services/Time/GameTimeService.cs | Assets/_Project/Scripts/Presentation/Planet/PlanetController.cs | Assets/_Project/Scripts/Presentation/Travel/SystemMapDestinationController2.cs | Assets/_Project/Scripts/Presentation/Travel/SystemTravelHudController.cs | Assets/_Project/Tests/EditMode/Sprint1Verification/TickServiceCurrentEditModeTests.cs","Not serialized in project assets, but referenced by C# source."
"USED_CODE_ONLY","Assets/_Project/Scripts/Core/Services/Travel/ISystemTravelService.cs","ISystemTravelService","","False","21","Assets/_Project/Scripts/Core/Bootstrap/Bootstrapper.cs | Assets/_Project/Scripts/Core/Services/Session/GameSessionService.cs | Assets/_Project/Scripts/Core/Services/Time/GameTimeService.cs | Assets/_Project/Scripts/Core/Services/Travel/SystemTravelService.cs | Assets/_Project/Scripts/Presentation/Galaxy/BottomPanel/GalaxySystemInfoPanel2A.cs | Assets/_Project/Scripts/Presentation/Galaxy/System/GalaxyMapSystemBuilder.cs | Assets/_Project/Scripts/Presentation/Input/MetaSceneKeyboardTravelBridge2A.cs | Assets/_Project/Scripts/Presentation/Input/ShipClickCancelMovement2A.cs | Assets/_Project/Scripts/Presentation/Npc/GalaxyNpcCombatVisualController.cs | Assets/_Project/Scripts/Presentation/Npc/SystemNpcCombatVisualController.cs | Assets/_Project/Scripts/Presentation/Npc/SystemNpcViewBinder.cs | Assets/_Project/Scripts/Presentation/Planet/PlanetController.cs | Assets/_Project/Scripts/Presentation/StarSystem/Camera/SystemCameraController2A.cs | Assets/_Project/Scripts/Presentation/StarSystem/SystemShipMarkerController2.cs | Assets/_Project/Scripts/Presentation/SystemScene/MetaSceneInstaller2A.cs | Assets/_Project/Scripts/Presentation/SystemScene/MetaSceneShipStateBridge2A.cs | Assets/_Project/Scripts/Presentation/Travel/SystemMapDestinationController2.cs | Assets/_Project/Scripts/Presentation/Travel/SystemTransitionController2.cs | Assets/_Project/Scripts/Presentation/Travel/SystemTravelHudController.cs | Assets/_Project/Scripts/Presentation/Travel/SystemTravelVisualController2.cs","Not serialized in project assets, but referenced by C# source."
"USED_CODE_ONLY","Assets/_Project/Scripts/Core/Services/Travel/ITravelService.cs","ITravelService","","False","12","Assets/_Project/Scripts/Core/Bootstrap/Bootstrapper.cs | Assets/_Project/Scripts/Core/Services/Interaction/InteractionService2A.cs | Assets/_Project/Scripts/Core/Services/Interaction/TravelPointInteractionHandler2A.cs | Assets/_Project/Scripts/Core/Services/Travel/TravelService2A.cs | Assets/_Project/Scripts/Presentation/Galaxy/BottomPanel/GalaxySystemInfoPanel2A.cs | Assets/_Project/Scripts/Presentation/Galaxy/RoutePreview/GalaxyRoutePreviewBinder2A.cs | Assets/_Project/Scripts/Presentation/Galaxy/System/GalaxyMapSystemBuilder.cs | Assets/_Project/Scripts/Presentation/Galaxy/System/StarSystemNodeView2A.cs | Assets/_Project/Scripts/Presentation/Planet/PlanetController.cs | Assets/_Project/Scripts/Presentation/Travel/SystemTransitionController2.cs | Assets/_Project/Tests/EditMode/Sprint3Verification/S03_02_BootstrapContractTests.cs | Assets/_Project/Tests/EditMode/Sprint3Verification/S03_02_TravelFuelTests.cs","Not serialized in project assets, but referenced by C# source."
"USED_CODE_ONLY","Assets/_Project/Scripts/Core/Services/Travel/SystemTravelService.cs","SystemTravelService","CustomService","False","6","Assets/_Project/Scripts/Core/Bootstrap/Bootstrapper.cs | Assets/_Project/Scripts/Core/Services/Travel/TravelService2A.cs | Assets/_Project/Scripts/Presentation/StarSystem/SystemShipMarkerController2.cs | Assets/_Project/Scripts/Presentation/SystemExit/SystemExitNodeView2A.cs | Assets/_Project/Scripts/Presentation/SystemScene/MetaSceneInstaller2A.cs | Assets/_Project/Tests/EditMode/Sprint3Verification/S03_02_TravelFuelTests.cs","Not serialized in project assets, but referenced by C# source."
"USED_CODE_ONLY","Assets/_Project/Scripts/Core/Services/Travel/SystemTravelSunAvoidancePath2A.cs","SystemTravelSunAvoidancePath2A","System.Object","False","1","Assets/_Project/Scripts/Core/Services/Travel/SystemTravelService.cs","Not serialized in project assets, but referenced by C# source."
"USED_CODE_ONLY","Assets/_Project/Scripts/Core/Services/Travel/TravelRoutePreview2A.cs","TravelRoutePreview2A","System.Object","False","4","Assets/_Project/Scripts/Core/Services/Travel/ISystemTravelService.cs | Assets/_Project/Scripts/Core/Services/Travel/SystemTravelService.cs | Assets/_Project/Scripts/Presentation/Travel/SystemTravelVisualController2A.cs | Assets/_Project/Scripts/Presentation/Travel/TravelLineView2A.cs","Not serialized in project assets, but referenced by C# source."
"USED_CODE_ONLY","Assets/_Project/Scripts/Core/Services/Travel/TravelService2A.cs","TravelService2A","CustomService","False","7","Assets/_Project/Scripts/Core/Bootstrap/Bootstrapper.cs | Assets/_Project/Scripts/Core/Services/Fuel/RefuelService.cs | Assets/_Project/Scripts/Core/Services/Interaction/TravelPointInteractionHandler2A.cs | Assets/_Project/Scripts/Presentation/Galaxy/RoutePreview/GalaxyRoutePreviewBinder2A.cs | Assets/_Project/Tests/EditMode/Sprint3Verification/S03_02_BootstrapContractTests.cs | Assets/_Project/Tests/EditMode/Sprint3Verification/S03_02_FuelContractTests.cs | Assets/_Project/Tests/EditMode/Sprint3Verification/S03_02_TravelFuelTests.cs","Not serialized in project assets, but referenced by C# source."
"USED_CODE_ONLY","Assets/_Project/Scripts/Core/StateMachine/BootstrapState.cs","BootstrapState","System.Object","False","2","Assets/_Project/Scripts/Core/Bootstrap/Bootstrapper.cs | Assets/_Project/Tests/EditMode/Sprint1Verification/SceneFlowContractCurrentEditModeTests.cs","Not serialized in project assets, but referenced by C# source."
"USED_CODE_ONLY","Assets/_Project/Scripts/Core/StateMachine/CombatState.cs","CombatState","System.Object","False","7","Assets/_Project/Scripts/Core/Services/Npc/SystemNpcBehaviorService.cs | Assets/_Project/Scripts/Core/Services/Npc/SystemNpcCombatService.cs | Assets/_Project/Scripts/Core/Services/Npc/SystemNpcMovementRouteService.cs | Assets/_Project/Scripts/Core/Services/Npc/SystemNpcRuntimeFactory.cs | Assets/_Project/Scripts/Core/Services/Npc/SystemNpcSimulationSaveService.cs | Assets/_Project/Scripts/Data/Domain/Npc/SystemNpcRuntimeState.cs | Assets/_Project/Scripts/Data/Save/Npc/SystemNpcSaveData.cs","Not serialized in project assets, but referenced by C# source."
"USED_CODE_ONLY","Assets/_Project/Scripts/Core/StateMachine/GalaxyState.cs","GalaxyState","CustomService","False","1","Assets/_Project/Scripts/Presentation/StarSystem/SystemMapHUDController.cs","Not serialized in project assets, but referenced by C# source."
"USED_CODE_ONLY","Assets/_Project/Scripts/Core/StateMachine/GameStateMachine.cs","GameStateMachine","System.Object","False","3","Assets/_Project/Scripts/Core/Bootstrap/Bootstrapper.cs | Assets/_Project/Scripts/Core/Services/Game/ContinueGameService.cs | Assets/_Project/Scripts/Core/Services/Game/NewGameService.cs","Not serialized in project assets, but referenced by C# source."
"USED_CODE_ONLY","Assets/_Project/Scripts/Core/StateMachine/IGameState.cs","IGameState","","False","7","Assets/_Project/Scripts/Core/StateMachine/BootstrapState.cs | Assets/_Project/Scripts/Core/StateMachine/CombatState.cs | Assets/_Project/Scripts/Core/StateMachine/GalaxyState.cs | Assets/_Project/Scripts/Core/StateMachine/GameStateMachine.cs | Assets/_Project/Scripts/Core/StateMachine/IGameStateMachine.cs | Assets/_Project/Scripts/Core/StateMachine/MenuState.cs | Assets/_Project/Scripts/Core/StateMachine/SystemState.cs","Not serialized in project assets, but referenced by C# source."
"USED_CODE_ONLY","Assets/_Project/Scripts/Core/StateMachine/IGameStateMachine.cs","IGameStateMachine","","False","9","Assets/_Project/Scripts/Core/Bootstrap/Bootstrapper.cs | Assets/_Project/Scripts/Core/Services/Game/ContinueGameService.cs | Assets/_Project/Scripts/Core/Services/Game/NewGameService.cs | Assets/_Project/Scripts/Core/StateMachine/BootstrapState.cs | Assets/_Project/Scripts/Core/StateMachine/GameStateMachine.cs | Assets/_Project/Scripts/Presentation/Galaxy/BottomPanel/GalaxySystemInfoPanel2A.cs | Assets/_Project/Scripts/Presentation/Galaxy/System/GalaxyMapSystemBuilder.cs | Assets/_Project/Scripts/Presentation/StarSystem/SystemMapHUDController.cs | Assets/_Project/Scripts/Presentation/SystemScene/MetaHUDController.cs","Not serialized in project assets, but referenced by C# source."
"USED_CODE_ONLY","Assets/_Project/Scripts/Core/StateMachine/MenuState.cs","MenuState","System.Object","False","1","Assets/_Project/Scripts/Presentation/SystemScene/MetaHUDController.cs","Not serialized in project assets, but referenced by C# source."
"USED_CODE_ONLY","Assets/_Project/Scripts/Core/StateMachine/SystemState.cs","SystemState","System.Object","False","4","Assets/_Project/Scripts/Core/Services/Game/ContinueGameService.cs | Assets/_Project/Scripts/Core/Services/Game/NewGameService.cs | Assets/_Project/Scripts/Presentation/Galaxy/BottomPanel/GalaxySystemInfoPanel2A.cs | Assets/_Project/Scripts/Presentation/Galaxy/System/GalaxyMapSystemBuilder.cs","Not serialized in project assets, but referenced by C# source."
"USED_CODE_ONLY","Assets/_Project/Scripts/Data/Configs/BaseConfig.cs","BaseConfig","UnityEngine.ScriptableObject","False","35","Assets/_Project/Scripts/Core/Services/Config/ConfigService.cs | Assets/_Project/Scripts/Data/Configs/AllyConfig.cs | Assets/_Project/Scripts/Data/Configs/AllySpawnRuleConfig.cs | Assets/_Project/Scripts/Data/Configs/EncounterConfig.cs | Assets/_Project/Scripts/Data/Configs/EnemyConfig.cs | Assets/_Project/Scripts/Data/Configs/EnemyGroupSpawnRuleConfig.cs | Assets/_Project/Scripts/Data/Configs/GalaxyConfig.cs | Assets/_Project/Scripts/Data/Configs/ItemConfig.cs | Assets/_Project/Scripts/Data/Configs/MarketProfileConfig.cs | Assets/_Project/Scripts/Data/Configs/MissionTemplateConfig.cs | Assets/_Project/Scripts/Data/Configs/ModuleConfig.cs | Assets/_Project/Scripts/Data/Configs/NewGameConfig.cs | Assets/_Project/Scripts/Data/Configs/PirateConfig.cs | Assets/_Project/Scripts/Data/Configs/PirateGroupSpawnRuleConfig.cs | Assets/_Project/Scripts/Data/Configs/PlanetConfig.cs | Assets/_Project/Scripts/Data/Configs/PlanetMissionConfig.cs | Assets/_Project/Scripts/Data/Configs/PlanetOrbitConfig.cs | Assets/_Project/Scripts/Data/Configs/RewardConfig.cs | Assets/_Project/Scripts/Data/Configs/RouteConfig.cs | Assets/_Project/Scripts/Data/Configs/RouteEndpointConfig.cs","Not serialized in project assets, but referenced by C# source."
"USED_CODE_ONLY","Assets/_Project/Scripts/Data/Configs/EnemyGroupEntryConfig.cs","EnemyGroupEntryConfig","System.Object","False","2","Assets/_Project/Scripts/Core/Services/Npc/SystemNpcPopulationService.cs | Assets/_Project/Scripts/Data/Configs/EnemyGroupSpawnRuleConfig.cs","Not serialized in project assets, but referenced by C# source."
"USED_CODE_ONLY","Assets/_Project/Scripts/Data/Configs/PirateGroupEntryConfig.cs","PirateGroupEntryConfig","System.Object","False","2","Assets/_Project/Scripts/Core/Services/Npc/SystemNpcPopulationService.cs | Assets/_Project/Scripts/Data/Configs/PirateGroupSpawnRuleConfig.cs","Not serialized in project assets, but referenced by C# source."
"USED_CODE_ONLY","Assets/_Project/Scripts/Data/Configs/SystemNpcBehaviorWeight.cs","SystemNpcBehaviorWeight","System.Object","False","4","Assets/_Project/Scripts/Core/Services/Npc/SystemNpcBehaviorSelector.cs | Assets/_Project/Scripts/Core/Services/Npc/SystemNpcBehaviorService.cs | Assets/_Project/Scripts/Data/Configs/AllySpawnRuleConfig.cs | Assets/_Project/Scripts/Data/Configs/PirateGroupSpawnRuleConfig.cs","Not serialized in project assets, but referenced by C# source."
"USED_CODE_ONLY","Assets/_Project/Scripts/Data/Domain/Combat/GovernmentRewardResult.cs","GovernmentRewardResult","System.ValueType","False","3","Assets/_Project/Scripts/Core/Services/Combat/GovernmentRewardService.cs | Assets/_Project/Scripts/Core/Services/Combat/IGovernmentRewardService.cs | Assets/_Project/Scripts/Presentation/Combat/SystemEncounter/GovernmentRewardClaimButtonController.cs","Not serialized in project assets, but referenced by C# source."
"USED_CODE_ONLY","Assets/_Project/Scripts/Data/Domain/Economy/EconomyOperationResult.cs","EconomyOperationResult","System.ValueType","False","3","Assets/_Project/Scripts/Core/Services/Economy/EconomyService.cs | Assets/_Project/Scripts/Core/Services/Economy/IEconomyService.cs | Assets/_Project/Scripts/Presentation/Market/MarketScreenController.cs","Not serialized in project assets, but referenced by C# source."
"USED_CODE_ONLY","Assets/_Project/Scripts/Data/Domain/Economy/MarketItemData.cs","MarketItemData","System.Object","False","3","Assets/_Project/Scripts/Core/Services/Economy/EconomyService.cs | Assets/_Project/Scripts/Core/Services/Economy/IEconomyService.cs | Assets/_Project/Scripts/Presentation/Market/MarketScreenController.cs","Not serialized in project assets, but referenced by C# source."
"USED_CODE_ONLY","Assets/_Project/Scripts/Data/Domain/Hangar/HangarOperationResult.cs","HangarOperationResult","System.Object","False","3","Assets/_Project/Scripts/Core/Services/Hangar/HangarService.cs | Assets/_Project/Scripts/Core/Services/Hangar/IHangarService.cs | Assets/_Project/Scripts/Data/Domain/Hangar/ShipSlotRules.cs","Not serialized in project assets, but referenced by C# source."
"USED_CODE_ONLY","Assets/_Project/Scripts/Data/Domain/Hangar/ShipSlotRules.cs","ShipSlotRules","System.Object","False","1","Assets/_Project/Scripts/Core/Services/Hangar/HangarService.cs","Not serialized in project assets, but referenced by C# source."
"USED_CODE_ONLY","Assets/_Project/Scripts/Data/Domain/Interaction/IInteractionHandler2A.cs","IInteractionHandler2A","","False","2","Assets/_Project/Scripts/Core/Services/Interaction/InteractionService2A.cs | Assets/_Project/Scripts/Core/Services/Interaction/TravelPointInteractionHandler2A.cs","Not serialized in project assets, but referenced by C# source."
"USED_CODE_ONLY","Assets/_Project/Scripts/Data/Domain/Interaction/InteractionDescriptor2A.cs","InteractionDescriptor2A","System.Object","False","5","Assets/_Project/Scripts/Core/Services/Interaction/InteractionService2A.cs | Assets/_Project/Scripts/Core/Services/Interaction/TravelPointInteractionHandler2A.cs | Assets/_Project/Scripts/Data/Domain/Interaction/IInteractionHandler2A.cs | Assets/_Project/Scripts/Data/Domain/Interaction/InteractionExecutionResult2A.cs | Assets/_Project/Scripts/Data/Events/Interaction/InteractionAvailabilityChangedEvent2A.cs","Not serialized in project assets, but referenced by C# source."
"USED_CODE_ONLY","Assets/_Project/Scripts/Data/Domain/Interaction/InteractionExecutionResult2A.cs","InteractionExecutionResult2A","System.Object","False","5","Assets/_Project/Scripts/Core/Services/Interaction/IInteractionService2A.cs | Assets/_Project/Scripts/Core/Services/Interaction/InteractionService2A.cs | Assets/_Project/Scripts/Core/Services/Interaction/TravelPointInteractionHandler2A.cs | Assets/_Project/Scripts/Data/Domain/Interaction/IInteractionHandler2A.cs | Assets/_Project/Scripts/Data/Events/Interaction/InteractionExecutionEvent2A.cs","Not serialized in project assets, but referenced by C# source."
"USED_CODE_ONLY","Assets/_Project/Scripts/Data/Domain/Market/BuyItemResult.cs","BuyItemResult","System.Object","False","3","Assets/_Project/Scripts/Core/Services/MarketTransaction/IMarketTransactionService.cs | Assets/_Project/Scripts/Core/Services/MarketTransaction/MarketTransactionService.cs | Assets/_Project/Scripts/Presentation/Market/MarketScreenController.cs","Not serialized in project assets, but referenced by C# source."
"USED_CODE_ONLY","Assets/_Project/Scripts/Data/Domain/Market/MarketItemEntry.cs","MarketItemEntry","System.Object","False","6","Assets/_Project/Scripts/Core/Services/Market/CurrentMarketItemsProvider.cs | Assets/_Project/Scripts/Core/Services/Market/ICurrentMarketItemsProvider.cs | Assets/_Project/Scripts/Core/Services/Market/PlanetMarketPriceProvider.cs | Assets/_Project/Scripts/Data/Configs/MarketProfileConfig.cs | Assets/_Project/Scripts/Presentation/Market/MarketItemRowView.cs | Assets/_Project/Scripts/Presentation/Market/MarketScreenController.cs","Not serialized in project assets, but referenced by C# source."
"USED_CODE_ONLY","Assets/_Project/Scripts/Data/Domain/Market/SellItemResult.cs","SellItemResult","System.Object","False","3","Assets/_Project/Scripts/Core/Services/MarketTransaction/IMarketTransactionService.cs | Assets/_Project/Scripts/Core/Services/MarketTransaction/MarketTransactionService.cs | Assets/_Project/Scripts/Presentation/Market/MarketScreenController.cs","Not serialized in project assets, but referenced by C# source."
"USED_CODE_ONLY","Assets/_Project/Scripts/Data/Domain/Mission/MissionObjectiveData.cs","MissionObjectiveData","System.Object","False","3","Assets/_Project/Scripts/Core/Services/Mission/PlanetMissionOfferGenerator.cs | Assets/_Project/Scripts/Data/Runtime/MissionInstanceData.cs | Assets/_Project/Scripts/Data/Runtime/MissionSaveData.cs","Not serialized in project assets, but referenced by C# source."
"USED_CODE_ONLY","Assets/_Project/Scripts/Data/Domain/Mission/MissionRewardData.cs","MissionRewardData","System.Object","False","3","Assets/_Project/Scripts/Core/Services/Mission/PlanetMissionOfferGenerator.cs | Assets/_Project/Scripts/Data/Runtime/MissionInstanceData.cs | Assets/_Project/Scripts/Data/Runtime/MissionSaveData.cs","Not serialized in project assets, but referenced by C# source."
"USED_CODE_ONLY","Assets/_Project/Scripts/Data/Domain/Npc/SystemNpcRuntimeState.cs","SystemNpcRuntimeState","System.Object","False","17","Assets/_Project/Scripts/Core/Services/Combat/PlayerAttackService.cs | Assets/_Project/Scripts/Core/Services/Mission/MissionTracker.cs | Assets/_Project/Scripts/Core/Services/Npc/ISystemNpcBehaviorService.cs | Assets/_Project/Scripts/Core/Services/Npc/ISystemNpcMovementRouteService.cs | Assets/_Project/Scripts/Core/Services/Npc/ISystemNpcRuntimeService.cs | Assets/_Project/Scripts/Core/Services/Npc/SystemNpcBehaviorService.cs | Assets/_Project/Scripts/Core/Services/Npc/SystemNpcCombatService.cs | Assets/_Project/Scripts/Core/Services/Npc/SystemNpcMovementRouteService.cs | Assets/_Project/Scripts/Core/Services/Npc/SystemNpcMovementService.cs | Assets/_Project/Scripts/Core/Services/Npc/SystemNpcPopulationService.cs | Assets/_Project/Scripts/Core/Services/Npc/SystemNpcRuntimeFactory.cs | Assets/_Project/Scripts/Core/Services/Npc/SystemNpcRuntimeService.cs | Assets/_Project/Scripts/Core/Services/Npc/SystemNpcSimulationSaveService.cs | Assets/_Project/Scripts/Data/Events/Npc/SystemNpcTravelStateChangedEvent.cs | Assets/_Project/Scripts/Presentation/Npc/SystemNpcCombatVisualController.cs | Assets/_Project/Scripts/Presentation/Npc/SystemNpcView.cs | Assets/_Project/Scripts/Presentation/Npc/SystemNpcViewBinder.cs","Not serialized in project assets, but referenced by C# source."
"USED_CODE_ONLY","Assets/_Project/Scripts/Data/Domain/Npc/SystemNpcWeaponRuntimeState.cs","SystemNpcWeaponRuntimeState","System.Object","False","4","Assets/_Project/Scripts/Core/Services/Npc/SystemNpcCombatService.cs | Assets/_Project/Scripts/Core/Services/Npc/SystemNpcRuntimeFactory.cs | Assets/_Project/Scripts/Core/Services/Npc/SystemNpcSimulationSaveService.cs | Assets/_Project/Scripts/Data/Domain/Npc/SystemNpcRuntimeState.cs","Not serialized in project assets, but referenced by C# source."
"USED_CODE_ONLY","Assets/_Project/Scripts/Data/Domain/Planet/PlanetOfferedMissionData.cs","PlanetOfferedMissionData","System.Object","False","9","Assets/_Project/Scripts/Core/Services/Mission/IPlanetGovernmentMissionService.cs | Assets/_Project/Scripts/Core/Services/Mission/IPlanetMissionOfferGenerator.cs | Assets/_Project/Scripts/Core/Services/Mission/IPlanetMissionOfferStateService.cs | Assets/_Project/Scripts/Core/Services/Mission/PlanetGovernmentMissionService.cs | Assets/_Project/Scripts/Core/Services/Mission/PlanetMissionOfferGenerator.cs | Assets/_Project/Scripts/Core/Services/Mission/PlanetMissionOfferStateService.cs | Assets/_Project/Scripts/Core/Services/Save/SaveService2A.cs | Assets/_Project/Scripts/Data/Runtime/RuntimeMissionSaveBlock.cs | Assets/_Project/Scripts/Presentation/Government/PlanetGovernmentMissionPresenter.cs","Not serialized in project assets, but referenced by C# source."
"USED_CODE_ONLY","Assets/_Project/Scripts/Data/Domain/Repair/RepairResult.cs","RepairResult","System.Object","False","2","Assets/_Project/Scripts/Core/Services/Repair/IRepairService.cs | Assets/_Project/Scripts/Core/Services/Repair/RepairService.cs","Not serialized in project assets, but referenced by C# source."
"USED_CODE_ONLY","Assets/_Project/Scripts/Data/Domain/Reward/RewardGrantResult.cs","RewardGrantResult","System.Object","False","1","Assets/_Project/Scripts/Data/Events/Reward/RewardGrantedEvent.cs","Not serialized in project assets, but referenced by C# source."
"USED_CODE_ONLY","Assets/_Project/Scripts/Data/Domain/Reward/RewardItemEntry.cs","RewardItemEntry","System.Object","False","2","Assets/_Project/Scripts/Data/Domain/Reward/RewardGrantRequest.cs | Assets/_Project/Scripts/Data/Domain/Reward/RewardGrantResult.cs","Not serialized in project assets, but referenced by C# source."
"USED_CODE_ONLY","Assets/_Project/Scripts/Data/Domain/ShipStats/ShipFinalStats.cs","ShipFinalStats","System.Object","False","6","Assets/_Project/Scripts/Core/Services/ShipMovement/IShipMovementService.cs | Assets/_Project/Scripts/Core/Services/ShipMovement/ShipMovementService2A.cs | Assets/_Project/Scripts/Core/Services/ShipStats/IShipStatsService.cs | Assets/_Project/Scripts/Core/Services/ShipStats/ShipStatsService.cs | Assets/_Project/Scripts/Data/Configs/FuelConfig.cs | Assets/_Project/Tests/EditMode/Sprint3Verification/ShipMovementServiceEditModeTests.cs","Not serialized in project assets, but referenced by C# source."
"USED_CODE_ONLY","Assets/_Project/Scripts/Data/Domain/ShipStats/ShipStats.cs","ShipStats","System.Object","False","3","Assets/_Project/Scripts/Core/Services/Hangar/HangarService.cs | Assets/_Project/Scripts/Core/Services/Hangar/IHangarService.cs | Assets/_Project/Scripts/Core/Services/Ship/ShipStatCalculator.cs","Not serialized in project assets, but referenced by C# source."
"USED_CODE_ONLY","Assets/_Project/Scripts/Data/Domain/StartSystem/StarSystemLink.cs","StarSystemLink","System.Object","False","16","Assets/_Project/Scripts/Core/Services/Config/ConfigService.cs | Assets/_Project/Scripts/Core/Services/Config/IConfigService.cs | Assets/_Project/Scripts/Core/Services/Npc/SystemNpcBehaviorService.cs | Assets/_Project/Scripts/Core/Services/Route/GalaxyMapPathFinder.cs | Assets/_Project/Scripts/Core/Services/Travel/ISystemTravelService.cs | Assets/_Project/Scripts/Core/Services/Travel/SystemTravelService.cs | Assets/_Project/Scripts/Data/Configs/StarSystemConfig.cs | Assets/_Project/Scripts/Data/Domain/Travel/SystemTravelDestination.cs | Assets/_Project/Scripts/Data/Events/ExitMapChangedEvent.cs | Assets/_Project/Scripts/Data/Events/Travel/SystemTravelCompletedEvent.cs | Assets/_Project/Scripts/Data/Galaxy/GalaxyNodeData.cs | Assets/_Project/Scripts/Presentation/StarSystem/SystemMapController2.cs | Assets/_Project/Scripts/Presentation/SystemExit/SystemExitNodeView.cs | Assets/_Project/Scripts/Presentation/Targeting/TravelPointInteractionTarget2A.cs | Assets/_Project/Scripts/Tools/Validation/Validators/StarSystemConnectivityValidator.cs | Assets/_Project/Tests/EditMode/Sprint1Verification/Sprint1CurrentTestEnvironment.cs","Not serialized in project assets, but referenced by C# source."
"USED_CODE_ONLY","Assets/_Project/Scripts/Data/Domain/SystemTravel/SystemTravelMath.cs","SystemTravelMath","System.Object","False","1","Assets/_Project/Scripts/Core/Services/Npc/SystemNpcMovementService.cs","Not serialized in project assets, but referenced by C# source."
"USED_CODE_ONLY","Assets/_Project/Scripts/Data/Domain/SystemTravel/SystemTravelMathResult.cs","SystemTravelMathResult","System.ValueType","False","2","Assets/_Project/Scripts/Core/Services/Npc/SystemNpcMovementService.cs | Assets/_Project/Scripts/Data/Domain/SystemTravel/SystemTravelMath.cs","Not serialized in project assets, but referenced by C# source."
"USED_CODE_ONLY","Assets/_Project/Scripts/Data/Domain/Time/GameTimeState.cs","GameTimeState","System.Object","False","2","Assets/_Project/Scripts/Core/Services/Time/GameTimeService.cs | Assets/_Project/Scripts/Core/Services/Time/IGameTimeService.cs","Not serialized in project assets, but referenced by C# source."
"USED_CODE_ONLY","Assets/_Project/Scripts/Data/Domain/Travel/SystemTravelDestination.cs","SystemTravelDestination","System.Object","False","2","Assets/_Project/Scripts/Core/Services/Travel/SystemTravelService.cs | Assets/_Project/Scripts/Data/Enums/Travel/SystemTravelState.cs","Not serialized in project assets, but referenced by C# source."
"USED_CODE_ONLY","Assets/_Project/Scripts/Data/Domain/Travel/TravelResult.cs","TravelResult","System.Object","False","6","Assets/_Project/Scripts/Core/Services/Interaction/TravelPointInteractionHandler2A.cs | Assets/_Project/Scripts/Core/Services/Travel/ITravelService.cs | Assets/_Project/Scripts/Core/Services/Travel/TravelService2A.cs | Assets/_Project/Scripts/Presentation/Galaxy/BottomPanel/GalaxySystemInfoPanel2A.cs | Assets/_Project/Scripts/Presentation/Galaxy/RoutePreview/GalaxyRoutePreviewBinder2A.cs | Assets/_Project/Tests/EditMode/Sprint3Verification/S03_02_TravelFuelTests.cs","Not serialized in project assets, but referenced by C# source."
"USED_CODE_ONLY","Assets/_Project/Scripts/Data/Enums/Fuel/RefuelResult.cs","RefuelResult","System.Object","False","3","Assets/_Project/Scripts/Core/Services/Fuel/IRefuelService.cs | Assets/_Project/Scripts/Core/Services/Fuel/RefuelService.cs | Assets/_Project/Scripts/Presentation/Fuel/RefuelPanelController.cs","Not serialized in project assets, but referenced by C# source."
"USED_CODE_ONLY","Assets/_Project/Scripts/Data/Enums/Travel/SystemTravelState.cs","SystemTravelState","System.Object","False","7","Assets/_Project/Scripts/Core/Services/Travel/ISystemTravelService.cs | Assets/_Project/Scripts/Core/Services/Travel/SystemTravelService.cs | Assets/_Project/Scripts/Presentation/Galaxy/System/GalaxyMapSystemBuilder.cs | Assets/_Project/Scripts/Presentation/StarSystem/SystemShipMarkerController2.cs | Assets/_Project/Scripts/Presentation/Travel/SystemTravelHudController.cs | Assets/_Project/Scripts/Presentation/Travel/SystemTravelVisualController2.cs | Assets/_Project/Scripts/Presentation/Travel/SystemTravelVisualController2A.cs","Not serialized in project assets, but referenced by C# source."
"USED_CODE_ONLY","Assets/_Project/Scripts/Data/Events/Ally/SystemAllyCreatedEvent.cs","SystemAllyCreatedEvent","System.ValueType","False","1","Assets/_Project/Scripts/Core/Services/Combat/SystemAllyService.cs","Not serialized in project assets, but referenced by C# source."
"USED_CODE_ONLY","Assets/_Project/Scripts/Data/Events/Ally/SystemAllyDamagedEvent.cs","SystemAllyDamagedEvent","System.ValueType","False","1","Assets/_Project/Scripts/Core/Services/Combat/SystemAllyService.cs","Not serialized in project assets, but referenced by C# source."
"USED_CODE_ONLY","Assets/_Project/Scripts/Data/Events/Ally/SystemAllyDestroyedEvent.cs","SystemAllyDestroyedEvent","System.ValueType","False","2","Assets/_Project/Scripts/Core/Services/Combat/SystemAllyService.cs | Assets/_Project/Scripts/Presentation/Combat/Ally/AllySystemMapEntity.cs","Not serialized in project assets, but referenced by C# source."
"USED_CODE_ONLY","Assets/_Project/Scripts/Data/Events/Ally/SystemAllyPositionChangedEvent.cs","SystemAllyPositionChangedEvent","System.ValueType","False","1","Assets/_Project/Scripts/Core/Services/Combat/SystemAllyService.cs","Not serialized in project assets, but referenced by C# source."
"USED_CODE_ONLY","Assets/_Project/Scripts/Data/Events/CargoChangedEvent.cs","CargoChangedEvent","System.Object","False","2","Assets/_Project/Scripts/Core/Services/Inventory/InventoryService.cs | Assets/_Project/Scripts/Presentation/Market/MarketScreenController.cs","Not serialized in project assets, but referenced by C# source."
"USED_CODE_ONLY","Assets/_Project/Scripts/Data/Events/Combat/GovernmentRewardClaimedEvent.cs","GovernmentRewardClaimedEvent","System.ValueType","False","1","Assets/_Project/Scripts/Core/Services/Combat/GovernmentRewardService.cs","Not serialized in project assets, but referenced by C# source."
"USED_CODE_ONLY","Assets/_Project/Scripts/Data/Events/Combat/PlayerDamagedByNpcEvent.cs","PlayerDamagedByNpcEvent","System.ValueType","False","1","Assets/_Project/Scripts/Core/Services/Combat/PlayerCombatTargetService.cs","Not serialized in project assets, but referenced by C# source."
"USED_CODE_ONLY","Assets/_Project/Scripts/Data/Events/Combat/SystemEncounterDefeatedEvent.cs","SystemEncounterDefeatedEvent","System.ValueType","False","1","Assets/_Project/Scripts/Core/Services/Combat/SystemEncounterService.cs","Not serialized in project assets, but referenced by C# source."
"USED_CODE_ONLY","Assets/_Project/Scripts/Data/Events/Combat/SystemEncounterResolvedEvent.cs","SystemEncounterResolvedEvent","System.ValueType","False","1","Assets/_Project/Scripts/Core/Services/Combat/SystemEncounterService.cs","Not serialized in project assets, but referenced by C# source."
"USED_CODE_ONLY","Assets/_Project/Scripts/Data/Events/Combat/SystemEncounterStartedEvent.cs","SystemEncounterStartedEvent","System.ValueType","False","1","Assets/_Project/Scripts/Core/Services/Combat/SystemEncounterService.cs","Not serialized in project assets, but referenced by C# source."
"USED_CODE_ONLY","Assets/_Project/Scripts/Data/Events/Combat/SystemEncounterStateChangedEvent.cs","SystemEncounterStateChangedEvent","System.ValueType","False","1","Assets/_Project/Scripts/Core/Services/Combat/SystemEncounterService.cs","Not serialized in project assets, but referenced by C# source."
"USED_CODE_ONLY","Assets/_Project/Scripts/Data/Events/Combat/SystemEncounterVictoryPendingRewardEvent.cs","SystemEncounterVictoryPendingRewardEvent","System.ValueType","False","1","Assets/_Project/Scripts/Core/Services/Combat/SystemEncounterService.cs","Not serialized in project assets, but referenced by C# source."
"USED_CODE_ONLY","Assets/_Project/Scripts/Data/Events/Credits/CreditsChangedEvent.cs","CreditsChangedEvent","System.Object","False","4","Assets/_Project/Scripts/Core/Services/Economy/EconomyService.cs | Assets/_Project/Scripts/Core/Services/Fuel/RefuelService.cs | Assets/_Project/Scripts/Presentation/SystemScene/MetaHUDController.cs | Assets/_Project/Tests/EditMode/Sprint3Verification/S03_02_FuelContractTests.cs","Not serialized in project assets, but referenced by C# source."
"USED_CODE_ONLY","Assets/_Project/Scripts/Data/Events/CurrentSystemEntered.cs","CurrentSystemEnteredEvent","System.Object","False","3","Assets/_Project/Scripts/Core/Services/StarSystem/SystemContextService.cs | Assets/_Project/Scripts/Core/Services/Travel/TravelService2A.cs | Assets/_Project/Scripts/Presentation/Galaxy/Route/GalaxyMapRoutesBuilder2A.cs","Not serialized in project assets, but referenced by C# source."
"USED_CODE_ONLY","Assets/_Project/Scripts/Data/Events/Enemy/SystemEnemyCreatedEvent.cs","SystemEnemyCreatedEvent","System.ValueType","False","1","Assets/_Project/Scripts/Core/Services/Enemy/SystemEnemyService.cs","Not serialized in project assets, but referenced by C# source."
"USED_CODE_ONLY","Assets/_Project/Scripts/Data/Events/Enemy/SystemEnemyDamagedEvent.cs","SystemEnemyDamagedEvent","System.ValueType","False","1","Assets/_Project/Scripts/Core/Services/Enemy/SystemEnemyService.cs","Not serialized in project assets, but referenced by C# source."
"USED_CODE_ONLY","Assets/_Project/Scripts/Data/Events/Enemy/SystemEnemyDestroyedEvent.cs","SystemEnemyDestroyedEvent","System.ValueType","False","2","Assets/_Project/Scripts/Core/Services/Enemy/SystemEnemyService.cs | Assets/_Project/Scripts/Presentation/Combat/EnemySystemMapEntity.cs","Not serialized in project assets, but referenced by C# source."
"USED_CODE_ONLY","Assets/_Project/Scripts/Data/Events/Enemy/SystemEnemyPositionChangedEvent.cs","SystemEnemyPositionChangedEvent","System.ValueType","False","1","Assets/_Project/Scripts/Core/Services/Enemy/SystemEnemyService.cs","Not serialized in project assets, but referenced by C# source."
"USED_CODE_ONLY","Assets/_Project/Scripts/Data/Events/ExitMapChangedEvent.cs","ExitMapChangedEvent","System.Object","False","4","Assets/_Project/Scripts/Presentation/Galaxy/System/GalaxyMapSystemBuilder.cs | Assets/_Project/Scripts/Presentation/StarSystem/SystemMapController2.cs | Assets/_Project/Scripts/Presentation/StarSystem/SystemMapHUDController.cs | Assets/_Project/Scripts/Presentation/SystemExit/SystemExitNodeView.cs","Not serialized in project assets, but referenced by C# source."
"USED_CODE_ONLY","Assets/_Project/Scripts/Data/Events/Fuel/FuelChangedEvent.cs","FuelChangedEvent","System.Object","False","5","Assets/_Project/Scripts/Core/Services/Fuel/RefuelService.cs | Assets/_Project/Scripts/Presentation/Fuel/RefuelPanelController.cs | Assets/_Project/Scripts/Presentation/SystemScene/MetaHUDController.cs | Assets/_Project/Tests/EditMode/Sprint3Verification/S03_02_FuelContractTests.cs | Assets/_Project/Tests/EditMode/Sprint3Verification/SfTestReflection.cs","Not serialized in project assets, but referenced by C# source."
"USED_CODE_ONLY","Assets/_Project/Scripts/Data/Events/Fuel/RefuelEnteredEvent.cs","RefuelEnteredEvent","System.Object","False","2","Assets/_Project/Scripts/Presentation/Fuel/RefuelPanelController.cs | Assets/_Project/Scripts/Presentation/Planet/PlanetController.cs","Not serialized in project assets, but referenced by C# source."
"USED_CODE_ONLY","Assets/_Project/Scripts/Data/Events/Galaxy/GalaxyMapSelectionClearedEvent.cs","GalaxyMapSelectionClearedEvent","System.ValueType","False","3","Assets/_Project/Scripts/Presentation/Galaxy/Background/GalaxyMapBackgroundClickHandler.cs | Assets/_Project/Scripts/Presentation/Galaxy/BottomPanel/GalaxySystemInfoPanel2A.cs | Assets/_Project/Scripts/Presentation/Galaxy/System/GalaxyMapSystemBuilder.cs","Not serialized in project assets, but referenced by C# source."
"USED_CODE_ONLY","Assets/_Project/Scripts/Data/Events/Galaxy/GalaxyMapSystemSelectedEvent.cs","GalaxyMapSystemSelectedEvent","System.Object","False","3","Assets/_Project/Scripts/Presentation/Galaxy/BottomPanel/GalaxySystemInfoPanel2A.cs | Assets/_Project/Scripts/Presentation/Galaxy/GalaxySceneController.cs | Assets/_Project/Scripts/Presentation/Galaxy/System/GalaxyMapSystemBuilder.cs","Not serialized in project assets, but referenced by C# source."
"USED_CODE_ONLY","Assets/_Project/Scripts/Data/Events/GalaxyEnteredEvent.cs","GalaxyEnteredEvent","System.Object","False","7","Assets/_Project/Scripts/Core/Services/Time/GameTimePauseScopeService.cs | Assets/_Project/Scripts/Core/StateMachine/GalaxyState.cs | Assets/_Project/Scripts/Presentation/Galaxy/GalaxySceneController.cs | Assets/_Project/Scripts/Presentation/StarSystem/Camera/SystemCameraController2A.cs | Assets/_Project/Scripts/Presentation/StarSystem/SystemMapController2.cs | Assets/_Project/Scripts/Presentation/StarSystem/SystemMapHUDController.cs | Assets/_Project/Scripts/Presentation/SystemScene/MetaSceneController.cs","Not serialized in project assets, but referenced by C# source."
"USED_CODE_ONLY","Assets/_Project/Scripts/Data/Events/GameSavedEvent.cs","GameSavedEvent","System.Object","False","3","Assets/_Project/Scripts/Core/Services/Save/SaveService2A.cs | Assets/_Project/Scripts/Presentation/SystemScene/MetaHUDController.cs | Assets/_Project/Tests/EditMode/Sprint1Verification/SaveService2ACurrentEditModeTests.cs","Not serialized in project assets, but referenced by C# source."
"USED_CODE_ONLY","Assets/_Project/Scripts/Data/Events/GovernmentEnteredEvent.cs","GovernmentEnteredEvent","System.Object","False","3","Assets/_Project/Scripts/Presentation/Government/PlanetGovernmentMissionPresenter.cs | Assets/_Project/Scripts/Presentation/Mission/MissionScreenController.cs | Assets/_Project/Scripts/Presentation/Planet/PlanetController.cs","Not serialized in project assets, but referenced by C# source."
"USED_CODE_ONLY","Assets/_Project/Scripts/Data/Events/HangarEnteredEvent.cs","HangarEnteredEvent","System.Object","False","1","Assets/_Project/Scripts/Presentation/Planet/PlanetController.cs","Not serialized in project assets, but referenced by C# source."
"USED_CODE_ONLY","Assets/_Project/Scripts/Data/Events/Interaction/InteractionAvailabilityChangedEvent2A.cs","InteractionAvailabilityChangedEvent2A","System.Object","False","2","Assets/_Project/Scripts/Core/Services/Interaction/InteractionService2A.cs | Assets/_Project/Scripts/Presentation/Interaction/InteractionStatusView2A.cs","Not serialized in project assets, but referenced by C# source."
"USED_CODE_ONLY","Assets/_Project/Scripts/Data/Events/Interaction/InteractionExecutionEvent2A.cs","InteractionExecutionEvent2A","System.Object","False","2","Assets/_Project/Scripts/Core/Services/Interaction/InteractionService2A.cs | Assets/_Project/Scripts/Presentation/Interaction/InteractionStatusView2A.cs","Not serialized in project assets, but referenced by C# source."
"USED_CODE_ONLY","Assets/_Project/Scripts/Data/Events/MarketEnteredEvent.cs","MarketEnteredEvent","System.Object","False","2","Assets/_Project/Scripts/Presentation/Market/MarketScreenController.cs | Assets/_Project/Scripts/Presentation/Planet/PlanetController.cs","Not serialized in project assets, but referenced by C# source."
"USED_CODE_ONLY","Assets/_Project/Scripts/Data/Events/Mission/MissionAcceptedEvent.cs","MissionAcceptedEvent","System.Object","False","3","Assets/_Project/Scripts/Core/Services/Mission/MissionTracker.cs | Assets/_Project/Scripts/Presentation/Government/PlanetGovernmentMissionPresenter.cs | Assets/_Project/Scripts/Presentation/Mission/MissionScreenController.cs","Not serialized in project assets, but referenced by C# source."
"USED_CODE_ONLY","Assets/_Project/Scripts/Data/Events/Mission/MissionEnteredEvent.cs","MissionEnteredEvent","System.Object","False","1","Assets/_Project/Scripts/Presentation/Planet/PlanetController.cs","Not serialized in project assets, but referenced by C# source."
"USED_CODE_ONLY","Assets/_Project/Scripts/Data/Events/Npc/GalaxyNpcProjectileCreatedEvent.cs","GalaxyNpcProjectileCreatedEvent","System.ValueType","False","3","Assets/_Project/Scripts/Core/Services/Npc/SystemNpcCombatService.cs | Assets/_Project/Scripts/Presentation/Npc/GalaxyNpcCombatVisualController.cs | Assets/_Project/Scripts/Presentation/Npc/GalaxyNpcProjectileView.cs","Not serialized in project assets, but referenced by C# source."
"USED_CODE_ONLY","Assets/_Project/Scripts/Data/Events/Npc/GalaxyNpcProjectileImpactEvent.cs","GalaxyNpcProjectileImpactEvent","System.ValueType","False","2","Assets/_Project/Scripts/Core/Services/Npc/SystemNpcCombatService.cs | Assets/_Project/Scripts/Presentation/Npc/GalaxyNpcCombatVisualController.cs","Not serialized in project assets, but referenced by C# source."
"USED_CODE_ONLY","Assets/_Project/Scripts/Data/Events/Npc/PlayerShipDestroyedByNpcEvent.cs","PlayerShipDestroyedByNpcEvent","System.ValueType","False","2","Assets/_Project/Scripts/Core/Services/Combat/PlayerCombatTargetService.cs | Assets/_Project/Scripts/Presentation/Combat/Player/PlayerSystemMapShipView.cs","Not serialized in project assets, but referenced by C# source."
"USED_CODE_ONLY","Assets/_Project/Scripts/Data/Events/Npc/SaveNeedEvent.cs","SaveNeedEvent","System.ValueType","False","11","Assets/_Project/Scripts/Core/Services/Combat/PlayerCombatTargetService.cs | Assets/_Project/Scripts/Core/Services/Economy/EconomyService.cs | Assets/_Project/Scripts/Core/Services/Fuel/RefuelService.cs | Assets/_Project/Scripts/Core/Services/Hangar/HangarService.cs | Assets/_Project/Scripts/Core/Services/Save/SaveService2A.cs | Assets/_Project/Scripts/Core/Services/Travel/SystemTravelService.cs | Assets/_Project/Scripts/Core/Services/Travel/TravelService2A.cs | Assets/_Project/Tests/EditMode/Sprint3Verification/S03_02_FuelContractTests.cs | Assets/_Project/Tests/EditMode/Sprint3Verification/S03_02_InteractionTests.cs | Assets/_Project/Tests/EditMode/Sprint3Verification/S03_02_TravelFuelTests.cs | Assets/_Project/Tests/EditMode/Sprint3Verification/SfTestReflection.cs","Not serialized in project assets, but referenced by C# source."
"USED_CODE_ONLY","Assets/_Project/Scripts/Data/Events/Npc/SystemNpcBehaviorChangedEvent.cs","SystemNpcBehaviorChangedEvent","System.ValueType","False","2","Assets/_Project/Scripts/Core/Services/Npc/SystemNpcBehaviorService.cs | Assets/_Project/Scripts/Presentation/Npc/SystemNpcView.cs","Not serialized in project assets, but referenced by C# source."
"USED_CODE_ONLY","Assets/_Project/Scripts/Data/Events/Npc/SystemNpcCreatedEvent.cs","SystemNpcCreatedEvent","System.ValueType","False","2","Assets/_Project/Scripts/Core/Services/Npc/SystemNpcRuntimeService.cs | Assets/_Project/Scripts/Presentation/Npc/SystemNpcViewBinder.cs","Not serialized in project assets, but referenced by C# source."
"USED_CODE_ONLY","Assets/_Project/Scripts/Data/Events/Npc/SystemNpcDamagedEvent.cs","SystemNpcDamagedEvent","System.ValueType","False","1","Assets/_Project/Scripts/Core/Services/Npc/SystemNpcRuntimeService.cs","Not serialized in project assets, but referenced by C# source."
"USED_CODE_ONLY","Assets/_Project/Scripts/Data/Events/Npc/SystemNpcDestroyedEvent.cs","SystemNpcDestroyedEvent","System.ValueType","False","4","Assets/_Project/Scripts/Core/Services/Mission/MissionTracker.cs | Assets/_Project/Scripts/Core/Services/Npc/SystemNpcRuntimeService.cs | Assets/_Project/Scripts/Presentation/Npc/SystemNpcCombatVisualController.cs | Assets/_Project/Scripts/Presentation/Npc/SystemNpcViewBinder.cs","Not serialized in project assets, but referenced by C# source."
"USED_CODE_ONLY","Assets/_Project/Scripts/Data/Events/Npc/SystemNpcPositionChangedEvent.cs","SystemNpcPositionChangedEvent","System.ValueType","False","3","Assets/_Project/Scripts/Core/Services/Npc/SystemNpcMovementService.cs | Assets/_Project/Scripts/Core/Services/Npc/SystemNpcRuntimeService.cs | Assets/_Project/Scripts/Presentation/Npc/SystemNpcViewBinder.cs","Not serialized in project assets, but referenced by C# source."
"USED_CODE_ONLY","Assets/_Project/Scripts/Data/Events/Npc/SystemNpcProjectileHitEvent.cs","SystemNpcProjectileHitEvent","System.ValueType","False","1","Assets/_Project/Scripts/Presentation/Npc/SystemNpcCombatVisualController.cs","Not serialized in project assets, but referenced by C# source."
"USED_CODE_ONLY","Assets/_Project/Scripts/Data/Events/Npc/SystemNpcTravelStateChangedEvent.cs","SystemNpcTravelStateChangedEvent","System.ValueType","False","2","Assets/_Project/Scripts/Core/Services/Npc/SystemNpcMovementService.cs | Assets/_Project/Scripts/Presentation/Npc/SystemNpcViewBinder.cs","Not serialized in project assets, but referenced by C# source."
"USED_CODE_ONLY","Assets/_Project/Scripts/Data/Events/Npc/SystemNpcWeaponFiredEvent.cs","SystemNpcWeaponFiredEvent","System.ValueType","False","1","Assets/_Project/Scripts/Presentation/Npc/SystemNpcCombatVisualController.cs","Not serialized in project assets, but referenced by C# source."
"USED_CODE_ONLY","Assets/_Project/Scripts/Data/Events/Planet/PlanetEnteredEvent.cs","PlanetEnteredEvent","System.Object","False","10","Assets/_Project/Scripts/Core/Services/Mission/MissionTracker.cs | Assets/_Project/Scripts/Core/Services/Time/GameTimePauseScopeService.cs | Assets/_Project/Scripts/Core/Services/Travel/TravelService2A.cs | Assets/_Project/Scripts/Presentation/Planet/PlanetController.cs | Assets/_Project/Scripts/Presentation/StarSystem/Camera/SystemCameraController2A.cs | Assets/_Project/Scripts/Presentation/StarSystem/SystemMapController2.cs | Assets/_Project/Scripts/Presentation/StarSystem/SystemMapHUDController.cs | Assets/_Project/Scripts/Presentation/SystemScene/MetaHUDController.cs | Assets/_Project/Scripts/Presentation/SystemScene/MetaSceneController.cs | Assets/_Project/Scripts/Presentation/Travel/SystemTravelArrivalHandler2.cs","Not serialized in project assets, but referenced by C# source."
"USED_CODE_ONLY","Assets/_Project/Scripts/Data/Events/Planet/PlanetSelectedEvent.cs","PlanetSelectedEvent","System.Object","False","2","Assets/_Project/Scripts/Presentation/Planet/PlanetSelectableView2.cs | Assets/_Project/Scripts/Presentation/Travel/SystemMapDestinationController2.cs","Not serialized in project assets, but referenced by C# source."
"USED_CODE_ONLY","Assets/_Project/Scripts/Data/Events/PlayerCombat/PlayerCombatStatsChangedEvent.cs","PlayerCombatStatsChangedEvent","System.ValueType","False","1","Assets/_Project/Scripts/Presentation/Combat/Player/PlayerCombatEntity.cs","Not serialized in project assets, but referenced by C# source."
"USED_CODE_ONLY","Assets/_Project/Scripts/Data/Events/PlayerCombat/PlayerDamagedEvent.cs","PlayerDamagedEvent","System.ValueType","False","1","Assets/_Project/Scripts/Presentation/Combat/Player/PlayerCombatEntity.cs","Not serialized in project assets, but referenced by C# source."
"USED_CODE_ONLY","Assets/_Project/Scripts/Data/Events/PlayerCombat/PlayerDestroyedEvent.cs","PlayerDestroyedEvent","System.ValueType","False","1","Assets/_Project/Scripts/Presentation/Combat/Player/PlayerCombatEntity.cs","Not serialized in project assets, but referenced by C# source."
"USED_CODE_ONLY","Assets/_Project/Scripts/Data/Events/Route/RouteExitMapChangedEvent.cs","RouteExitMapChangedEvent","System.Object","False","8","Assets/_Project/Scripts/Core/Services/Travel/ISystemTravelService.cs | Assets/_Project/Scripts/Core/Services/Travel/SystemTravelService.cs | Assets/_Project/Scripts/Data/Domain/Travel/SystemTravelDestination.cs | Assets/_Project/Scripts/Presentation/Galaxy/BottomPanel/GalaxySystemInfoPanel2A.cs | Assets/_Project/Scripts/Presentation/SystemExit/SystemExitNodeView2A.cs | Assets/_Project/Scripts/Presentation/Targeting/TravelPointInteractionTarget2A.cs | Assets/_Project/Scripts/Presentation/Travel/SystemDestinationMarkerController2.cs | Assets/_Project/Scripts/Presentation/Travel/SystemMapDestinationController2.cs","Not serialized in project assets, but referenced by C# source."
"USED_CODE_ONLY","Assets/_Project/Scripts/Data/Events/Route/RouteUnlockedEvent.cs","RouteUnlockedEvent","System.ValueType","False","2","Assets/_Project/Scripts/Core/Services/Route/RouteService.cs | Assets/_Project/Scripts/Presentation/Galaxy/Route/GalaxyMapRoutesBuilder2A.cs","Not serialized in project assets, but referenced by C# source."
"USED_CODE_ONLY","Assets/_Project/Scripts/Data/Events/Ships/ActiveShipChangedEvent.cs","ActiveShipChangedEvent","System.ValueType","False","3","Assets/_Project/Scripts/Core/Services/Hangar/HangarService.cs | Assets/_Project/Scripts/Presentation/StarSystem/SystemShipMarkerController2.cs | Assets/_Project/Scripts/Presentation/SystemScene/MetaHUDController.cs","Not serialized in project assets, but referenced by C# source."
"USED_CODE_ONLY","Assets/_Project/Scripts/Data/Events/Ships/ShipEquipmentChangedEvent.cs","ShipEquipmentChangedEvent","System.ValueType","False","1","Assets/_Project/Scripts/Core/Services/Hangar/HangarService.cs","Not serialized in project assets, but referenced by C# source."
"USED_CODE_ONLY","Assets/_Project/Scripts/Data/Events/Ships/ShipRepairedEvent.cs","ShipRepairedEvent","System.ValueType","False","1","Assets/_Project/Scripts/Core/Services/Hangar/HangarService.cs","Not serialized in project assets, but referenced by C# source."
"USED_CODE_ONLY","Assets/_Project/Scripts/Data/Events/Ships/ShipStatsChangedEvent.cs","ShipStatsChangedEvent","System.ValueType","False","1","Assets/_Project/Scripts/Core/Services/Hangar/HangarService.cs","Not serialized in project assets, but referenced by C# source."
"USED_CODE_ONLY","Assets/_Project/Scripts/Data/Events/SimpleEventBus.cs","SimpleEventBus","System.Object","False","68","Assets/_Project/Scripts/Core/Bootstrap/Bootstrapper.cs | Assets/_Project/Scripts/Core/Services/Combat/GovernmentRewardService.cs | Assets/_Project/Scripts/Core/Services/Combat/PlayerAttackService.cs | Assets/_Project/Scripts/Core/Services/Combat/PlayerCombatTargetService.cs | Assets/_Project/Scripts/Core/Services/Combat/SystemAllyService.cs | Assets/_Project/Scripts/Core/Services/Combat/SystemEncounterService.cs | Assets/_Project/Scripts/Core/Services/Economy/EconomyService.cs | Assets/_Project/Scripts/Core/Services/Enemy/SystemEnemyService.cs | Assets/_Project/Scripts/Core/Services/Fuel/RefuelService.cs | Assets/_Project/Scripts/Core/Services/Galaxy/GalaxyDiscoveryService.cs | Assets/_Project/Scripts/Core/Services/Hangar/HangarService.cs | Assets/_Project/Scripts/Core/Services/Interaction/InteractionService2A.cs | Assets/_Project/Scripts/Core/Services/Inventory/InventoryService.cs | Assets/_Project/Scripts/Core/Services/Mission/MissionTracker.cs | Assets/_Project/Scripts/Core/Services/Npc/Galaxy/GalaxyNpcBehaviorService.cs | Assets/_Project/Scripts/Core/Services/Npc/Galaxy/GalaxyNpcCombatService.cs | Assets/_Project/Scripts/Core/Services/Npc/SystemNpcBehaviorService.cs | Assets/_Project/Scripts/Core/Services/Npc/SystemNpcCombatService.cs | Assets/_Project/Scripts/Core/Services/Npc/SystemNpcMovementService.cs | Assets/_Project/Scripts/Core/Services/Npc/SystemNpcRuntimeService.cs","Not serialized in project assets, but referenced by C# source."
"USED_CODE_ONLY","Assets/_Project/Scripts/Data/Events/StarSystem/StarSystemContextChangedEvent.cs","StarSystemContextChangedEvent","System.ValueType","False","1","Assets/_Project/Scripts/Core/Services/StarSystem/SystemContextService.cs","Not serialized in project assets, but referenced by C# source."
"USED_CODE_ONLY","Assets/_Project/Scripts/Data/Events/StarSystem/StarSystemEnteredEvent.cs","StarSystemEnteredEvent","System.Object","False","13","Assets/_Project/Scripts/Core/Services/Mission/MissionTracker.cs | Assets/_Project/Scripts/Core/Services/StarSystem/SystemContextService.cs | Assets/_Project/Scripts/Core/Services/Time/GameTimePauseScopeService.cs | Assets/_Project/Scripts/Core/Services/Travel/TravelService2A.cs | Assets/_Project/Scripts/Presentation/Galaxy/BottomPanel/GalaxySystemInfoPanel2A.cs | Assets/_Project/Scripts/Presentation/Galaxy/System/GalaxyMapSystemBuilder.cs | Assets/_Project/Scripts/Presentation/Planet/PlanetController.cs | Assets/_Project/Scripts/Presentation/StarSystem/Camera/SystemCameraController2A.cs | Assets/_Project/Scripts/Presentation/StarSystem/SystemMapController2.cs | Assets/_Project/Scripts/Presentation/StarSystem/SystemMapHUDController.cs | Assets/_Project/Scripts/Presentation/SystemScene/MetaHUDController.cs | Assets/_Project/Scripts/Presentation/SystemScene/MetaSceneController.cs | Assets/_Project/Scripts/Presentation/Travel/SystemTransitionController2.cs","Not serialized in project assets, but referenced by C# source."
"USED_CODE_ONLY","Assets/_Project/Scripts/Data/Events/StarSystem/StarSystemUnlockedEvent.cs","StarSystemUnlockedEvent","System.ValueType","False","2","Assets/_Project/Scripts/Core/Services/Galaxy/GalaxyDiscoveryService.cs | Assets/_Project/Scripts/Presentation/Galaxy/Route/GalaxyMapRoutesBuilder2A.cs","Not serialized in project assets, but referenced by C# source."
"USED_CODE_ONLY","Assets/_Project/Scripts/Data/Events/Targeting/TargetChangedEvent2A.cs","TargetChangedEvent2A","System.Object","False","4","Assets/_Project/Scripts/Core/Services/Targeting/TargetService2A.cs | Assets/_Project/Scripts/Presentation/Targeting/TargetMarkerView2A.cs | Assets/_Project/Tests/EditMode/Sprint3Verification/S03_02_TargetTests.cs | Assets/_Project/Tests/EditMode/Sprint3Verification/TargetService2AEditModeTests.cs","Not serialized in project assets, but referenced by C# source."
"USED_CODE_ONLY","Assets/_Project/Scripts/Data/Events/Time/GameDayChangedEvent.cs","GameDayChangedEvent","System.ValueType","False","3","Assets/_Project/Scripts/Core/Services/Npc/Galaxy/GalaxyNpcBehaviorService.cs | Assets/_Project/Scripts/Core/Services/Npc/SystemNpcCombatService.cs | Assets/_Project/Scripts/Core/Services/Time/GameTimeService.cs","Not serialized in project assets, but referenced by C# source."
"USED_CODE_ONLY","Assets/_Project/Scripts/Data/Events/Time/GameTickStartedEvent.cs","GameTickStartedEvent","System.ValueType","False","3","Assets/_Project/Scripts/Core/Services/Combat/PlayerAttackService.cs | Assets/_Project/Scripts/Core/Services/Npc/Galaxy/GalaxyNpcCombatService.cs | Assets/_Project/Scripts/Core/Services/Time/GameTimeService.cs","Not serialized in project assets, but referenced by C# source."
"USED_CODE_ONLY","Assets/_Project/Scripts/Data/Events/Time/GameTimePauseChangedEvent.cs","GameTimePauseChangedEvent","System.ValueType","False","2","Assets/_Project/Scripts/Core/Services/Time/GameTimePauseScopeService.cs | Assets/_Project/Scripts/Core/Services/Time/GameTimeService.cs","Not serialized in project assets, but referenced by C# source."
"USED_CODE_ONLY","Assets/_Project/Scripts/Data/Events/Time/GameTimeQuantumAdvancedEvent.cs","GameTimeQuantumAdvancedEvent","System.ValueType","False","1","Assets/_Project/Scripts/Core/Services/Time/GameTimeService.cs","Not serialized in project assets, but referenced by C# source."
"USED_CODE_ONLY","Assets/_Project/Scripts/Data/Events/Travel/DestinationSelectedEvent.cs","DestinationSelectedEvent","System.ValueType","False","3","Assets/_Project/Scripts/Core/Services/Travel/SystemTravelService.cs | Assets/_Project/Scripts/Presentation/Travel/SystemTravelHudController.cs | Assets/_Project/Scripts/Presentation/Travel/SystemTravelVisualController2A.cs","Not serialized in project assets, but referenced by C# source."
"USED_CODE_ONLY","Assets/_Project/Scripts/Data/Events/Travel/SystemTravelCancelledEvent.cs","SystemTravelCancelledEvent","System.ValueType","False","3","Assets/_Project/Scripts/Core/Services/Travel/SystemTravelService.cs | Assets/_Project/Scripts/Presentation/Travel/SystemMapDestinationController2.cs | Assets/_Project/Scripts/Presentation/Travel/SystemTravelHudController.cs","Not serialized in project assets, but referenced by C# source."
"USED_CODE_ONLY","Assets/_Project/Scripts/Data/Events/Travel/SystemTravelCompletedEvent.cs","SystemTravelCompletedEvent","System.ValueType","False","5","Assets/_Project/Scripts/Core/Services/Travel/SystemTravelService.cs | Assets/_Project/Scripts/Presentation/Travel/SystemMapDestinationController2.cs | Assets/_Project/Scripts/Presentation/Travel/SystemTransitionController2.cs | Assets/_Project/Scripts/Presentation/Travel/SystemTravelArrivalHandler2.cs | Assets/_Project/Scripts/Presentation/Travel/SystemTravelHudController.cs","Not serialized in project assets, but referenced by C# source."
"USED_CODE_ONLY","Assets/_Project/Scripts/Data/Events/Travel/SystemTravelProgressChangedEvent.cs","SystemTravelProgressChangedEvent","System.ValueType","False","1","Assets/_Project/Scripts/Core/Services/Travel/SystemTravelService.cs","Not serialized in project assets, but referenced by C# source."
"USED_CODE_ONLY","Assets/_Project/Scripts/Data/Events/Travel/SystemTravelStartedEvent.cs","SystemTravelStartedEvent","System.ValueType","False","2","Assets/_Project/Scripts/Core/Services/Travel/SystemTravelService.cs | Assets/_Project/Scripts/Presentation/Travel/SystemTravelHudController.cs","Not serialized in project assets, but referenced by C# source."
"USED_CODE_ONLY","Assets/_Project/Scripts/Data/Events/TravelFinishedEvent.cs","TravelFinishedEvent","System.Object","False","3","Assets/_Project/Scripts/Core/Services/Travel/SystemTravelService.cs | Assets/_Project/Scripts/Core/Services/Travel/TravelService2A.cs | Assets/_Project/Tests/EditMode/Sprint3Verification/S03_02_TravelFuelTests.cs","Not serialized in project assets, but referenced by C# source."
"USED_CODE_ONLY","Assets/_Project/Scripts/Data/Events/TravelStartedEvent.cs","TravelStartedEvent","System.Object","False","1","Assets/_Project/Scripts/Core/Services/Travel/TravelService2A.cs","Not serialized in project assets, but referenced by C# source."
"USED_CODE_ONLY","Assets/_Project/Scripts/Data/Galaxy/GalaxyGraphFactory.cs","GalaxyGraphFactory","System.Object","False","1","Assets/_Project/Scripts/Core/Services/Travel/TravelService2A.cs","Not serialized in project assets, but referenced by C# source."
"USED_CODE_ONLY","Assets/_Project/Scripts/Data/Galaxy/GalaxyGraphModel.cs","GalaxyGraphModel","System.Object","False","4","Assets/_Project/Scripts/Core/Services/Travel/ITravelService.cs | Assets/_Project/Scripts/Core/Services/Travel/TravelService2A.cs | Assets/_Project/Scripts/Data/Galaxy/GalaxyGraphFactory.cs | Assets/_Project/Scripts/Presentation/Planet/PlanetController.cs","Not serialized in project assets, but referenced by C# source."
"USED_CODE_ONLY","Assets/_Project/Scripts/Data/Galaxy/GalaxyNodeData.cs","GalaxyNodeData","System.Object","False","2","Assets/_Project/Scripts/Data/Galaxy/GalaxyGraphFactory.cs | Assets/_Project/Scripts/Data/Galaxy/GalaxyGraphModel.cs","Not serialized in project assets, but referenced by C# source."
"USED_CODE_ONLY","Assets/_Project/Scripts/Data/Runtime/ActiveSystemEncounter.cs","ActiveSystemEncounter","System.Object","False","4","Assets/_Project/Scripts/Core/Services/Combat/GovernmentRewardService.cs | Assets/_Project/Scripts/Core/Services/Combat/ISystemEncounterService.cs | Assets/_Project/Scripts/Core/Services/Combat/SystemEncounterSaveService.cs | Assets/_Project/Scripts/Core/Services/Combat/SystemEncounterService.cs","Not serialized in project assets, but referenced by C# source."
"USED_CODE_ONLY","Assets/_Project/Scripts/Data/Runtime/Cargo/RuntimeCargoEntryData.cs","RuntimeCargoEntryData","System.Object","False","3","Assets/_Project/Scripts/Core/Services/Inventory/IInventoryService.cs | Assets/_Project/Scripts/Core/Services/Inventory/InventoryService.cs | Assets/_Project/Scripts/Data/Runtime/Cargo/RuntimeCargoInventory.cs","Not serialized in project assets, but referenced by C# source."
"USED_CODE_ONLY","Assets/_Project/Scripts/Data/Runtime/Cargo/RuntimeCargoInventory.cs","RuntimeCargoInventory","System.Object","False","4","Assets/_Project/Scripts/Core/Services/MarketTransaction/MarketTransactionService.cs | Assets/_Project/Scripts/Data/Runtime/ShipRuntimeData.cs | Assets/_Project/Scripts/Presentation/Market/MarketScreenController.cs | Assets/_Project/Scripts/Presentation/SystemScene/MetaHUDController.cs","Not serialized in project assets, but referenced by C# source."
"USED_CODE_ONLY","Assets/_Project/Scripts/Data/Runtime/Galaxy/GalaxyRuntimeState.cs","GalaxyRuntimeState","System.Object","False","12","Assets/_Project/Scripts/Core/Services/Galaxy/GalaxyDiscoveryService.cs | Assets/_Project/Scripts/Core/Services/Route/GalaxyMapPathFinder.cs | Assets/_Project/Scripts/Core/Services/Route/RouteService.cs | Assets/_Project/Scripts/Core/Services/StarSystem/SystemContextService.cs | Assets/_Project/Scripts/Core/Services/Travel/TravelService2A.cs | Assets/_Project/Scripts/Data/Runtime/Galaxy/GalaxyRuntimeStateFactory.cs | Assets/_Project/Scripts/Data/Runtime/Game/GameRuntimeState.cs | Assets/_Project/Scripts/Data/Save/SaveMigrationService.cs | Assets/_Project/Scripts/Presentation/Galaxy/Route/GalaxyMapRoutesBuilder2A.cs | Assets/_Project/Scripts/Presentation/Galaxy/Sector/GalaxyMapSectorBuilder.cs | Assets/_Project/Scripts/Presentation/Galaxy/System/StarSystemNodeView2A.cs | Assets/_Project/Tests/EditMode/Sprint2Verification/Sprint2GalaxyStateRoundTripEditModeTests.cs","Not serialized in project assets, but referenced by C# source."
"USED_CODE_ONLY","Assets/_Project/Scripts/Data/Runtime/Galaxy/GalaxyRuntimeStateFactory.cs","GalaxyRuntimeStateFactory","System.Object","False","1","Assets/_Project/Scripts/Core/Services/Game/NewGameFactory.cs","Not serialized in project assets, but referenced by C# source."
"USED_CODE_ONLY","Assets/_Project/Scripts/Data/Runtime/Galaxy/RouteRuntimeState.cs","RouteRuntimeState","System.Object","False","7","Assets/_Project/Scripts/Core/Services/Route/RouteService.cs | Assets/_Project/Scripts/Core/Services/Travel/TravelService2A.cs | Assets/_Project/Scripts/Data/Runtime/Galaxy/GalaxyRuntimeState.cs | Assets/_Project/Scripts/Data/Runtime/Galaxy/GalaxyRuntimeStateFactory.cs | Assets/_Project/Scripts/Presentation/Galaxy/Route/GalaxyMapRoutesBuilder2A.cs | Assets/_Project/Scripts/Presentation/StarSystem/SystemMapController2.cs | Assets/_Project/Tests/EditMode/Sprint2Verification/Sprint2GalaxyStateRoundTripEditModeTests.cs","Not serialized in project assets, but referenced by C# source."
"USED_CODE_ONLY","Assets/_Project/Scripts/Data/Runtime/Galaxy/SectorRuntimeState.cs","SectorRuntimeState","System.Object","False","4","Assets/_Project/Scripts/Data/Runtime/Galaxy/GalaxyRuntimeState.cs | Assets/_Project/Scripts/Data/Runtime/Galaxy/GalaxyRuntimeStateFactory.cs | Assets/_Project/Scripts/Presentation/Galaxy/Sector/GalaxyMapSectorBuilder.cs | Assets/_Project/Tests/EditMode/Sprint2Verification/Sprint2GalaxyStateRoundTripEditModeTests.cs","Not serialized in project assets, but referenced by C# source."
"USED_CODE_ONLY","Assets/_Project/Scripts/Data/Runtime/Galaxy/StarSystemRuntimeState.cs","StarSystemRuntimeState","System.Object","False","10","Assets/_Project/Scripts/Core/Services/Galaxy/GalaxyDiscoveryService.cs | Assets/_Project/Scripts/Core/Services/Route/GalaxyMapPathFinder.cs | Assets/_Project/Scripts/Core/Services/StarSystem/ISystemContextService.cs | Assets/_Project/Scripts/Core/Services/StarSystem/SystemContextService.cs | Assets/_Project/Scripts/Data/Runtime/Galaxy/GalaxyRuntimeState.cs | Assets/_Project/Scripts/Data/Runtime/Galaxy/GalaxyRuntimeStateFactory.cs | Assets/_Project/Scripts/Presentation/Galaxy/BottomPanel/GalaxySystemInfoPanel2A.cs | Assets/_Project/Scripts/Presentation/Galaxy/Route/GalaxyMapRoutesBuilder2A.cs | Assets/_Project/Scripts/Presentation/Galaxy/System/StarSystemNodeView2A.cs | Assets/_Project/Tests/EditMode/Sprint2Verification/Sprint2GalaxyStateRoundTripEditModeTests.cs","Not serialized in project assets, but referenced by C# source."
"USED_CODE_ONLY","Assets/_Project/Scripts/Data/Runtime/Game/GameRuntimeMetaState.cs","GameRuntimeMetaState","System.Object","False","4","Assets/_Project/Scripts/Core/Services/Time/GameTimeService.cs | Assets/_Project/Scripts/Data/Runtime/Game/GameRuntimeState.cs | Assets/_Project/Scripts/Data/Save/SaveDataVersions.cs | Assets/_Project/Scripts/Data/Save/SaveMigrationService.cs","Not serialized in project assets, but referenced by C# source."
"USED_CODE_ONLY","Assets/_Project/Scripts/Data/Runtime/Game/GameRuntimeState.cs","GameRuntimeState","System.Object","False","22","Assets/_Project/Scripts/Core/Services/Game/NewGameFactory.cs | Assets/_Project/Scripts/Core/Services/PlayerShipSaveSync/IPlayerShipSaveSyncService.cs | Assets/_Project/Scripts/Core/Services/PlayerShipSaveSync/PlayerShipSaveSyncService2A.cs | Assets/_Project/Scripts/Core/Services/Save/ISaveService.cs | Assets/_Project/Scripts/Core/Services/Save/Pipeline/SaveIntegrityStage.cs | Assets/_Project/Scripts/Core/Services/Save/Pipeline/SaveMigrationStage.cs | Assets/_Project/Scripts/Core/Services/Save/Pipeline/SaveValidationStage.cs | Assets/_Project/Scripts/Core/Services/Save/SaveService2A.cs | Assets/_Project/Scripts/Core/Services/Session/GameSessionService.cs | Assets/_Project/Scripts/Core/Services/Session/IGameSessionService.cs | Assets/_Project/Scripts/Core/Services/Time/GameTimeService.cs | Assets/_Project/Scripts/Core/Services/Time/IGameTimeService.cs | Assets/_Project/Scripts/Data/Save/SaveMigrationService.cs | Assets/_Project/Scripts/Presentation/Diagnostics/DebugHudController.cs | Assets/_Project/Tests/EditMode/Sprint1Verification/ConfigAndStateCurrentEditModeTests.cs | Assets/_Project/Tests/EditMode/Sprint1Verification/SaveMigrationCurrentEditModeTests.cs | Assets/_Project/Tests/EditMode/Sprint1Verification/SavePipelineStagesCurrentEditModeTests.cs | Assets/_Project/Tests/EditMode/Sprint1Verification/SaveService2ACurrentEditModeTests.cs | Assets/_Project/Tests/EditMode/Sprint1Verification/Sprint1CoreArchitectureCurrentEditModeTests.cs | Assets/_Project/Tests/EditMode/Sprint1Verification/Sprint1CurrentTestEnvironment.cs","Not serialized in project assets, but referenced by C# source."
"USED_CODE_ONLY","Assets/_Project/Scripts/Data/Runtime/Game/GameSettingsState.cs","GameSettingsState","System.Object","False","2","Assets/_Project/Scripts/Data/Runtime/Game/GameRuntimeState.cs | Assets/_Project/Scripts/Data/Save/SaveMigrationService.cs","Not serialized in project assets, but referenced by C# source."
"USED_CODE_ONLY","Assets/_Project/Scripts/Data/Runtime/MarketRuntimeData.cs","MarketRuntimeData","System.Object","False","3","Assets/_Project/Scripts/Core/Services/Save/Pipeline/SaveValidationStage.cs | Assets/_Project/Scripts/Data/Runtime/Game/GameRuntimeState.cs | Assets/_Project/Scripts/Data/Save/SaveMigrationService.cs","Not serialized in project assets, but referenced by C# source."
"USED_CODE_ONLY","Assets/_Project/Scripts/Data/Runtime/MarketRuntimeItemState.cs","MarketRuntimeItemState","System.Object","False","1","Assets/_Project/Scripts/Data/Runtime/MarketRuntimeData.cs","Not serialized in project assets, but referenced by C# source."
"USED_CODE_ONLY","Assets/_Project/Scripts/Data/Runtime/MissionInstanceData.cs","MissionInstanceData","System.Object","False","14","Assets/_Project/Scripts/Core/Services/Mission/IMissionService.cs | Assets/_Project/Scripts/Core/Services/Mission/IPlanetMissionOfferGenerator.cs | Assets/_Project/Scripts/Core/Services/Mission/IRewardService.cs | Assets/_Project/Scripts/Core/Services/Mission/MissionCapacityHelper.cs | Assets/_Project/Scripts/Core/Services/Mission/MissionService.cs | Assets/_Project/Scripts/Core/Services/Mission/MissionTracker.cs | Assets/_Project/Scripts/Core/Services/Mission/PlanetGovernmentMissionService.cs | Assets/_Project/Scripts/Core/Services/Mission/PlanetMissionOfferGenerator.cs | Assets/_Project/Scripts/Core/Services/Mission/RewardService.cs | Assets/_Project/Scripts/Data/Domain/Planet/PlanetOfferedMissionData.cs | Assets/_Project/Scripts/Data/Runtime/RuntimeMissionSaveBlock.cs | Assets/_Project/Scripts/Data/Save/MissionSaveMapper.cs | Assets/_Project/Scripts/Presentation/Mission/MissionCardView.cs | Assets/_Project/Scripts/Presentation/Mission/MissionScreenController.cs","Not serialized in project assets, but referenced by C# source."
"USED_CODE_ONLY","Assets/_Project/Scripts/Data/Runtime/MissionSaveData.cs","MissionSaveData","System.Object","False","1","Assets/_Project/Scripts/Data/Save/MissionSaveMapper.cs","Not serialized in project assets, but referenced by C# source."
"USED_CODE_ONLY","Assets/_Project/Scripts/Data/Runtime/Npc/GalaxyCombatTarget.cs","GalaxyCombatTarget","System.ValueType","False","1","Assets/_Project/Scripts/Core/Services/Npc/SystemNpcCombatService.cs","Not serialized in project assets, but referenced by C# source."
"USED_CODE_ONLY","Assets/_Project/Scripts/Data/Runtime/Npc/GalaxyNpcProjectileRuntimeState.cs","GalaxyNpcProjectileRuntimeState","System.Object","False","3","Assets/_Project/Scripts/Core/Services/Npc/ISystemNpcCombatService.cs | Assets/_Project/Scripts/Core/Services/Npc/SystemNpcCombatService.cs | Assets/_Project/Scripts/Presentation/Npc/GalaxyNpcProjectileView.cs","Not serialized in project assets, but referenced by C# source."
"USED_CODE_ONLY","Assets/_Project/Scripts/Data/Runtime/Npc/SystemPopulationRuleTimerState.cs","SystemPopulationRuleTimerState","System.Object","False","4","Assets/_Project/Scripts/Core/Services/Npc/SystemNpcPopulationService.cs | Assets/_Project/Scripts/Core/Services/Npc/SystemNpcSimulationSaveService.cs | Assets/_Project/Scripts/Data/Runtime/Npc/SystemPopulationRuntimeState.cs | Assets/_Project/Scripts/Data/Save/Npc/SystemNpcSimulationSaveData.cs","Not serialized in project assets, but referenced by C# source."
"USED_CODE_ONLY","Assets/_Project/Scripts/Data/Runtime/Npc/SystemPopulationRuntimeState.cs","SystemPopulationRuntimeState","System.Object","False","2","Assets/_Project/Scripts/Core/Services/Npc/ISystemNpcPopulationService.cs | Assets/_Project/Scripts/Core/Services/Npc/SystemNpcPopulationService.cs","Not serialized in project assets, but referenced by C# source."
"USED_CODE_ONLY","Assets/_Project/Scripts/Data/Runtime/Player/PlayerState.cs","PlayerState","System.Object","False","20","Assets/_Project/Scripts/Core/Services/Combat/PlayerCombatTargetService.cs | Assets/_Project/Scripts/Core/Services/Economy/EconomyService.cs | Assets/_Project/Scripts/Core/Services/Fuel/RefuelService.cs | Assets/_Project/Scripts/Core/Services/Game/NewGameFactory.cs | Assets/_Project/Scripts/Core/Services/MarketTransaction/MarketTransactionService.cs | Assets/_Project/Scripts/Core/Services/Mission/IRewardService.cs | Assets/_Project/Scripts/Core/Services/Mission/RewardService.cs | Assets/_Project/Scripts/Core/Services/PlayerShipSaveSync/IPlayerShipSaveSyncService.cs | Assets/_Project/Scripts/Core/Services/PlayerShipSaveSync/PlayerShipSaveSyncService2A.cs | Assets/_Project/Scripts/Core/Services/Repair/RepairService.cs | Assets/_Project/Scripts/Core/Services/ShipMovement/IShipMovementService.cs | Assets/_Project/Scripts/Core/Services/ShipMovement/ShipMovementService2A.cs | Assets/_Project/Scripts/Data/Runtime/Game/GameRuntimeState.cs | Assets/_Project/Scripts/Data/Save/SaveMigrationService.cs | Assets/_Project/Scripts/Presentation/Fuel/RefuelPanelController.cs | Assets/_Project/Scripts/Presentation/Market/MarketScreenController.cs | Assets/_Project/Scripts/Presentation/Ship/ShipMovementViewBinder2A.cs | Assets/_Project/Scripts/Presentation/SystemScene/MetaSceneInstaller2A.cs | Assets/_Project/Tests/EditMode/Sprint3Verification/S03_02_SaveContractTests.cs | Assets/_Project/Tests/EditMode/Sprint3Verification/ShipMovementServiceEditModeTests.cs","Not serialized in project assets, but referenced by C# source."
"USED_CODE_ONLY","Assets/_Project/Scripts/Data/Runtime/PlayerCombatRuntimeState.cs","PlayerCombatRuntimeState","System.Object","False","1","Assets/_Project/Scripts/Presentation/Combat/Player/PlayerCombatEntity.cs","Not serialized in project assets, but referenced by C# source."
"USED_CODE_ONLY","Assets/_Project/Scripts/Data/Runtime/RuntimeMissionSaveBlock.cs","RuntimeMissionSaveBlock","System.Object","False","2","Assets/_Project/Scripts/Data/Runtime/Game/GameRuntimeState.cs | Assets/_Project/Scripts/Data/Save/SaveMigrationService.cs","Not serialized in project assets, but referenced by C# source."
"USED_CODE_ONLY","Assets/_Project/Scripts/Data/Runtime/ShipRuntimeData.cs","ShipRuntimeData","System.Object","False","12","Assets/_Project/Scripts/Core/Services/Combat/PlayerAttackService.cs | Assets/_Project/Scripts/Core/Services/Combat/PlayerCombatTargetService.cs | Assets/_Project/Scripts/Core/Services/Game/NewGameFactory.cs | Assets/_Project/Scripts/Core/Services/Hangar/HangarService.cs | Assets/_Project/Scripts/Core/Services/Hangar/IHangarService.cs | Assets/_Project/Scripts/Data/Domain/Hangar/ShipSlotRules.cs | Assets/_Project/Scripts/Data/Runtime/Player/PlayerState.cs | Assets/_Project/Scripts/Data/Runtime/ShipRuntimeState.cs | Assets/_Project/Scripts/Data/Save/SaveMigrationService.cs | Assets/_Project/Scripts/Presentation/Combat/Player/PlayerSystemMapShipView.cs | Assets/_Project/Scripts/Presentation/Fuel/RefuelPanelController.cs | Assets/_Project/Tests/EditMode/Sprint3Verification/S03_02_SaveContractTests.cs","Not serialized in project assets, but referenced by C# source."
"USED_CODE_ONLY","Assets/_Project/Scripts/Data/Runtime/ShipRuntimeState.cs","ShipRuntimeState","System.Object","False","3","Assets/_Project/Scripts/Core/Services/Game/NewGameFactory.cs | Assets/_Project/Scripts/Data/Runtime/Player/PlayerState.cs | Assets/_Project/Scripts/Data/Save/SaveMigrationService.cs","Not serialized in project assets, but referenced by C# source."
"USED_CODE_ONLY","Assets/_Project/Scripts/Data/Runtime/SystemAllyRuntimeState.cs","SystemAllyRuntimeState","System.Object","False","6","Assets/_Project/Scripts/Core/Services/Combat/ISystemAllyService.cs | Assets/_Project/Scripts/Core/Services/Combat/SystemAllyService.cs | Assets/_Project/Scripts/Core/Services/Combat/SystemEncounterSaveService.cs | Assets/_Project/Scripts/Presentation/Combat/Ally/AllySystemMapEntity.cs | Assets/_Project/Scripts/Presentation/Combat/Ally/AllySystemMovementController.cs | Assets/_Project/Scripts/Presentation/Combat/SystemEncounter/SystemEncounterSpawner.cs","Not serialized in project assets, but referenced by C# source."
"USED_CODE_ONLY","Assets/_Project/Scripts/Data/Runtime/SystemEnemyRuntimeState.cs","SystemEnemyRuntimeState","System.Object","False","7","Assets/_Project/Scripts/Core/Services/Combat/GovernmentRewardService.cs | Assets/_Project/Scripts/Core/Services/Combat/SystemEncounterSaveService.cs | Assets/_Project/Scripts/Core/Services/Enemy/ISystemEnemyService.cs | Assets/_Project/Scripts/Core/Services/Enemy/SystemEnemyService.cs | Assets/_Project/Scripts/Presentation/Combat/EnemySystemMapEntity.cs | Assets/_Project/Scripts/Presentation/Combat/EnemySystemMovementController.cs | Assets/_Project/Scripts/Presentation/Combat/SystemEncounter/SystemEncounterSpawner.cs","Not serialized in project assets, but referenced by C# source."
"USED_CODE_ONLY","Assets/_Project/Scripts/Data/Runtime/SystemGamePlay/InteractionRuntimeState.cs","InteractionRuntimeState","System.Object","False","8","Assets/_Project/Scripts/Core/Services/Interaction/IInteractionService2A.cs | Assets/_Project/Scripts/Core/Services/Interaction/InteractionService2A.cs | Assets/_Project/Scripts/Core/Services/SystemGameplayState/ISystemGameplayStateService.cs | Assets/_Project/Scripts/Core/Services/SystemGameplayState/SystemGameplayStateService.cs | Assets/_Project/Scripts/Data/Runtime/SystemGamePlay/SystemGameplayRuntimeState.cs | Assets/_Project/Scripts/Presentation/Interaction/InteractionStatusView2A.cs | Assets/_Project/Tests/EditMode/Sprint1Verification/ConfigAndStateCurrentEditModeTests.cs | Assets/_Project/Tests/EditMode/Sprint3Verification/S03_02_InteractionTests.cs","Not serialized in project assets, but referenced by C# source."
"USED_CODE_ONLY","Assets/_Project/Scripts/Data/Runtime/SystemGamePlay/PlayerControlRuntimeState.cs","PlayerControlRuntimeState","System.Object","False","8","Assets/_Project/Scripts/Core/Services/Interaction/InteractionService2A.cs | Assets/_Project/Scripts/Core/Services/PlayerControl/IPlayerControlService.cs | Assets/_Project/Scripts/Core/Services/PlayerControl/PlayerControlService2A.cs | Assets/_Project/Scripts/Core/Services/ShipMovement/ShipMovementService2A.cs | Assets/_Project/Scripts/Core/Services/SystemGameplayState/ISystemGameplayStateService.cs | Assets/_Project/Scripts/Core/Services/SystemGameplayState/SystemGameplayStateService.cs | Assets/_Project/Scripts/Data/Runtime/SystemGamePlay/SystemGameplayRuntimeState.cs | Assets/_Project/Tests/EditMode/Sprint1Verification/ConfigAndStateCurrentEditModeTests.cs","Not serialized in project assets, but referenced by C# source."
"USED_CODE_ONLY","Assets/_Project/Scripts/Data/Runtime/SystemGamePlay/ShipMovementRuntimeState.cs","ShipMovementRuntimeState","System.Object","False","10","Assets/_Project/Scripts/Core/Services/PlayerShipSaveSync/PlayerShipSaveSyncService2A.cs | Assets/_Project/Scripts/Core/Services/ShipMovement/IShipMovementService.cs | Assets/_Project/Scripts/Core/Services/ShipMovement/ShipMovementService2A.cs | Assets/_Project/Scripts/Core/Services/SystemGameplayState/ISystemGameplayStateService.cs | Assets/_Project/Scripts/Core/Services/SystemGameplayState/SystemGameplayStateService.cs | Assets/_Project/Scripts/Data/Runtime/SystemGamePlay/SystemGameplayRuntimeState.cs | Assets/_Project/Scripts/Presentation/Ship/ShipMovementViewBinder2A.cs | Assets/_Project/Scripts/Presentation/SystemScene/MetaSceneInstaller2A.cs | Assets/_Project/Scripts/Presentation/SystemScene/MetaSceneShipStateBridge2A.cs | Assets/_Project/Tests/EditMode/Sprint1Verification/ConfigAndStateCurrentEditModeTests.cs","Not serialized in project assets, but referenced by C# source."
"USED_CODE_ONLY","Assets/_Project/Scripts/Data/Runtime/SystemGamePlay/SystemBoundsRuntimeState.cs","SystemBoundsRuntimeState","System.Object","False","7","Assets/_Project/Scripts/Core/Services/ShipMovement/ShipMovementService2A.cs | Assets/_Project/Scripts/Core/Services/SystemBounds/ISystemBoundsService.cs | Assets/_Project/Scripts/Core/Services/SystemBounds/SystemBoundsService2A.cs | Assets/_Project/Scripts/Core/Services/SystemGameplayState/ISystemGameplayStateService.cs | Assets/_Project/Scripts/Core/Services/SystemGameplayState/SystemGameplayStateService.cs | Assets/_Project/Scripts/Data/Runtime/SystemGamePlay/SystemGameplayRuntimeState.cs | Assets/_Project/Tests/EditMode/Sprint3Verification/SystemBoundsAndSaveSyncEditModeTests.cs","Not serialized in project assets, but referenced by C# source."
"USED_CODE_ONLY","Assets/_Project/Scripts/Data/Runtime/SystemGamePlay/SystemCameraRuntimeState.cs","SystemCameraRuntimeState","System.Object","False","4","Assets/_Project/Scripts/Core/Services/SystemGameplayState/ISystemGameplayStateService.cs | Assets/_Project/Scripts/Core/Services/SystemGameplayState/SystemGameplayStateService.cs | Assets/_Project/Scripts/Data/Runtime/SystemGamePlay/SystemGameplayRuntimeState.cs | Assets/_Project/Tests/EditMode/Sprint1Verification/ConfigAndStateCurrentEditModeTests.cs","Not serialized in project assets, but referenced by C# source."
"USED_CODE_ONLY","Assets/_Project/Scripts/Data/Runtime/SystemGamePlay/SystemGameplayRuntimeState.cs","SystemGameplayRuntimeState","System.Object","False","3","Assets/_Project/Scripts/Core/Services/SystemGameplayState/ISystemGameplayStateService.cs | Assets/_Project/Scripts/Core/Services/SystemGameplayState/SystemGameplayStateService.cs | Assets/_Project/Tests/EditMode/Sprint3Verification/S03_02_SaveContractTests.cs","Not serialized in project assets, but referenced by C# source."
"USED_CODE_ONLY","Assets/_Project/Scripts/Data/Runtime/SystemGamePlay/TargetingRuntimeState.cs","TargetingRuntimeState","System.Object","False","10","Assets/_Project/Scripts/Core/Services/Interaction/InteractionService2A.cs | Assets/_Project/Scripts/Core/Services/SystemGameplayState/ISystemGameplayStateService.cs | Assets/_Project/Scripts/Core/Services/SystemGameplayState/SystemGameplayStateService.cs | Assets/_Project/Scripts/Core/Services/Targeting/ITargetService2A.cs | Assets/_Project/Scripts/Core/Services/Targeting/TargetService2A.cs | Assets/_Project/Scripts/Data/Events/Targeting/TargetChangedEvent2A.cs | Assets/_Project/Scripts/Data/Runtime/SystemGamePlay/SystemGameplayRuntimeState.cs | Assets/_Project/Tests/EditMode/Sprint1Verification/ConfigAndStateCurrentEditModeTests.cs | Assets/_Project/Tests/EditMode/Sprint3Verification/S03_02_SaveContractTests.cs | Assets/_Project/Tests/EditMode/Sprint3Verification/S03_02_TargetTests.cs","Not serialized in project assets, but referenced by C# source."
"USED_CODE_ONLY","Assets/_Project/Scripts/Data/Save/Npc/SystemNpcSaveData.cs","SystemNpcSaveData","System.Object","False","2","Assets/_Project/Scripts/Core/Services/Npc/SystemNpcSimulationSaveService.cs | Assets/_Project/Scripts/Data/Save/Npc/SystemNpcSimulationSaveData.cs","Not serialized in project assets, but referenced by C# source."
"USED_CODE_ONLY","Assets/_Project/Scripts/Data/Save/Npc/SystemNpcSimulationSaveData.cs","SystemNpcSimulationSaveData","System.Object","False","5","Assets/_Project/Scripts/Core/Services/Npc/ISystemNpcSimulationSaveService.cs | Assets/_Project/Scripts/Core/Services/Npc/SystemNpcSimulationSaveService.cs | Assets/_Project/Scripts/Data/Runtime/Game/GameRuntimeState.cs | Assets/_Project/Scripts/Data/Save/SaveMigrationService.cs | Assets/_Project/Tests/EditMode/Sprint1Verification/Sprint1CurrentTestEnvironment.cs","Not serialized in project assets, but referenced by C# source."
"USED_CODE_ONLY","Assets/_Project/Scripts/Data/Save/Npc/SystemNpcWeaponSaveData.cs","SystemNpcWeaponSaveData","System.Object","False","2","Assets/_Project/Scripts/Core/Services/Npc/SystemNpcSimulationSaveService.cs | Assets/_Project/Scripts/Data/Save/Npc/SystemNpcSaveData.cs","Not serialized in project assets, but referenced by C# source."
"USED_CODE_ONLY","Assets/_Project/Scripts/Data/Save/SaveDataVersions.cs","SaveDataVersions","System.Object","False","7","Assets/_Project/Scripts/Core/Services/Save/Pipeline/SaveValidationStage.cs | Assets/_Project/Scripts/Data/Save/SaveMigrationService.cs | Assets/_Project/Tests/EditMode/Sprint1Verification/ConfigAndStateCurrentEditModeTests.cs | Assets/_Project/Tests/EditMode/Sprint1Verification/SaveMigrationCurrentEditModeTests.cs | Assets/_Project/Tests/EditMode/Sprint1Verification/SavePipelineStagesCurrentEditModeTests.cs | Assets/_Project/Tests/EditMode/Sprint1Verification/SaveService2ACurrentEditModeTests.cs | Assets/_Project/Tests/EditMode/Sprint3Verification/SaveMigrationEditModeTests.cs","Not serialized in project assets, but referenced by C# source."
"USED_CODE_ONLY","Assets/_Project/Scripts/Data/Save/SaveMigrationService.cs","SaveMigrationService","System.Object","False","5","Assets/_Project/Scripts/Core/Services/Save/Pipeline/SaveMigrationStage.cs | Assets/_Project/Scripts/Core/Services/Save/Pipeline/SaveValidationStage.cs | Assets/_Project/Tests/EditMode/Sprint1Verification/ConfigAndStateCurrentEditModeTests.cs | Assets/_Project/Tests/EditMode/Sprint1Verification/SaveMigrationCurrentEditModeTests.cs | Assets/_Project/Tests/EditMode/Sprint3Verification/SaveMigrationEditModeTests.cs","Not serialized in project assets, but referenced by C# source."
"USED_CODE_ONLY","Assets/_Project/Scripts/Data/Save/SystemAllySaveData.cs","SystemAllySaveData","System.Object","False","2","Assets/_Project/Scripts/Core/Services/Combat/SystemEncounterSaveService.cs | Assets/_Project/Scripts/Data/Save/SystemEncounterSaveData.cs","Not serialized in project assets, but referenced by C# source."
"USED_CODE_ONLY","Assets/_Project/Scripts/Data/Save/SystemEncounterSaveData.cs","SystemEncounterSaveData","System.Object","False","5","Assets/_Project/Scripts/Core/Services/Combat/ISystemEncounterSaveService.cs | Assets/_Project/Scripts/Core/Services/Combat/SystemEncounterSaveService.cs | Assets/_Project/Scripts/Data/Runtime/Game/GameRuntimeState.cs | Assets/_Project/Scripts/Data/Save/SaveMigrationService.cs | Assets/_Project/Tests/EditMode/Sprint1Verification/Sprint1CurrentTestEnvironment.cs","Not serialized in project assets, but referenced by C# source."
"USED_CODE_ONLY","Assets/_Project/Scripts/Data/Save/SystemEnemySaveData.cs","SystemEnemySaveData","System.Object","False","2","Assets/_Project/Scripts/Core/Services/Combat/SystemEncounterSaveService.cs | Assets/_Project/Scripts/Data/Save/SystemEncounterSaveData.cs","Not serialized in project assets, but referenced by C# source."
"USED_CODE_ONLY","Assets/_Project/Scripts/Presentation/Combat/Projectiles/WeaponFireController.cs","WeaponFireController","UnityEngine.MonoBehaviour","False","1","Assets/_Project/Scripts/Presentation/Combat/EnemySystemMapEntity.cs","Not serialized in project assets, but referenced by C# source."
"USED_CODE_ONLY","Assets/_Project/Scripts/Presentation/Combat/SystemEncounter/SystemEncounterRuntimeRoot.cs","SystemEncounterRuntimeRoot","UnityEngine.MonoBehaviour","False","2","Assets/_Project/Scripts/Presentation/Combat/SystemEncounter/SystemEncounterRestoreController.cs | Assets/_Project/Scripts/Presentation/Combat/SystemEncounter/SystemEncounterSpawner.cs","Not serialized in project assets, but referenced by C# source."
"USED_CODE_ONLY","Assets/_Project/Scripts/Presentation/StarSystem/Pseudo3D/Pseudo3DRenderOrder2.cs","Pseudo3DRenderOrder2","System.Object","False","2","Assets/_Project/Scripts/Presentation/StarSystem/Pseudo3D/Pseudo3DDepthByY2.cs | Assets/_Project/Scripts/Presentation/StarSystem/Pseudo3D/ShipPseudo3DFx2.cs","Not serialized in project assets, but referenced by C# source."
"USED_CODE_ONLY","Assets/_Project/Scripts/Presentation/SystemScene/MetaSceneShipTransformUtility2A.cs","MetaSceneShipTransformUtility2A","System.Object","False","3","Assets/_Project/Scripts/Presentation/SystemScene/MetaSceneInstaller2A.cs | Assets/_Project/Scripts/Presentation/SystemScene/MetaSceneShipStateBridge2A.cs | Assets/_Project/Tests/EditMode/Sprint3Verification/MetaSceneShipTransformUtility2AEditModeTests.cs","Not serialized in project assets, but referenced by C# source."
"USED_CODE_ONLY","Assets/_Project/Scripts/Presentation/Travel/SystemTravelVisualController2.cs","SystemTravelVisualController2","CustomMonoBehaviour","False","2","Assets/_Project/Scripts/Diagnostics/LegacyReferenceAudit.cs | Assets/_Project/Scripts/Presentation/Travel/SystemTravelVisualController2A.cs","Not serialized in project assets, but referenced by C# source."
"USED_CODE_ONLY","Assets/_Project/Scripts/Presentation/Travel/TravelLineView2.cs","TravelLineView2","CustomMonoBehaviour","False","2","Assets/_Project/Scripts/Diagnostics/LegacyReferenceAudit.cs | Assets/_Project/Scripts/Presentation/Travel/SystemTravelVisualController2.cs","Not serialized in project assets, but referenced by C# source."
"USED_CODE_ONLY","Assets/_Project/Scripts/Presentation/Utility/SpriteRendererSizeUtility.cs","SpriteRendererSizeUtility","System.Object","False","5","Assets/_Project/Scripts/Presentation/Planet/PlanetNodeView2.cs | Assets/_Project/Scripts/Presentation/Planet/SunNodeView.cs | Assets/_Project/Scripts/Presentation/SystemExit/SystemExitNodeView2A.cs | Assets/_Project/Scripts/Presentation/Travel/SystemDestinationMarkerController2.cs | Assets/_Project/Scripts/Presentation/Travel/TravelLineView2.cs","Not serialized in project assets, but referenced by C# source."
"USED_CODE_ONLY","Assets/_Project/Scripts/Tools/Validation/ValidationIssue.cs","ValidationIssue","System.Object","False","15","Assets/_Project/Scripts/Tools/Validation/Editor/ConfigValidatorWindow.cs | Assets/_Project/Scripts/Tools/Validation/Editor/ValidationMenu.cs | Assets/_Project/Scripts/Tools/Validation/Editor/ValidationMenuRunner.cs | Assets/_Project/Scripts/Tools/Validation/Validators/BaseGameConfigValidator.cs | Assets/_Project/Scripts/Tools/Validation/Validators/ConfigIdUniquenessValidator.cs | Assets/_Project/Scripts/Tools/Validation/Validators/EnemyConfigValidator.cs | Assets/_Project/Scripts/Tools/Validation/Validators/IConfigValidator.cs | Assets/_Project/Scripts/Tools/Validation/Validators/ItemConfigValidator.cs | Assets/_Project/Scripts/Tools/Validation/Validators/MissionTemplateConfigValidator.cs | Assets/_Project/Scripts/Tools/Validation/Validators/ModuleConfigValidator.cs | Assets/_Project/Scripts/Tools/Validation/Validators/ShipConfigValidator.cs | Assets/_Project/Scripts/Tools/Validation/Validators/StarSystemConfigValidator.cs | Assets/_Project/Scripts/Tools/Validation/Validators/StarSystemConnectivityValidator.cs | Assets/_Project/Scripts/Tools/Validation/Validators/WeaponConfigValidator.cs | Assets/_Project/Tests/Manual/Editor/RouteEndpointValidator2A.cs","Not serialized in project assets, but referenced by C# source."
"USED_CODE_ONLY","Assets/_Project/Scripts/Tools/Validation/Validators/BaseGameConfigValidator.cs","BaseGameConfigValidator","System.Object","False","2","Assets/_Project/Scripts/Tools/Validation/Editor/ValidationMenu.cs | Assets/_Project/Scripts/Tools/Validation/Editor/ValidationMenuRunner.cs","Not serialized in project assets, but referenced by C# source."
"USED_CODE_ONLY","Assets/_Project/Scripts/Tools/Validation/Validators/ConfigIdUniquenessValidator.cs","ConfigIdUniquenessValidator","System.Object","False","2","Assets/_Project/Scripts/Tools/Validation/Editor/ValidationMenu.cs | Assets/_Project/Scripts/Tools/Validation/Editor/ValidationMenuRunner.cs","Not serialized in project assets, but referenced by C# source."
"USED_CODE_ONLY","Assets/_Project/Scripts/Tools/Validation/Validators/EnemyConfigValidator.cs","EnemyConfigValidator","System.Object","False","1","Assets/_Project/Scripts/Tools/Validation/Editor/ValidationMenuRunner.cs","Not serialized in project assets, but referenced by C# source."
"USED_CODE_ONLY","Assets/_Project/Scripts/Tools/Validation/Validators/ItemConfigValidator.cs","ItemConfigValidator","System.Object","False","1","Assets/_Project/Scripts/Tools/Validation/Editor/ValidationMenuRunner.cs","Not serialized in project assets, but referenced by C# source."
"USED_CODE_ONLY","Assets/_Project/Scripts/Tools/Validation/Validators/MissionTemplateConfigValidator.cs","MissionTemplateConfigValidator","System.Object","False","1","Assets/_Project/Scripts/Tools/Validation/Editor/ValidationMenuRunner.cs","Not serialized in project assets, but referenced by C# source."
"USED_CODE_ONLY","Assets/_Project/Scripts/Tools/Validation/Validators/ModuleConfigValidator.cs","ModuleConfigValidator","System.Object","False","1","Assets/_Project/Scripts/Tools/Validation/Editor/ValidationMenuRunner.cs","Not serialized in project assets, but referenced by C# source."
"USED_CODE_ONLY","Assets/_Project/Scripts/Tools/Validation/Validators/ShipConfigValidator.cs","ShipConfigValidator","System.Object","False","2","Assets/_Project/Scripts/Tools/Validation/Editor/ValidationMenu.cs | Assets/_Project/Scripts/Tools/Validation/Editor/ValidationMenuRunner.cs","Not serialized in project assets, but referenced by C# source."
"USED_CODE_ONLY","Assets/_Project/Scripts/Tools/Validation/Validators/StarSystemConfigValidator.cs","StarSystemConfigValidator","System.Object","False","2","Assets/_Project/Scripts/Tools/Validation/Editor/ValidationMenu.cs | Assets/_Project/Scripts/Tools/Validation/Editor/ValidationMenuRunner.cs","Not serialized in project assets, but referenced by C# source."
"USED_CODE_ONLY","Assets/_Project/Scripts/Tools/Validation/Validators/StarSystemConnectivityValidator.cs","StarSystemConnectivityValidator","System.Object","False","2","Assets/_Project/Scripts/Tools/Validation/Editor/ValidationMenu.cs | Assets/_Project/Scripts/Tools/Validation/Editor/ValidationMenuRunner.cs","Not serialized in project assets, but referenced by C# source."
"USED_CODE_ONLY","Assets/_Project/Scripts/Tools/Validation/Validators/WeaponConfigValidator.cs","WeaponConfigValidator","System.Object","False","1","Assets/_Project/Scripts/Tools/Validation/Editor/ValidationMenuRunner.cs","Not serialized in project assets, but referenced by C# source."
"USED_SERIALIZED","Assets/_Project/Scripts/Presentation/Combat/Ally/AllyWeaponController.cs","AllyWeaponController","UnityEngine.MonoBehaviour","True","0","",""
"USED_SERIALIZED","Assets/_Project/Scripts/Presentation/Combat/CombatSceneController.cs","CombatSceneController","UnityEngine.MonoBehaviour","True","0","",""
"USED_SERIALIZED","Assets/_Project/Scripts/Presentation/Combat/Player/PlayerSystemMapShipView.cs","PlayerSystemMapShipView","UnityEngine.MonoBehaviour","True","0","",""
"USED_SERIALIZED","Assets/_Project/Scripts/Presentation/Combat/SystemEncounter/EnemyWeaponController.cs","EnemyWeaponController","UnityEngine.MonoBehaviour","True","0","",""
"USED_SERIALIZED","Assets/_Project/Scripts/Presentation/Combat/SystemEncounter/GovernmentRewardClaimButtonController.cs","GovernmentRewardClaimButtonController","CustomMonoBehaviour","True","0","",""
"USED_SERIALIZED","Assets/_Project/Scripts/Presentation/Galaxy/GalaxySceneController.cs","GalaxySceneController","CustomMonoBehaviour","True","0","",""
"USED_SERIALIZED","Assets/_Project/Scripts/Presentation/Hangar/HangarScreenController.cs","HangarScreenController","UnityEngine.MonoBehaviour","True","0","",""
"USED_SERIALIZED","Assets/_Project/Scripts/Presentation/Input/ShipClickCancelMovement2A.cs","ShipClickCancelMovement2A","UnityEngine.MonoBehaviour","True","0","",""
"USED_SERIALIZED","Assets/_Project/Scripts/Presentation/Input/SystemControlPresentationBridge2A.cs","SystemControlPresentationBridge2A","UnityEngine.MonoBehaviour","True","0","",""
"USED_SERIALIZED","Assets/_Project/Scripts/Presentation/MainMenu/MainMenuController.cs","MainMenuController","UnityEngine.MonoBehaviour","True","0","",""
"USED_SERIALIZED","Assets/_Project/Scripts/Presentation/Npc/GalaxyNpcCombatVisualController.cs","GalaxyNpcCombatVisualController","CustomMonoBehaviour","True","0","",""
"USED_SERIALIZED","Assets/_Project/Scripts/Presentation/Npc/SystemNpcViewBinder.cs","SystemNpcViewBinder","CustomMonoBehaviour","True","0","",""
"USED_SERIALIZED","Assets/_Project/Scripts/Presentation/Settings/SettingsController.cs","SettingsController","UnityEngine.MonoBehaviour","True","0","",""
"USED_SERIALIZED","Assets/_Project/Scripts/Presentation/Ship/ShipMovementViewBinder2A.cs","ShipMovementViewBinder2A","UnityEngine.MonoBehaviour","True","0","",""
"USED_SERIALIZED","Assets/_Project/Scripts/Presentation/StarSystem/Camera/SystemCameraReturnButton2A.cs","SystemCameraReturnButton2A","UnityEngine.MonoBehaviour","True","0","",""
"USED_SERIALIZED","Assets/_Project/Scripts/Presentation/StarSystem/Pseudo3D/Pseudo3DDepthByY2.cs","Pseudo3DDepthByY2","UnityEngine.MonoBehaviour","True","0","",""
"USED_SERIALIZED","Assets/_Project/Scripts/Presentation/StarSystem/Pseudo3D/ShipPseudo3DFx2.cs","ShipPseudo3DFx2","UnityEngine.MonoBehaviour","True","0","",""
"USED_SERIALIZED","Assets/_Project/Scripts/Presentation/StarSystem/Pseudo3D/SystemFrameParallax2.cs","SystemFrameParallax2","UnityEngine.MonoBehaviour","True","0","",""
"USED_SERIALIZED","Assets/_Project/Scripts/Presentation/SystemExit/SystemExitNodeView.cs","SystemExitNodeView","UnityEngine.MonoBehaviour","True","0","",""
"USED_SERIALIZED","Assets/_Project/Scripts/Presentation/SystemScene/MetaSceneController.cs","MetaSceneController","CustomMonoBehaviour","True","0","",""
"USED_SERIALIZED","Assets/_Project/Scripts/Presentation/SystemScene/MetaSceneShipStateBridge2A.cs","MetaSceneShipStateBridge2A","UnityEngine.MonoBehaviour","True","0","",""
"USED_SERIALIZED","Assets/_Project/Scripts/Presentation/Travel/SystemTravelVisualController2A.cs","SystemTravelVisualController2A","CustomMonoBehaviour","True","0","",""
"USED_SERIALIZED_AND_CODE","Assets/TutorialInfo/Scripts/Readme.cs","Readme","UnityEngine.ScriptableObject","True","1","Assets/TutorialInfo/Scripts/Editor/ReadmeEditor.cs",""
"USED_SERIALIZED_AND_CODE","Assets/_Project/Scripts/Core/Bootstrap/Bootstrapper.cs","Bootstrapper","CustomMonoBehaviour","True","124","Assets/_Project/Scripts/Core/Custom/CustomMonoBehaviour.cs | Assets/_Project/Scripts/Core/Services/Combat/GovernmentRewardService.cs | Assets/_Project/Scripts/Core/Services/Combat/PlayerAttackService.cs | Assets/_Project/Scripts/Core/Services/Combat/PlayerCombatTargetService.cs | Assets/_Project/Scripts/Core/Services/Combat/SystemAllyService.cs | Assets/_Project/Scripts/Core/Services/Combat/SystemEncounterSaveService.cs | Assets/_Project/Scripts/Core/Services/Combat/SystemEncounterService.cs | Assets/_Project/Scripts/Core/Services/Config/ConfigService.cs | Assets/_Project/Scripts/Core/Services/CustomService.cs | Assets/_Project/Scripts/Core/Services/Economy/EconomyService.cs | Assets/_Project/Scripts/Core/Services/Enemy/SystemEnemyService.cs | Assets/_Project/Scripts/Core/Services/Fuel/RefuelAvailabilityProvider.cs | Assets/_Project/Scripts/Core/Services/Fuel/RefuelService.cs | Assets/_Project/Scripts/Core/Services/Galaxy/GalaxyDiscoveryService.cs | Assets/_Project/Scripts/Core/Services/Game/ContinueGameService.cs | Assets/_Project/Scripts/Core/Services/Game/NewGameFactory.cs | Assets/_Project/Scripts/Core/Services/Game/NewGameService.cs | Assets/_Project/Scripts/Core/Services/Hangar/HangarService.cs | Assets/_Project/Scripts/Core/Services/Interaction/InteractionService2A.cs | Assets/_Project/Scripts/Core/Services/Inventory/InventoryService.cs",""
"USED_SERIALIZED_AND_CODE","Assets/_Project/Scripts/Data/Configs/AllyConfig.cs","AllyConfig","BaseConfig","True","16","Assets/_Project/Scripts/Core/Bootstrap/Bootstrapper.cs | Assets/_Project/Scripts/Core/Services/Combat/ISystemAllyService.cs | Assets/_Project/Scripts/Core/Services/Combat/SystemAllyService.cs | Assets/_Project/Scripts/Core/Services/Combat/SystemEncounterSaveService.cs | Assets/_Project/Scripts/Core/Services/Config/ConfigService.cs | Assets/_Project/Scripts/Core/Services/Config/IConfigService.cs | Assets/_Project/Scripts/Core/Services/Npc/SystemNpcPopulationService.cs | Assets/_Project/Scripts/Core/Services/Npc/SystemNpcRuntimeFactory.cs | Assets/_Project/Scripts/Data/Configs/AllySpawnRuleConfig.cs | Assets/_Project/Scripts/Data/Runtime/SystemAllyRuntimeState.cs | Assets/_Project/Scripts/Presentation/Combat/Ally/AllySystemMapEntity.cs | Assets/_Project/Scripts/Presentation/Combat/Ally/AllySystemMovementController.cs | Assets/_Project/Scripts/Presentation/Combat/SystemEncounter/SystemEncounterSpawner.cs | Assets/_Project/Scripts/Presentation/Npc/SystemNpcViewBinder.cs | Assets/_Project/Tests/EditMode/Sprint1Verification/ConfigAndStateCurrentEditModeTests.cs | Assets/_Project/Tests/EditMode/Sprint1Verification/Sprint1CurrentTestEnvironment.cs",""
"USED_SERIALIZED_AND_CODE","Assets/_Project/Scripts/Data/Configs/AllySpawnRuleConfig.cs","AllySpawnRuleConfig","BaseConfig","True","8","Assets/_Project/Scripts/Core/Bootstrap/Bootstrapper.cs | Assets/_Project/Scripts/Core/Services/Config/ConfigService.cs | Assets/_Project/Scripts/Core/Services/Config/IConfigService.cs | Assets/_Project/Scripts/Core/Services/Npc/SystemNpcBehaviorService.cs | Assets/_Project/Scripts/Core/Services/Npc/SystemNpcPopulationService.cs | Assets/_Project/Scripts/Data/Configs/SystemPopulationConfig.cs | Assets/_Project/Tests/EditMode/Sprint1Verification/ConfigAndStateCurrentEditModeTests.cs | Assets/_Project/Tests/EditMode/Sprint1Verification/Sprint1CurrentTestEnvironment.cs",""
"USED_SERIALIZED_AND_CODE","Assets/_Project/Scripts/Data/Configs/DebugConfig.cs","DebugConfig","UnityEngine.ScriptableObject","True","4","Assets/_Project/Scripts/Core/Bootstrap/Bootstrapper.cs | Assets/_Project/Scripts/Core/Services/Config/ConfigService.cs | Assets/_Project/Scripts/Core/Services/Config/IConfigService.cs | Assets/_Project/Tests/EditMode/Sprint1Verification/Sprint1CurrentTestEnvironment.cs",""
"USED_SERIALIZED_AND_CODE","Assets/_Project/Scripts/Data/Configs/EnemyConfig.cs","EnemyConfig","BaseConfig","True","22","Assets/_Project/Scripts/Core/Bootstrap/Bootstrapper.cs | Assets/_Project/Scripts/Core/Services/Combat/GovernmentRewardService.cs | Assets/_Project/Scripts/Core/Services/Combat/SystemEncounterSaveService.cs | Assets/_Project/Scripts/Core/Services/Config/ConfigService.cs | Assets/_Project/Scripts/Core/Services/Config/IConfigService.cs | Assets/_Project/Scripts/Core/Services/Enemy/ISystemEnemyService.cs | Assets/_Project/Scripts/Core/Services/Enemy/SystemEnemyService.cs | Assets/_Project/Scripts/Core/Services/Npc/SystemNpcPopulationService.cs | Assets/_Project/Scripts/Core/Services/Npc/SystemNpcRuntimeFactory.cs | Assets/_Project/Scripts/Data/Configs/EncounterConfig.cs | Assets/_Project/Scripts/Data/Configs/EnemyGroupEntryConfig.cs | Assets/_Project/Scripts/Data/Configs/MissionTemplateConfig.cs | Assets/_Project/Scripts/Data/Runtime/SystemEnemyRuntimeState.cs | Assets/_Project/Scripts/Presentation/Combat/EnemySystemMapEntity.cs | Assets/_Project/Scripts/Presentation/Combat/EnemySystemMovementController.cs | Assets/_Project/Scripts/Presentation/Combat/SystemEncounter/SystemEncounterSpawner.cs | Assets/_Project/Scripts/Presentation/Npc/SystemNpcViewBinder.cs | Assets/_Project/Scripts/Tools/Validation/Editor/ValidationMenu.cs | Assets/_Project/Scripts/Tools/Validation/Editor/ValidationMenuRunner.cs | Assets/_Project/Scripts/Tools/Validation/Validators/EnemyConfigValidator.cs",""
"USED_SERIALIZED_AND_CODE","Assets/_Project/Scripts/Data/Configs/EnemyGroupSpawnRuleConfig.cs","EnemyGroupSpawnRuleConfig","BaseConfig","True","2","Assets/_Project/Scripts/Core/Services/Npc/SystemNpcPopulationService.cs | Assets/_Project/Scripts/Data/Configs/SystemPopulationConfig.cs",""
"USED_SERIALIZED_AND_CODE","Assets/_Project/Scripts/Data/Configs/GalaxyConfig.cs","GalaxyConfig","BaseConfig","True","12","Assets/_Project/Scripts/Core/Bootstrap/Bootstrapper.cs | Assets/_Project/Scripts/Core/Services/Config/ConfigService.cs | Assets/_Project/Scripts/Core/Services/Config/IConfigService.cs | Assets/_Project/Scripts/Core/Services/Game/NewGameFactory.cs | Assets/_Project/Scripts/Core/Services/Route/RouteService.cs | Assets/_Project/Scripts/Data/Runtime/Galaxy/GalaxyRuntimeStateFactory.cs | Assets/_Project/Scripts/Presentation/Galaxy/Route/GalaxyMapRoutesBuilder2A.cs | Assets/_Project/Scripts/Presentation/Galaxy/Sector/GalaxyMapSectorBuilder.cs | Assets/_Project/Tests/EditMode/Sprint1Verification/Sprint1CurrentTestEnvironment.cs | Assets/_Project/Tests/EditMode/Sprint2Verification/Sprint2GalaxyContentEditModeTests.cs | Assets/_Project/Tests/EditMode/Sprint2Verification/Sprint2RouteGraphEditModeTests.cs | Assets/_Project/Tests/EditMode/Sprint2Verification/Sprint2TestData.cs",""
"USED_SERIALIZED_AND_CODE","Assets/_Project/Scripts/Data/Configs/GameConfig.cs","GameConfig","UnityEngine.ScriptableObject","True","4","Assets/_Project/Scripts/Core/Bootstrap/Bootstrapper.cs | Assets/_Project/Scripts/Core/Services/Config/ConfigService.cs | Assets/_Project/Scripts/Core/Services/Config/IConfigService.cs | Assets/_Project/Tests/EditMode/Sprint1Verification/Sprint1CurrentTestEnvironment.cs",""
"USED_SERIALIZED_AND_CODE","Assets/_Project/Scripts/Data/Configs/InteractionConfig.cs","InteractionConfig","UnityEngine.ScriptableObject","True","5","Assets/_Project/Scripts/Core/Bootstrap/Bootstrapper.cs | Assets/_Project/Scripts/Core/Services/Config/ConfigService.cs | Assets/_Project/Scripts/Core/Services/Config/IConfigService.cs | Assets/_Project/Scripts/Core/Services/Interaction/InteractionService2A.cs | Assets/_Project/Tests/EditMode/Sprint1Verification/Sprint1CurrentTestEnvironment.cs",""
"USED_SERIALIZED_AND_CODE","Assets/_Project/Scripts/Data/Configs/ItemConfig.cs","ItemConfig","BaseConfig","True","18","Assets/_Project/Scripts/Core/Bootstrap/Bootstrapper.cs | Assets/_Project/Scripts/Core/Services/Config/ConfigService.cs | Assets/_Project/Scripts/Core/Services/Config/IConfigService.cs | Assets/_Project/Scripts/Core/Services/Economy/EconomyService.cs | Assets/_Project/Scripts/Core/Services/Inventory/InventoryService.cs | Assets/_Project/Scripts/Core/Services/Market/PlanetMarketPriceProvider.cs | Assets/_Project/Scripts/Core/Services/MarketTransaction/MarketTransactionService.cs | Assets/_Project/Scripts/Data/Configs/MissionTemplateConfig.cs | Assets/_Project/Scripts/Data/Configs/RewardConfig.cs | Assets/_Project/Scripts/Data/Domain/Economy/MarketItemData.cs | Assets/_Project/Scripts/Data/Domain/Market/MarketItemEntry.cs | Assets/_Project/Scripts/Presentation/Market/MarketItemRowView.cs | Assets/_Project/Scripts/Presentation/Market/MarketScreenController.cs | Assets/_Project/Scripts/Tools/Validation/Editor/ValidationMenu.cs | Assets/_Project/Scripts/Tools/Validation/Editor/ValidationMenuRunner.cs | Assets/_Project/Scripts/Tools/Validation/Validators/ItemConfigValidator.cs | Assets/_Project/Tests/EditMode/Sprint1Verification/ConfigAndStateCurrentEditModeTests.cs | Assets/_Project/Tests/EditMode/Sprint1Verification/Sprint1CurrentTestEnvironment.cs",""
"USED_SERIALIZED_AND_CODE","Assets/_Project/Scripts/Data/Configs/MarketProfileConfig.cs","MarketProfileConfig","BaseConfig","True","3","Assets/_Project/Scripts/Data/Configs/PlanetConfig.cs | Assets/_Project/Scripts/Data/Configs/StationConfig.cs | Assets/_Project/Scripts/Data/Configs/StationTypeConfig.cs",""
"USED_SERIALIZED_AND_CODE","Assets/_Project/Scripts/Data/Configs/MissionTemplateConfig.cs","MissionTemplateConfig","BaseConfig","True","5","Assets/_Project/Scripts/Core/Services/Mission/PlanetMissionOfferGenerator.cs | Assets/_Project/Scripts/Data/Domain/Planet/PlanetMissionOfferEntryConfig.cs | Assets/_Project/Scripts/Tools/Validation/Editor/ValidationMenu.cs | Assets/_Project/Scripts/Tools/Validation/Editor/ValidationMenuRunner.cs | Assets/_Project/Scripts/Tools/Validation/Validators/MissionTemplateConfigValidator.cs",""
"USED_SERIALIZED_AND_CODE","Assets/_Project/Scripts/Data/Configs/ModuleConfig.cs","ModuleConfig","BaseConfig","True","13","Assets/_Project/Scripts/Core/Bootstrap/Bootstrapper.cs | Assets/_Project/Scripts/Core/Services/Config/ConfigService.cs | Assets/_Project/Scripts/Core/Services/Config/IConfigService.cs | Assets/_Project/Scripts/Core/Services/Hangar/HangarService.cs | Assets/_Project/Scripts/Core/Services/Ship/ShipStatCalculator.cs | Assets/_Project/Scripts/Core/Services/ShipStats/IShipStatsService.cs | Assets/_Project/Scripts/Core/Services/ShipStats/ShipStatsService.cs | Assets/_Project/Scripts/Data/Domain/Hangar/ShipSlotRules.cs | Assets/_Project/Scripts/Tools/Validation/Editor/ValidationMenu.cs | Assets/_Project/Scripts/Tools/Validation/Editor/ValidationMenuRunner.cs | Assets/_Project/Scripts/Tools/Validation/Validators/ModuleConfigValidator.cs | Assets/_Project/Tests/EditMode/Sprint1Verification/ConfigAndStateCurrentEditModeTests.cs | Assets/_Project/Tests/EditMode/Sprint1Verification/Sprint1CurrentTestEnvironment.cs",""
"USED_SERIALIZED_AND_CODE","Assets/_Project/Scripts/Data/Configs/NewGameConfig.cs","NewGameConfig","BaseConfig","True","5","Assets/_Project/Scripts/Core/Bootstrap/Bootstrapper.cs | Assets/_Project/Scripts/Core/Services/Config/ConfigService.cs | Assets/_Project/Scripts/Core/Services/Config/IConfigService.cs | Assets/_Project/Scripts/Core/Services/Game/NewGameFactory.cs | Assets/_Project/Tests/EditMode/Sprint1Verification/Sprint1CurrentTestEnvironment.cs",""
"USED_SERIALIZED_AND_CODE","Assets/_Project/Scripts/Data/Configs/PirateConfig.cs","PirateConfig","BaseConfig","True","9","Assets/_Project/Scripts/Core/Bootstrap/Bootstrapper.cs | Assets/_Project/Scripts/Core/Services/Config/ConfigService.cs | Assets/_Project/Scripts/Core/Services/Config/IConfigService.cs | Assets/_Project/Scripts/Core/Services/Npc/SystemNpcPopulationService.cs | Assets/_Project/Scripts/Core/Services/Npc/SystemNpcRuntimeFactory.cs | Assets/_Project/Scripts/Data/Configs/PirateGroupEntryConfig.cs | Assets/_Project/Scripts/Presentation/Npc/SystemNpcViewBinder.cs | Assets/_Project/Tests/EditMode/Sprint1Verification/ConfigAndStateCurrentEditModeTests.cs | Assets/_Project/Tests/EditMode/Sprint1Verification/Sprint1CurrentTestEnvironment.cs",""
"USED_SERIALIZED_AND_CODE","Assets/_Project/Scripts/Data/Configs/PirateGroupSpawnRuleConfig.cs","PirateGroupSpawnRuleConfig","BaseConfig","True","11","Assets/_Project/Scripts/Core/Bootstrap/Bootstrapper.cs | Assets/_Project/Scripts/Core/Services/Config/ConfigService.cs | Assets/_Project/Scripts/Core/Services/Config/IConfigService.cs | Assets/_Project/Scripts/Core/Services/Mission/MissionService.cs | Assets/_Project/Scripts/Core/Services/Mission/PlanetMissionOfferGenerator.cs | Assets/_Project/Scripts/Core/Services/Npc/ISystemNpcPopulationService.cs | Assets/_Project/Scripts/Core/Services/Npc/SystemNpcBehaviorService.cs | Assets/_Project/Scripts/Core/Services/Npc/SystemNpcPopulationService.cs | Assets/_Project/Scripts/Data/Configs/MissionTemplateConfig.cs | Assets/_Project/Tests/EditMode/Sprint1Verification/ConfigAndStateCurrentEditModeTests.cs | Assets/_Project/Tests/EditMode/Sprint1Verification/Sprint1CurrentTestEnvironment.cs",""
"USED_SERIALIZED_AND_CODE","Assets/_Project/Scripts/Data/Configs/PlanetConfig.cs","PlanetConfig","BaseConfig","True","31","Assets/_Project/Editor/FindDuplicatePlanetsInStarSystems.cs | Assets/_Project/Editor/FindPlanetConfigById.cs | Assets/_Project/Scripts/Core/Services/Config/ConfigService.cs | Assets/_Project/Scripts/Core/Services/Config/IConfigService.cs | Assets/_Project/Scripts/Core/Services/Market/PlanetMarketPriceProvider.cs | Assets/_Project/Scripts/Core/Services/Mission/IPlanetGovernmentMissionService.cs | Assets/_Project/Scripts/Core/Services/Mission/IPlanetMissionOfferGenerator.cs | Assets/_Project/Scripts/Core/Services/Mission/PlanetGovernmentMissionService.cs | Assets/_Project/Scripts/Core/Services/Mission/PlanetMissionOfferGenerator.cs | Assets/_Project/Scripts/Core/Services/Npc/SystemNpcBehaviorService.cs | Assets/_Project/Scripts/Core/Services/Npc/SystemNpcMovementRouteService.cs | Assets/_Project/Scripts/Core/Services/Npc/SystemNpcPopulationService.cs | Assets/_Project/Scripts/Core/Services/Travel/ISystemTravelService.cs | Assets/_Project/Scripts/Core/Services/Travel/SystemTravelService.cs | Assets/_Project/Scripts/Data/Configs/MissionTemplateConfig.cs | Assets/_Project/Scripts/Data/Configs/StarSystemConfig.cs | Assets/_Project/Scripts/Data/Domain/Travel/SystemTravelDestination.cs | Assets/_Project/Scripts/Data/Events/Planet/PlanetSelectedEvent.cs | Assets/_Project/Scripts/Presentation/Government/PlanetGovernmentMissionPresenter.cs | Assets/_Project/Scripts/Presentation/Planet/PlanetController.cs",""
"USED_SERIALIZED_AND_CODE","Assets/_Project/Scripts/Data/Configs/PlanetMissionConfig.cs","PlanetMissionConfig","BaseConfig","True","4","Assets/_Project/Scripts/Core/Services/Mission/IPlanetMissionOfferGenerator.cs | Assets/_Project/Scripts/Core/Services/Mission/PlanetGovernmentMissionService.cs | Assets/_Project/Scripts/Core/Services/Mission/PlanetMissionOfferGenerator.cs | Assets/_Project/Scripts/Data/Configs/PlanetConfig.cs",""
"USED_SERIALIZED_AND_CODE","Assets/_Project/Scripts/Data/Configs/PlanetOrbitConfig.cs","PlanetOrbitConfig","BaseConfig","True","4","Assets/_Project/Scripts/Core/Services/Planet/IOrbitalMotionService.cs | Assets/_Project/Scripts/Core/Services/Planet/OrbitalMotionService.cs | Assets/_Project/Scripts/Data/Configs/PlanetConfig.cs | Assets/_Project/Scripts/Presentation/Planet/PlanetOrbitLineView2.cs",""
"USED_SERIALIZED_AND_CODE","Assets/_Project/Scripts/Data/Configs/PlayerControlConfig.cs","PlayerControlConfig","UnityEngine.ScriptableObject","True","6","Assets/_Project/Scripts/Core/Bootstrap/Bootstrapper.cs | Assets/_Project/Scripts/Core/Services/Config/ConfigService.cs | Assets/_Project/Scripts/Core/Services/Config/IConfigService.cs | Assets/_Project/Scripts/Core/Services/PlayerControl/PlayerControlService2A.cs | Assets/_Project/Tests/EditMode/Sprint1Verification/Sprint1CurrentTestEnvironment.cs | Assets/_Project/Tests/EditMode/Sprint3Verification/PlayerControlServiceEditModeTests.cs",""
"USED_SERIALIZED_AND_CODE","Assets/_Project/Scripts/Data/Configs/RewardConfig.cs","RewardConfig","BaseConfig","True","1","Assets/_Project/Scripts/Data/Configs/EncounterConfig.cs",""
"USED_SERIALIZED_AND_CODE","Assets/_Project/Scripts/Data/Configs/RouteConfig.cs","RouteConfig","BaseConfig","True","19","Assets/_Project/Scripts/Core/Services/Route/RouteService.cs | Assets/_Project/Scripts/Core/Services/Travel/SystemTravelService.cs | Assets/_Project/Scripts/Core/Services/Travel/TravelService2A.cs | Assets/_Project/Scripts/Data/Configs/StarSystemConfig.cs | Assets/_Project/Scripts/Data/Domain/Travel/SystemTravelDestination.cs | Assets/_Project/Scripts/Data/Events/Route/RouteExitMapChangedEvent.cs | Assets/_Project/Scripts/Data/Runtime/Galaxy/GalaxyRuntimeStateFactory.cs | Assets/_Project/Scripts/Presentation/Galaxy/BottomPanel/GalaxySystemInfoPanel2A.cs | Assets/_Project/Scripts/Presentation/Galaxy/Route/GalaxyMapRoutesBuilder2A.cs | Assets/_Project/Scripts/Presentation/Galaxy/Route/GalaxyRouteLineView.cs | Assets/_Project/Scripts/Presentation/StarSystem/SystemMapController2.cs | Assets/_Project/Scripts/Presentation/SystemExit/SystemExitNodeView2A.cs | Assets/_Project/Scripts/Presentation/Travel/SystemMapDestinationController2.cs | Assets/_Project/Tests/EditMode/Sprint2Verification/Sprint2GalaxyContentEditModeTests.cs | Assets/_Project/Tests/EditMode/Sprint2Verification/Sprint2RouteGraphEditModeTests.cs | Assets/_Project/Tests/EditMode/Sprint2Verification/Sprint2TestData.cs | Assets/_Project/Tests/EditMode/Sprint2Verification/Sprint2TravelContractEditModeTests.cs | Assets/_Project/Tests/EditMode/Sprint3Verification/S03_02_RouteEndpointAssetTests.cs | Assets/_Project/Tests/Manual/Editor/RouteEndpointValidator2A.cs",""
"USED_SERIALIZED_AND_CODE","Assets/_Project/Scripts/Data/Configs/RouteEndpointConfig.cs","RouteEndpointConfig","BaseConfig","True","5","Assets/_Project/Scripts/Data/Configs/RouteConfig.cs | Assets/_Project/Scripts/Presentation/StarSystem/SystemMapController2.cs | Assets/_Project/Scripts/Presentation/SystemExit/SystemExitNodeView2A.cs | Assets/_Project/Tests/EditMode/Sprint3Verification/S03_02_RouteEndpointAssetTests.cs | Assets/_Project/Tests/Manual/Editor/RouteEndpointValidator2A.cs",""
"USED_SERIALIZED_AND_CODE","Assets/_Project/Scripts/Data/Configs/SaveConfig.cs","SaveConfig","UnityEngine.ScriptableObject","True","6","Assets/_Project/Scripts/Core/Bootstrap/Bootstrapper.cs | Assets/_Project/Scripts/Core/Services/Config/ConfigService.cs | Assets/_Project/Scripts/Core/Services/Config/IConfigService.cs | Assets/_Project/Scripts/Core/Services/Save/SaveService2A.cs | Assets/_Project/Tests/EditMode/Sprint1Verification/SaveService2ACurrentEditModeTests.cs | Assets/_Project/Tests/EditMode/Sprint1Verification/Sprint1CurrentTestEnvironment.cs",""
"USED_SERIALIZED_AND_CODE","Assets/_Project/Scripts/Data/Configs/SectorConfig.cs","SectorConfig","BaseConfig","True","13","Assets/_Project/Scripts/Core/Bootstrap/Bootstrapper.cs | Assets/_Project/Scripts/Core/Services/Config/ConfigService.cs | Assets/_Project/Scripts/Core/Services/Config/IConfigService.cs | Assets/_Project/Scripts/Core/Services/Route/RouteService.cs | Assets/_Project/Scripts/Data/Configs/GalaxyConfig.cs | Assets/_Project/Scripts/Data/Runtime/Galaxy/GalaxyRuntimeStateFactory.cs | Assets/_Project/Scripts/Presentation/Galaxy/Route/GalaxyMapRoutesBuilder2A.cs | Assets/_Project/Scripts/Presentation/Galaxy/Sector/GalaxyMapSectorBuilder.cs | Assets/_Project/Scripts/Presentation/Galaxy/Sector/GalaxySectorNodeView2A.cs | Assets/_Project/Tests/EditMode/Sprint1Verification/ConfigAndStateCurrentEditModeTests.cs | Assets/_Project/Tests/EditMode/Sprint1Verification/Sprint1CurrentTestEnvironment.cs | Assets/_Project/Tests/EditMode/Sprint2Verification/Sprint2GalaxyContentEditModeTests.cs | Assets/_Project/Tests/EditMode/Sprint2Verification/Sprint2TestData.cs",""
"USED_SERIALIZED_AND_CODE","Assets/_Project/Scripts/Data/Configs/ShipConfig.cs","ShipConfig","BaseConfig","True","15","Assets/_Project/Scripts/Core/Bootstrap/Bootstrapper.cs | Assets/_Project/Scripts/Core/Services/Config/ConfigService.cs | Assets/_Project/Scripts/Core/Services/Config/IConfigService.cs | Assets/_Project/Scripts/Core/Services/Hangar/HangarService.cs | Assets/_Project/Scripts/Core/Services/Hangar/IHangarService.cs | Assets/_Project/Scripts/Core/Services/Ship/ShipStatCalculator.cs | Assets/_Project/Scripts/Core/Services/ShipStats/IShipStatsService.cs | Assets/_Project/Scripts/Core/Services/ShipStats/ShipStatsService.cs | Assets/_Project/Scripts/Data/Domain/Hangar/ShipSlotRules.cs | Assets/_Project/Scripts/Data/Domain/ShipStats/ShipFinalStats.cs | Assets/_Project/Scripts/Tools/Validation/Editor/ValidationMenu.cs | Assets/_Project/Scripts/Tools/Validation/Editor/ValidationMenuRunner.cs | Assets/_Project/Scripts/Tools/Validation/Validators/ShipConfigValidator.cs | Assets/_Project/Tests/EditMode/Sprint1Verification/ConfigAndStateCurrentEditModeTests.cs | Assets/_Project/Tests/EditMode/Sprint1Verification/Sprint1CurrentTestEnvironment.cs",""
"USED_SERIALIZED_AND_CODE","Assets/_Project/Scripts/Data/Configs/ShipMovementConfig.cs","ShipMovementConfig","UnityEngine.ScriptableObject","True","9","Assets/_Project/Scripts/Core/Bootstrap/Bootstrapper.cs | Assets/_Project/Scripts/Core/Services/Config/ConfigService.cs | Assets/_Project/Scripts/Core/Services/Config/IConfigService.cs | Assets/_Project/Scripts/Core/Services/ShipMovement/ShipMovementService2A.cs | Assets/_Project/Scripts/Core/Services/SystemBounds/SystemBoundsService2A.cs | Assets/_Project/Scripts/Data/Runtime/SystemGamePlay/SystemBoundsRuntimeState.cs | Assets/_Project/Tests/EditMode/Sprint1Verification/Sprint1CurrentTestEnvironment.cs | Assets/_Project/Tests/EditMode/Sprint3Verification/ShipMovementServiceEditModeTests.cs | Assets/_Project/Tests/EditMode/Sprint3Verification/SystemBoundsAndSaveSyncEditModeTests.cs",""
"USED_SERIALIZED_AND_CODE","Assets/_Project/Scripts/Data/Configs/StarSystemConfig.cs","StarSystemConfig","BaseConfig","True","55","Assets/_Project/Editor/FindDuplicatePlanetsInStarSystems.cs | Assets/_Project/Scripts/Core/Services/Config/ConfigService.cs | Assets/_Project/Scripts/Core/Services/Config/IConfigService.cs | Assets/_Project/Scripts/Core/Services/Economy/EconomyService.cs | Assets/_Project/Scripts/Core/Services/Mission/IPlanetGovernmentMissionService.cs | Assets/_Project/Scripts/Core/Services/Mission/IPlanetMissionOfferGenerator.cs | Assets/_Project/Scripts/Core/Services/Mission/PlanetGovernmentMissionService.cs | Assets/_Project/Scripts/Core/Services/Mission/PlanetMissionOfferGenerator.cs | Assets/_Project/Scripts/Core/Services/Npc/Galaxy/GalaxyNpcBehaviorService.cs | Assets/_Project/Scripts/Core/Services/Npc/Galaxy/GalaxyNpcCombatService.cs | Assets/_Project/Scripts/Core/Services/Npc/Galaxy/GalaxyNpcMovementService.cs | Assets/_Project/Scripts/Core/Services/Npc/Galaxy/GalaxyPopulationService.cs | Assets/_Project/Scripts/Core/Services/Npc/ISystemNpcBehaviorService.cs | Assets/_Project/Scripts/Core/Services/Npc/ISystemNpcCombatService.cs | Assets/_Project/Scripts/Core/Services/Npc/ISystemNpcMovementService.cs | Assets/_Project/Scripts/Core/Services/Npc/ISystemNpcPopulationService.cs | Assets/_Project/Scripts/Core/Services/Npc/SystemNpcBehaviorService.cs | Assets/_Project/Scripts/Core/Services/Npc/SystemNpcCombatService.cs | Assets/_Project/Scripts/Core/Services/Npc/SystemNpcMovementRouteService.cs | Assets/_Project/Scripts/Core/Services/Npc/SystemNpcMovementService.cs",""
"USED_SERIALIZED_AND_CODE","Assets/_Project/Scripts/Data/Configs/StationConfig.cs","StationConfig","BaseConfig","True","1","Assets/_Project/Scripts/Data/Configs/StarSystemConfig.cs",""
"USED_SERIALIZED_AND_CODE","Assets/_Project/Scripts/Data/Configs/StationTypeConfig.cs","StationTypeConfig","BaseConfig","True","1","Assets/_Project/Scripts/Data/Configs/StationConfig.cs",""
"USED_SERIALIZED_AND_CODE","Assets/_Project/Scripts/Data/Configs/SunConfig.cs","SunConfig","BaseConfig","True","3","Assets/_Project/Scripts/Core/Services/Travel/SystemTravelService.cs | Assets/_Project/Scripts/Data/Configs/StarSystemConfig.cs | Assets/_Project/Scripts/Presentation/Planet/SunNodeView.cs",""
"USED_SERIALIZED_AND_CODE","Assets/_Project/Scripts/Data/Configs/SystemCameraConfig.cs","SystemCameraConfig","UnityEngine.ScriptableObject","True","5","Assets/_Project/Scripts/Core/Bootstrap/Bootstrapper.cs | Assets/_Project/Scripts/Core/Services/Config/ConfigService.cs | Assets/_Project/Scripts/Core/Services/Config/IConfigService.cs | Assets/_Project/Scripts/Presentation/StarSystem/Camera/SystemCameraController2A.cs | Assets/_Project/Tests/EditMode/Sprint1Verification/Sprint1CurrentTestEnvironment.cs",""
"USED_SERIALIZED_AND_CODE","Assets/_Project/Scripts/Data/Configs/SystemHudConfig.cs","SystemHudConfig","UnityEngine.ScriptableObject","True","4","Assets/_Project/Scripts/Core/Bootstrap/Bootstrapper.cs | Assets/_Project/Scripts/Core/Services/Config/ConfigService.cs | Assets/_Project/Scripts/Core/Services/Config/IConfigService.cs | Assets/_Project/Tests/EditMode/Sprint1Verification/Sprint1CurrentTestEnvironment.cs",""
"USED_SERIALIZED_AND_CODE","Assets/_Project/Scripts/Data/Configs/SystemPopulationConfig.cs","SystemPopulationConfig","BaseConfig","True","3","Assets/_Project/Scripts/Core/Services/Npc/SystemNpcBehaviorService.cs | Assets/_Project/Scripts/Core/Services/Npc/SystemNpcPopulationService.cs | Assets/_Project/Scripts/Data/Configs/StarSystemConfig.cs",""
"USED_SERIALIZED_AND_CODE","Assets/_Project/Scripts/Data/Configs/SystemVisualConfig.cs","SystemVisualConfig","UnityEngine.ScriptableObject","True","4","Assets/_Project/Scripts/Core/Bootstrap/Bootstrapper.cs | Assets/_Project/Scripts/Core/Services/Config/ConfigService.cs | Assets/_Project/Scripts/Core/Services/Config/IConfigService.cs | Assets/_Project/Tests/EditMode/Sprint1Verification/Sprint1CurrentTestEnvironment.cs",""
"USED_SERIALIZED_AND_CODE","Assets/_Project/Scripts/Data/Configs/TargetingConfig.cs","TargetingConfig","UnityEngine.ScriptableObject","True","8","Assets/_Project/Scripts/Core/Bootstrap/Bootstrapper.cs | Assets/_Project/Scripts/Core/Services/Config/ConfigService.cs | Assets/_Project/Scripts/Core/Services/Config/IConfigService.cs | Assets/_Project/Scripts/Core/Services/Targeting/TargetService2A.cs | Assets/_Project/Scripts/Presentation/Targeting/TargetMarkerView2A.cs | Assets/_Project/Tests/EditMode/Sprint1Verification/Sprint1CurrentTestEnvironment.cs | Assets/_Project/Tests/EditMode/Sprint3Verification/S03_02_TargetTests.cs | Assets/_Project/Tests/EditMode/Sprint3Verification/TargetService2AEditModeTests.cs",""
"USED_SERIALIZED_AND_CODE","Assets/_Project/Scripts/Data/Configs/WeaponConfig.cs","WeaponConfig","BaseConfig","True","18","Assets/_Project/Scripts/Core/Bootstrap/Bootstrapper.cs | Assets/_Project/Scripts/Core/Services/Config/ConfigService.cs | Assets/_Project/Scripts/Core/Services/Config/IConfigService.cs | Assets/_Project/Scripts/Core/Services/Hangar/HangarService.cs | Assets/_Project/Scripts/Core/Services/Npc/SystemNpcCombatService.cs | Assets/_Project/Scripts/Core/Services/Npc/SystemNpcRuntimeFactory.cs | Assets/_Project/Scripts/Data/Configs/AllyConfig.cs | Assets/_Project/Scripts/Data/Configs/EnemyConfig.cs | Assets/_Project/Scripts/Data/Configs/PirateConfig.cs | Assets/_Project/Scripts/Data/Domain/Hangar/ShipSlotRules.cs | Assets/_Project/Scripts/Presentation/Combat/Projectiles/WeaponFireController.cs | Assets/_Project/Scripts/Presentation/Npc/SystemNpcCombatVisualController.cs | Assets/_Project/Scripts/Tools/Validation/Editor/ValidationMenu.cs | Assets/_Project/Scripts/Tools/Validation/Editor/ValidationMenuRunner.cs | Assets/_Project/Scripts/Tools/Validation/Validators/EnemyConfigValidator.cs | Assets/_Project/Scripts/Tools/Validation/Validators/WeaponConfigValidator.cs | Assets/_Project/Tests/EditMode/Sprint1Verification/ConfigAndStateCurrentEditModeTests.cs | Assets/_Project/Tests/EditMode/Sprint1Verification/Sprint1CurrentTestEnvironment.cs",""
"USED_SERIALIZED_AND_CODE","Assets/_Project/Scripts/Data/Domain/Planet/PlanetMissionOfferEntryConfig.cs","PlanetMissionOfferEntryConfig","BaseConfig","True","2","Assets/_Project/Scripts/Core/Services/Mission/PlanetMissionOfferGenerator.cs | Assets/_Project/Scripts/Data/Configs/PlanetMissionConfig.cs",""
"USED_SERIALIZED_AND_CODE","Assets/_Project/Scripts/Presentation/Combat/Ally/AllySystemMapEntity.cs","AllySystemMapEntity","UnityEngine.MonoBehaviour","True","5","Assets/_Project/Scripts/Presentation/Combat/Ally/AllySystemMovementController.cs | Assets/_Project/Scripts/Presentation/Combat/Ally/AllyWeaponController.cs | Assets/_Project/Scripts/Presentation/Combat/Projectiles/ProjectileView.cs | Assets/_Project/Scripts/Presentation/Combat/SystemEncounter/SystemEncounterRestoreController.cs | Assets/_Project/Scripts/Presentation/Combat/SystemEncounter/SystemEncounterSpawner.cs",""
"USED_SERIALIZED_AND_CODE","Assets/_Project/Scripts/Presentation/Combat/Ally/AllySystemMovementController.cs","AllySystemMovementController","UnityEngine.MonoBehaviour","True","1","Assets/_Project/Scripts/Presentation/Combat/Ally/AllySystemMapEntity.cs",""
"USED_SERIALIZED_AND_CODE","Assets/_Project/Scripts/Presentation/Combat/EnemySystemMapEntity.cs","EnemySystemMapEntity","CustomMonoBehaviour","True","7","Assets/_Project/Scripts/Presentation/Combat/Ally/AllyWeaponController.cs | Assets/_Project/Scripts/Presentation/Combat/EnemySystemMovementController.cs | Assets/_Project/Scripts/Presentation/Combat/Projectiles/ProjectileView.cs | Assets/_Project/Scripts/Presentation/Combat/Projectiles/WeaponFireController.cs | Assets/_Project/Scripts/Presentation/Combat/SystemEncounter/EnemyWeaponController.cs | Assets/_Project/Scripts/Presentation/Combat/SystemEncounter/SystemEncounterRestoreController.cs | Assets/_Project/Scripts/Presentation/Combat/SystemEncounter/SystemEncounterSpawner.cs",""
"USED_SERIALIZED_AND_CODE","Assets/_Project/Scripts/Presentation/Combat/EnemySystemMovementController.cs","EnemySystemMovementController","UnityEngine.MonoBehaviour","True","1","Assets/_Project/Scripts/Presentation/Combat/EnemySystemMapEntity.cs",""
"USED_SERIALIZED_AND_CODE","Assets/_Project/Scripts/Presentation/Combat/Player/PlayerCombatEntity.cs","PlayerCombatEntity","UnityEngine.MonoBehaviour","True","1","Assets/_Project/Scripts/Presentation/Combat/Projectiles/ProjectileView.cs",""
"USED_SERIALIZED_AND_CODE","Assets/_Project/Scripts/Presentation/Combat/Projectiles/ProjectileMover.cs","ProjectileMover","UnityEngine.MonoBehaviour","True","3","Assets/_Project/Scripts/Presentation/Combat/Ally/AllyWeaponController.cs | Assets/_Project/Scripts/Presentation/Combat/Projectiles/WeaponFireController.cs | Assets/_Project/Scripts/Presentation/Combat/SystemEncounter/EnemyWeaponController.cs",""
"USED_SERIALIZED_AND_CODE","Assets/_Project/Scripts/Presentation/Combat/Projectiles/ProjectileView.cs","ProjectileView","UnityEngine.MonoBehaviour","True","4","Assets/_Project/Scripts/Presentation/Combat/Ally/AllyWeaponController.cs | Assets/_Project/Scripts/Presentation/Combat/Projectiles/ProjectileMover.cs | Assets/_Project/Scripts/Presentation/Combat/Projectiles/WeaponFireController.cs | Assets/_Project/Scripts/Presentation/Combat/SystemEncounter/EnemyWeaponController.cs",""
"USED_SERIALIZED_AND_CODE","Assets/_Project/Scripts/Presentation/Combat/SystemMapMover.cs","SystemMapMover","UnityEngine.MonoBehaviour","True","2","Assets/_Project/Scripts/Presentation/Combat/Ally/AllySystemMovementController.cs | Assets/_Project/Scripts/Presentation/Combat/EnemySystemMovementController.cs",""
"USED_SERIALIZED_AND_CODE","Assets/_Project/Scripts/Presentation/Fuel/RefuelPanelController.cs","RefuelPanelController","UnityEngine.MonoBehaviour","True","1","Assets/_Project/Scripts/Presentation/SystemScene/MetaSceneController.cs",""
"USED_SERIALIZED_AND_CODE","Assets/_Project/Scripts/Presentation/Galaxy/Background/GalaxyMapBackgroundClickHandler.cs","GalaxyMapBackgroundClickHandler","CustomMonoBehaviour","True","1","Assets/_Project/Scripts/Presentation/Galaxy/GalaxySceneController.cs",""
"USED_SERIALIZED_AND_CODE","Assets/_Project/Scripts/Presentation/Galaxy/BottomPanel/GalaxySystemInfoPanel2A.cs","GalaxySystemInfoPanel2A","CustomMonoBehaviour","True","1","Assets/_Project/Scripts/Presentation/Galaxy/GalaxySceneController.cs",""
"USED_SERIALIZED_AND_CODE","Assets/_Project/Scripts/Presentation/Galaxy/Camera/GalaxyMapViewFitter.cs","GalaxyMapViewFitter","UnityEngine.MonoBehaviour","True","1","Assets/_Project/Scripts/Presentation/Galaxy/System/GalaxyMapSystemBuilder.cs",""
"USED_SERIALIZED_AND_CODE","Assets/_Project/Scripts/Presentation/Galaxy/Camera/MapCameraController2A.cs","MapCameraController2A","UnityEngine.MonoBehaviour","True","1","Assets/_Project/Scripts/Presentation/Galaxy/System/GalaxyMapSystemBuilder.cs",""
"USED_SERIALIZED_AND_CODE","Assets/_Project/Scripts/Presentation/Galaxy/Route/GalaxyMapRoutesBuilder2A.cs","GalaxyMapRoutesBuilder2A","CustomMonoBehaviour","True","2","Assets/_Project/Scripts/Presentation/Galaxy/GalaxySceneController.cs | Assets/_Project/Scripts/Presentation/Galaxy/System/GalaxyMapSystemBuilder.cs",""
"USED_SERIALIZED_AND_CODE","Assets/_Project/Scripts/Presentation/Galaxy/Route/GalaxyRouteLineView.cs","GalaxyRouteLineView","UnityEngine.MonoBehaviour","True","1","Assets/_Project/Scripts/Presentation/Galaxy/Route/GalaxyMapRoutesBuilder2A.cs",""
"USED_SERIALIZED_AND_CODE","Assets/_Project/Scripts/Presentation/Galaxy/Sector/GalaxyMapSectorBuilder.cs","GalaxyMapSectorBuilder","CustomMonoBehaviour","True","1","Assets/_Project/Scripts/Presentation/Galaxy/GalaxySceneController.cs",""
"USED_SERIALIZED_AND_CODE","Assets/_Project/Scripts/Presentation/Galaxy/Sector/GalaxySectorNodeView2A.cs","GalaxySectorNodeView2A","CustomMonoBehaviour","True","1","Assets/_Project/Scripts/Presentation/Galaxy/Sector/GalaxyMapSectorBuilder.cs",""
"USED_SERIALIZED_AND_CODE","Assets/_Project/Scripts/Presentation/Galaxy/Sector/GalaxySectorVisualFitter2A.cs","GalaxySectorVisualFitter2A","UnityEngine.MonoBehaviour","True","1","Assets/_Project/Scripts/Presentation/Galaxy/System/GalaxyMapSystemBuilder.cs",""
"USED_SERIALIZED_AND_CODE","Assets/_Project/Scripts/Presentation/Galaxy/System/GalaxyMapSystemBuilder.cs","GalaxyMapSystemBuilder","CustomMonoBehaviour","True","1","Assets/_Project/Scripts/Presentation/Galaxy/GalaxySceneController.cs",""
"USED_SERIALIZED_AND_CODE","Assets/_Project/Scripts/Presentation/Galaxy/System/StarSystemNodeView2A.cs","StarSystemNodeView2A","CustomMonoBehaviour","True","1","Assets/_Project/Scripts/Presentation/Galaxy/System/GalaxyMapSystemBuilder.cs",""
"USED_SERIALIZED_AND_CODE","Assets/_Project/Scripts/Presentation/Government/PlanetGovernmentMissionPresenter.cs","PlanetGovernmentMissionPresenter","CustomMonoBehaviour","True","1","Assets/_Project/Scripts/Presentation/SystemScene/MetaSceneController.cs",""
"USED_SERIALIZED_AND_CODE","Assets/_Project/Scripts/Presentation/Input/MetaSceneKeyboardTravelBridge2A.cs","MetaSceneKeyboardTravelBridge2A","UnityEngine.MonoBehaviour","True","1","Assets/_Project/Scripts/Presentation/Input/ShipClickCancelMovement2A.cs",""
"USED_SERIALIZED_AND_CODE","Assets/_Project/Scripts/Presentation/Input/PlayerInputBridge2A.cs","PlayerInputBridge2A","UnityEngine.MonoBehaviour","True","1","Assets/_Project/Scripts/Presentation/Interaction/InteractionTouchButton2A.cs",""
"USED_SERIALIZED_AND_CODE","Assets/_Project/Scripts/Presentation/Market/MarketItemRowView.cs","MarketItemRowView","UnityEngine.MonoBehaviour","True","1","Assets/_Project/Scripts/Presentation/Market/MarketScreenController.cs",""
"USED_SERIALIZED_AND_CODE","Assets/_Project/Scripts/Presentation/Market/MarketScreenController.cs","MarketScreenController","CustomMonoBehaviour","True","2","Assets/_Project/Scripts/Presentation/Planet/PlanetController.cs | Assets/_Project/Scripts/Presentation/SystemScene/MetaSceneController.cs",""
"USED_SERIALIZED_AND_CODE","Assets/_Project/Scripts/Presentation/Mission/MissionCardView.cs","MissionCardView","UnityEngine.MonoBehaviour","True","1","Assets/_Project/Scripts/Presentation/Mission/MissionScreenController.cs",""
"USED_SERIALIZED_AND_CODE","Assets/_Project/Scripts/Presentation/Mission/MissionScreenController.cs","MissionScreenController","CustomMonoBehaviour","True","1","Assets/_Project/Scripts/Presentation/SystemScene/MetaSceneController.cs",""
"USED_SERIALIZED_AND_CODE","Assets/_Project/Scripts/Presentation/Npc/GalaxyNpcProjectileView.cs","GalaxyNpcProjectileView","UnityEngine.MonoBehaviour","True","1","Assets/_Project/Scripts/Presentation/Npc/GalaxyNpcCombatVisualController.cs",""
"USED_SERIALIZED_AND_CODE","Assets/_Project/Scripts/Presentation/Npc/SystemNpcProjectileVisual.cs","SystemNpcProjectileVisual","UnityEngine.MonoBehaviour","True","1","Assets/_Project/Scripts/Presentation/Npc/SystemNpcCombatVisualController.cs",""
"USED_SERIALIZED_AND_CODE","Assets/_Project/Scripts/Presentation/Npc/SystemNpcView.cs","SystemNpcView","CustomMonoBehaviour","True","1","Assets/_Project/Scripts/Presentation/Npc/SystemNpcViewBinder.cs",""
"USED_SERIALIZED_AND_CODE","Assets/_Project/Scripts/Presentation/Planet/PlanetController.cs","PlanetController","CustomMonoBehaviour","True","1","Assets/_Project/Scripts/Presentation/SystemScene/MetaSceneController.cs",""
"USED_SERIALIZED_AND_CODE","Assets/_Project/Scripts/Presentation/Planet/PlanetNodeView2.cs","PlanetNodeView2","CustomMonoBehaviour","True","1","Assets/_Project/Scripts/Presentation/StarSystem/SystemMapController2.cs",""
"USED_SERIALIZED_AND_CODE","Assets/_Project/Scripts/Presentation/Planet/PlanetOrbitLineView2.cs","PlanetOrbitLineView2","UnityEngine.MonoBehaviour","True","1","Assets/_Project/Scripts/Presentation/Planet/PlanetNodeView2.cs",""
"USED_SERIALIZED_AND_CODE","Assets/_Project/Scripts/Presentation/Planet/PlanetOrbitMotion2.cs","PlanetOrbitMotion2","CustomMonoBehaviour","True","1","Assets/_Project/Scripts/Presentation/Planet/PlanetNodeView2.cs",""
"USED_SERIALIZED_AND_CODE","Assets/_Project/Scripts/Presentation/Planet/PlanetSelectableView2.cs","PlanetSelectableView2","CustomMonoBehaviour","True","5","Assets/_Project/Scripts/Presentation/Planet/PlanetNodeView2.cs | Assets/_Project/Scripts/Presentation/StarSystem/SystemMapController2.cs | Assets/_Project/Scripts/Presentation/Targeting/TargetSelectableView2A.cs | Assets/_Project/Scripts/Presentation/Travel/SystemMapDestinationController2.cs | Assets/_Project/Tests/EditMode/Sprint3Verification/S03_02_PresentationStructuralTests.cs",""
"USED_SERIALIZED_AND_CODE","Assets/_Project/Scripts/Presentation/Planet/SunNodeView.cs","SunNodeView","UnityEngine.MonoBehaviour","True","1","Assets/_Project/Scripts/Presentation/StarSystem/SystemMapController2.cs",""
"USED_SERIALIZED_AND_CODE","Assets/_Project/Scripts/Presentation/Ship/PointDestinationMovementAdapter2A.cs","PointDestinationMovementAdapter2A","UnityEngine.MonoBehaviour","True","1","Assets/_Project/Scripts/Presentation/Input/PlayerInputBridge2A.cs",""
"USED_SERIALIZED_AND_CODE","Assets/_Project/Scripts/Presentation/StarSystem/Camera/MapCameraController.cs","MapCameraController","UnityEngine.MonoBehaviour","True","2","Assets/_Project/Scripts/Presentation/Galaxy/System/GalaxyMapSystemBuilder.cs | Assets/_Project/Scripts/Presentation/StarSystem/Camera/SystemCameraController2A.cs",""
"USED_SERIALIZED_AND_CODE","Assets/_Project/Scripts/Presentation/StarSystem/Camera/SystemCameraController2A.cs","SystemCameraController2A","CustomMonoBehaviour","True","5","Assets/_Project/Scripts/Presentation/Input/SystemControlPresentationBridge2A.cs | Assets/_Project/Scripts/Presentation/StarSystem/Camera/MapCameraController.cs | Assets/_Project/Scripts/Presentation/StarSystem/Camera/SystemCameraDragInput2A.cs | Assets/_Project/Scripts/Presentation/StarSystem/Camera/SystemCameraReturnButton2A.cs | Assets/_Project/Scripts/Presentation/SystemScene/MetaSceneController.cs",""
"USED_SERIALIZED_AND_CODE","Assets/_Project/Scripts/Presentation/StarSystem/Camera/SystemCameraDragInput2A.cs","SystemCameraDragInput2A","UnityEngine.MonoBehaviour","True","1","Assets/_Project/Scripts/Presentation/StarSystem/Camera/MapCameraController.cs",""
"USED_SERIALIZED_AND_CODE","Assets/_Project/Scripts/Presentation/StarSystem/ShipMarkerView2.cs","ShipMarkerView2","UnityEngine.MonoBehaviour","True","7","Assets/_Project/Scripts/Diagnostics/LegacyReferenceAudit.cs | Assets/_Project/Scripts/Presentation/Input/MetaSceneKeyboardTravelBridge2A.cs | Assets/_Project/Scripts/Presentation/Input/ShipClickCancelMovement2A.cs | Assets/_Project/Scripts/Presentation/Ship/ShipMovementViewBinder2A.cs | Assets/_Project/Scripts/Presentation/StarSystem/SystemShipMarkerController2.cs | Assets/_Project/Scripts/Presentation/SystemScene/MetaSceneInstaller2A.cs | Assets/_Project/Scripts/Presentation/SystemScene/MetaSceneShipStateBridge2A.cs",""
"USED_SERIALIZED_AND_CODE","Assets/_Project/Scripts/Presentation/StarSystem/SystemMapController2.cs","SystemMapController2","CustomMonoBehaviour","True","3","Assets/_Project/Scripts/Diagnostics/LegacyReferenceAudit.cs | Assets/_Project/Scripts/Presentation/SystemScene/MetaSceneController.cs | Assets/_Project/Scripts/Presentation/SystemScene/SystemSceneRoot2A.cs",""
"USED_SERIALIZED_AND_CODE","Assets/_Project/Scripts/Presentation/StarSystem/SystemMapHUDController.cs","SystemMapHUDController","CustomMonoBehaviour","True","2","Assets/_Project/Scripts/Diagnostics/LegacyReferenceAudit.cs | Assets/_Project/Scripts/Presentation/SystemScene/MetaSceneController.cs",""
"USED_SERIALIZED_AND_CODE","Assets/_Project/Scripts/Presentation/StarSystem/SystemShipMarkerController2.cs","SystemShipMarkerController2","CustomMonoBehaviour","True","5","Assets/_Project/Scripts/Diagnostics/LegacyReferenceAudit.cs | Assets/_Project/Scripts/Presentation/SystemScene/MetaSceneController.cs | Assets/_Project/Scripts/Presentation/SystemScene/MetaSceneInstaller2A.cs | Assets/_Project/Scripts/Presentation/SystemScene/MetaSceneShipTransformUtility2A.cs | Assets/_Project/Scripts/Presentation/SystemScene/SystemSceneRoot2A.cs",""
"USED_SERIALIZED_AND_CODE","Assets/_Project/Scripts/Presentation/SystemExit/SystemExitNodeView2A.cs","SystemExitNodeView2A","CustomMonoBehaviour","True","2","Assets/_Project/Scripts/Presentation/StarSystem/SystemMapController2.cs | Assets/_Project/Scripts/Presentation/Targeting/TravelPointInteractionTarget2A.cs",""
"USED_SERIALIZED_AND_CODE","Assets/_Project/Scripts/Presentation/SystemScene/MetaHUDController.cs","MetaHudController","CustomMonoBehaviour","True","2","Assets/_Project/Scripts/Presentation/Galaxy/GalaxySceneController.cs | Assets/_Project/Scripts/Presentation/SystemScene/MetaSceneController.cs",""
"USED_SERIALIZED_AND_CODE","Assets/_Project/Scripts/Presentation/SystemScene/MetaSceneInstaller2A.cs","MetaSceneInstaller2A","UnityEngine.MonoBehaviour","True","1","Assets/_Project/Scripts/Presentation/StarSystem/SystemShipMarkerController2.cs",""
"USED_SERIALIZED_AND_CODE","Assets/_Project/Scripts/Presentation/SystemScene/SystemSceneRoot2A.cs","SystemSceneRoot2A","UnityEngine.MonoBehaviour","True","1","Assets/_Project/Tests/EditMode/SystemScene/SystemSceneRoot2AEditModeTests.cs",""
"USED_SERIALIZED_AND_CODE","Assets/_Project/Scripts/Presentation/Targeting/TargetMarkerView2A.cs","TargetMarkerView2A","UnityEngine.MonoBehaviour","True","5","Assets/_Project/Scripts/Presentation/Planet/PlanetSelectableView2.cs | Assets/_Project/Scripts/Presentation/Targeting/TargetSelectableView2A.cs | Assets/_Project/Scripts/Presentation/Targeting/TravelPointInteractionTarget2A.cs | Assets/_Project/Scripts/Presentation/Travel/SystemDestinationMarkerController2.cs | Assets/_Project/Tests/EditMode/Sprint3Verification/S03_02_PresentationStructuralTests.cs",""
"USED_SERIALIZED_AND_CODE","Assets/_Project/Scripts/Presentation/Targeting/TargetSelectableView2A.cs","TargetSelectableView2A","UnityEngine.MonoBehaviour","True","2","Assets/_Project/Scripts/Presentation/SystemExit/SystemExitNodeView2A.cs | Assets/_Project/Scripts/Presentation/Targeting/TravelPointInteractionTarget2A.cs",""
"USED_SERIALIZED_AND_CODE","Assets/_Project/Scripts/Presentation/Targeting/TravelPointInteractionTarget2A.cs","TravelPointInteractionTarget2A","UnityEngine.MonoBehaviour","True","1","Assets/_Project/Scripts/Presentation/SystemExit/SystemExitNodeView2A.cs",""
"USED_SERIALIZED_AND_CODE","Assets/_Project/Scripts/Presentation/Travel/ArrivalFxView2.cs","ArrivalFxView2","CustomMonoBehaviour","True","3","Assets/_Project/Scripts/Diagnostics/LegacyReferenceAudit.cs | Assets/_Project/Scripts/Presentation/Travel/SystemTransitionController2.cs | Assets/_Project/Scripts/Presentation/Travel/SystemTravelArrivalHandler2.cs",""
"USED_SERIALIZED_AND_CODE","Assets/_Project/Scripts/Presentation/Travel/ShipEngineGlowView2.cs","ShipEngineGlowView2","CustomMonoBehaviour","True","3","Assets/_Project/Scripts/Diagnostics/LegacyReferenceAudit.cs | Assets/_Project/Scripts/Presentation/Travel/SystemTravelVisualController2.cs | Assets/_Project/Scripts/Presentation/Travel/SystemTravelVisualController2A.cs",""
"USED_SERIALIZED_AND_CODE","Assets/_Project/Scripts/Presentation/Travel/SystemDestinationMarkerController2.cs","SystemDestinationMarkerController2","CustomMonoBehaviour","True","2","Assets/_Project/Scripts/Diagnostics/LegacyReferenceAudit.cs | Assets/_Project/Scripts/Presentation/Travel/SystemMapDestinationController2.cs",""
"USED_SERIALIZED_AND_CODE","Assets/_Project/Scripts/Presentation/Travel/SystemMapClickArea2.cs","SystemMapClickArea2","CustomMonoBehaviour","True","2","Assets/_Project/Scripts/Diagnostics/LegacyReferenceAudit.cs | Assets/_Project/Scripts/Presentation/Travel/SystemMapDestinationController2.cs",""
"USED_SERIALIZED_AND_CODE","Assets/_Project/Scripts/Presentation/Travel/SystemMapDestinationController2.cs","SystemMapDestinationController2","CustomMonoBehaviour","True","1","Assets/_Project/Scripts/Diagnostics/LegacyReferenceAudit.cs",""
"USED_SERIALIZED_AND_CODE","Assets/_Project/Scripts/Presentation/Travel/SystemTransitionController2.cs","SystemTransitionController2","CustomMonoBehaviour","True","1","Assets/_Project/Scripts/Diagnostics/LegacyReferenceAudit.cs",""
"USED_SERIALIZED_AND_CODE","Assets/_Project/Scripts/Presentation/Travel/SystemTravelArrivalHandler2.cs","SystemTravelArrivalHandler2","CustomMonoBehaviour","True","1","Assets/_Project/Scripts/Diagnostics/LegacyReferenceAudit.cs",""
"USED_SERIALIZED_AND_CODE","Assets/_Project/Scripts/Presentation/Travel/SystemTravelHudController.cs","SystemTravelHudController","UnityEngine.MonoBehaviour","True","1","Assets/_Project/Scripts/Diagnostics/LegacyReferenceAudit.cs",""
"USED_SERIALIZED_AND_CODE","Assets/_Project/Scripts/Presentation/Travel/TravelLineView2A.cs","TravelLineView2A","CustomMonoBehaviour","True","1","Assets/_Project/Scripts/Presentation/Travel/SystemTravelVisualController2A.cs",""
