id,displayName,description,icon,level,equipmentTier,weaponOwner,cargoSize,baseDamageMin,baseDamageMax,rangeMin,rangeMax,energyCostMin,energyCostMax,projectileLifetimeMin,projectileLifetimeMax,isHitscan,weaponType,damageType,targetingMode,projectilePrefabRef,usesAmmo,maxAmmoChargesMin,maxAmmoChargesMax,autoDetectShotType,shotType,shotCount
weapon_common_laser_bronze_L01_01,Лазер,"Тонкий cyan-white лазерный луч для ранней игры. Быстрый, стабильный, простой для чтения. IMG: PNG 512×512, transparent background, centered projectile/VFX sprite, pivot center, no text, no watermark, mobile-friendly, stylized sci-fi, pseudo-3D/top-down readable silhouette.",icon_weapon_common_laser,1,Bronze,PlayerAndRangers,4,8,9,155.71,173.64,2,4,1,1,True,Laser,Energy,SelectedTarget,prefab_weapon_common_laser_projectile,False,0,0,False,Beam,5
weapon_common_laser_silver_L01_01,Лазер,"Тонкий cyan-white лазерный луч для ранней игры. Быстрый, стабильный, простой для чтения. IMG: PNG 512×512, transparent background, centered projectile/VFX sprite, pivot center, no text, no watermark, mobile-friendly, stylized sci-fi, pseudo-3D/top-down readable silhouette.",icon_weapon_common_laser,1,Silver,PlayerAndRangers,3,9,11,164.67,183.70,1,3,1,1,True,Laser,Energy,SelectedTarget,prefab_weapon_common_laser_projectile,False,0,0,False,Beam,5
weapon_common_laser_gold_L01_01,Лазер,"Тонкий cyan-white лазерный луч для ранней игры. Быстрый, стабильный, простой для чтения. IMG: PNG 512×512, transparent background, centered projectile/VFX sprite, pivot center, no text, no watermark, mobile-friendly, stylized sci-fi, pseudo-3D/top-down readable silhouette.",icon_weapon_common_laser,1,Gold,PlayerAndRangers,2,10,13,175.54,195.65,0,2,1,1,True,Laser,Energy,SelectedTarget,prefab_weapon_common_laser_projectile,False,0,0,False,Beam,5
weapon_common_laser_bronze_L02_01,Лазер,"Тонкий cyan-white лазерный луч для ранней игры. Быстрый, стабильный, простой для чтения. IMG: PNG 512×512, transparent background, centered projectile/VFX sprite, pivot center, no text, no watermark, mobile-friendly, stylized sci-fi, pseudo-3D/top-down readable silhouette.",icon_weapon_common_laser,2,Bronze,PlayerAndRangers,5,8,12,158.42,177.17,2,4,1,1,True,Laser,Energy,SelectedTarget,prefab_weapon_common_laser_projectile,False,0,0,False,Beam,5
weapon_common_laser_silver_L02_01,Лазер,"Тонкий cyan-white лазерный луч для ранней игры. Быстрый, стабильный, простой для чтения. IMG: PNG 512×512, transparent background, centered projectile/VFX sprite, pivot center, no text, no watermark, mobile-friendly, stylized sci-fi, pseudo-3D/top-down readable silhouette.",icon_weapon_common_laser,2,Silver,PlayerAndRangers,4,10,14,167.66,187.23,1,3,1,1,True,Laser,Energy,SelectedTarget,prefab_weapon_common_laser_projectile,False,0,0,False,Beam,5
weapon_common_laser_gold_L02_01,Лазер,"Тонкий cyan-white лазерный луч для ранней игры. Быстрый, стабильный, простой для чтения. IMG: PNG 512×512, transparent background, centered projectile/VFX sprite, pivot center, no text, no watermark, mobile-friendly, stylized sci-fi, pseudo-3D/top-down readable silhouette.",icon_weapon_common_laser,2,Gold,PlayerAndRangers,3,12,16,178.80,199.46,0,2,1,1,True,Laser,Energy,SelectedTarget,prefab_weapon_common_laser_projectile,False,0,0,False,Beam,5
weapon_common_laser_bronze_L03_01,Лазер,"Тонкий cyan-white лазерный луч для ранней игры. Быстрый, стабильный, простой для чтения. IMG: PNG 512×512, transparent background, centered projectile/VFX sprite, pivot center, no text, no watermark, mobile-friendly, stylized sci-fi, pseudo-3D/top-down readable silhouette.",icon_weapon_common_laser,3,Bronze,PlayerAndRangers,6,10,14,161.68,180.16,2,4,1,1,True,Laser,Energy,SelectedTarget,prefab_weapon_common_laser_projectile,False,0,0,False,Beam,5
weapon_common_laser_silver_L03_01,Лазер,"Тонкий cyan-white лазерный луч для ранней игры. Быстрый, стабильный, простой для чтения. IMG: PNG 512×512, transparent background, centered projectile/VFX sprite, pivot center, no text, no watermark, mobile-friendly, stylized sci-fi, pseudo-3D/top-down readable silhouette.",icon_weapon_common_laser,3,Silver,PlayerAndRangers,5,12,16,170.92,190.49,1,3,1,1,True,Laser,Energy,SelectedTarget,prefab_weapon_common_laser_projectile,False,0,0,False,Beam,5
weapon_common_laser_gold_L03_01,Лазер,"Тонкий cyan-white лазерный луч для ранней игры. Быстрый, стабильный, простой для чтения. IMG: PNG 512×512, transparent background, centered projectile/VFX sprite, pivot center, no text, no watermark, mobile-friendly, stylized sci-fi, pseudo-3D/top-down readable silhouette.",icon_weapon_common_laser,3,Gold,PlayerAndRangers,4,14,18,182.07,202.99,0,2,1,1,True,Laser,Energy,SelectedTarget,prefab_weapon_common_laser_projectile,False,0,0,False,Beam,5
weapon_common_laser_bronze_L04_01,Лазер,"Тонкий cyan-white лазерный луч для ранней игры. Быстрый, стабильный, простой для чтения. IMG: PNG 512×512, transparent background, centered projectile/VFX sprite, pivot center, no text, no watermark, mobile-friendly, stylized sci-fi, pseudo-3D/top-down readable silhouette.",icon_weapon_common_laser,4,Bronze,PlayerAndRangers,7,13,16,164.40,183.42,3,5,1,1,True,Laser,Energy,SelectedTarget,prefab_weapon_common_laser_projectile,False,0,0,False,Beam,5
weapon_common_laser_silver_L04_01,Лазер,"Тонкий cyan-white лазерный луч для ранней игры. Быстрый, стабильный, простой для чтения. IMG: PNG 512×512, transparent background, centered projectile/VFX sprite, pivot center, no text, no watermark, mobile-friendly, stylized sci-fi, pseudo-3D/top-down readable silhouette.",icon_weapon_common_laser,4,Silver,PlayerAndRangers,6,15,19,173.91,194.02,2,4,1,1,True,Laser,Energy,SelectedTarget,prefab_weapon_common_laser_projectile,False,0,0,False,Beam,5
weapon_common_laser_gold_L04_01,Лазер,"Тонкий cyan-white лазерный луч для ранней игры. Быстрый, стабильный, простой для чтения. IMG: PNG 512×512, transparent background, centered projectile/VFX sprite, pivot center, no text, no watermark, mobile-friendly, stylized sci-fi, pseudo-3D/top-down readable silhouette.",icon_weapon_common_laser,4,Gold,PlayerAndRangers,5,17,22,185.33,206.52,1,3,1,1,True,Laser,Energy,SelectedTarget,prefab_weapon_common_laser_projectile,False,0,0,False,Beam,5
weapon_common_laser_bronze_L05_01,Лазер,"Тонкий cyan-white лазерный луч для ранней игры. Быстрый, стабильный, простой для чтения. IMG: PNG 512×512, transparent background, centered projectile/VFX sprite, pivot center, no text, no watermark, mobile-friendly, stylized sci-fi, pseudo-3D/top-down readable silhouette.",icon_weapon_common_laser,5,Bronze,PlayerAndRangers,8,14,18,167.39,186.68,3,5,1,1,True,Laser,Energy,SelectedTarget,prefab_weapon_common_laser_projectile,False,0,0,False,Beam,5
weapon_common_laser_silver_L05_01,Лазер,"Тонкий cyan-white лазерный луч для ранней игры. Быстрый, стабильный, простой для чтения. IMG: PNG 512×512, transparent background, centered projectile/VFX sprite, pivot center, no text, no watermark, mobile-friendly, stylized sci-fi, pseudo-3D/top-down readable silhouette.",icon_weapon_common_laser,5,Silver,PlayerAndRangers,7,17,21,177.17,197.28,2,4,1,1,True,Laser,Energy,SelectedTarget,prefab_weapon_common_laser_projectile,False,0,0,False,Beam,5
weapon_common_laser_gold_L05_01,Лазер,"Тонкий cyan-white лазерный луч для ранней игры. Быстрый, стабильный, простой для чтения. IMG: PNG 512×512, transparent background, centered projectile/VFX sprite, pivot center, no text, no watermark, mobile-friendly, stylized sci-fi, pseudo-3D/top-down readable silhouette.",icon_weapon_common_laser,5,Gold,PlayerAndRangers,6,20,24,188.86,210.05,1,3,1,1,True,Laser,Energy,SelectedTarget,prefab_weapon_common_laser_projectile,False,0,0,False,Beam,5
weapon_common_laser_bronze_L06_01,Лазер,"Тонкий cyan-white лазерный луч для ранней игры. Быстрый, стабильный, простой для чтения. IMG: PNG 512×512, transparent background, centered projectile/VFX sprite, pivot center, no text, no watermark, mobile-friendly, stylized sci-fi, pseudo-3D/top-down readable silhouette.",icon_weapon_common_laser,6,Bronze,PlayerAndRangers,9,15,20,170.38,189.95,3,5,1,1,True,Laser,Energy,SelectedTarget,prefab_weapon_common_laser_projectile,False,0,0,False,Beam,5
weapon_common_laser_silver_L06_01,Лазер,"Тонкий cyan-white лазерный луч для ранней игры. Быстрый, стабильный, простой для чтения. IMG: PNG 512×512, transparent background, centered projectile/VFX sprite, pivot center, no text, no watermark, mobile-friendly, stylized sci-fi, pseudo-3D/top-down readable silhouette.",icon_weapon_common_laser,6,Silver,PlayerAndRangers,8,18,24,180.16,200.82,2,4,1,1,True,Laser,Energy,SelectedTarget,prefab_weapon_common_laser_projectile,False,0,0,False,Beam,5
weapon_common_laser_gold_L06_01,Лазер,"Тонкий cyan-white лазерный луч для ранней игры. Быстрый, стабильный, простой для чтения. IMG: PNG 512×512, transparent background, centered projectile/VFX sprite, pivot center, no text, no watermark, mobile-friendly, stylized sci-fi, pseudo-3D/top-down readable silhouette.",icon_weapon_common_laser,6,Gold,PlayerAndRangers,7,21,28,191.85,213.86,1,3,1,1,True,Laser,Energy,SelectedTarget,prefab_weapon_common_laser_projectile,False,0,0,False,Beam,5
weapon_common_laser_bronze_L07_01,Лазер,"Тонкий cyan-white лазерный луч для ранней игры. Быстрый, стабильный, простой для чтения. IMG: PNG 512×512, transparent background, centered projectile/VFX sprite, pivot center, no text, no watermark, mobile-friendly, stylized sci-fi, pseudo-3D/top-down readable silhouette.",icon_weapon_common_laser,7,Bronze,PlayerAndRangers,10,17,22,173.10,193.21,4,6,1,1,True,Laser,Energy,SelectedTarget,prefab_weapon_common_laser_projectile,False,0,0,False,Beam,5
weapon_common_laser_silver_L07_01,Лазер,"Тонкий cyan-white лазерный луч для ранней игры. Быстрый, стабильный, простой для чтения. IMG: PNG 512×512, transparent background, centered projectile/VFX sprite, pivot center, no text, no watermark, mobile-friendly, stylized sci-fi, pseudo-3D/top-down readable silhouette.",icon_weapon_common_laser,7,Silver,PlayerAndRangers,9,20,26,183.15,204.35,3,5,1,1,True,Laser,Energy,SelectedTarget,prefab_weapon_common_laser_projectile,False,0,0,False,Beam,5
weapon_common_laser_gold_L07_01,Лазер,"Тонкий cyan-white лазерный луч для ранней игры. Быстрый, стабильный, простой для чтения. IMG: PNG 512×512, transparent background, centered projectile/VFX sprite, pivot center, no text, no watermark, mobile-friendly, stylized sci-fi, pseudo-3D/top-down readable silhouette.",icon_weapon_common_laser,7,Gold,PlayerAndRangers,8,23,30,195.11,217.66,2,4,1,1,True,Laser,Energy,SelectedTarget,prefab_weapon_common_laser_projectile,False,0,0,False,Beam,5
weapon_common_laser_bronze_L08_01,Лазер,"Тонкий cyan-white лазерный луч для ранней игры. Быстрый, стабильный, простой для чтения. IMG: PNG 512×512, transparent background, centered projectile/VFX sprite, pivot center, no text, no watermark, mobile-friendly, stylized sci-fi, pseudo-3D/top-down readable silhouette.",icon_weapon_common_laser,8,Bronze,PlayerAndRangers,11,19,24,176.36,196.47,4,6,1,1,True,Laser,Energy,SelectedTarget,prefab_weapon_common_laser_projectile,False,0,0,False,Beam,5
weapon_common_laser_silver_L08_01,Лазер,"Тонкий cyan-white лазерный луч для ранней игры. Быстрый, стабильный, простой для чтения. IMG: PNG 512×512, transparent background, centered projectile/VFX sprite, pivot center, no text, no watermark, mobile-friendly, stylized sci-fi, pseudo-3D/top-down readable silhouette.",icon_weapon_common_laser,8,Silver,PlayerAndRangers,10,22,28,186.41,207.61,3,5,1,1,True,Laser,Energy,SelectedTarget,prefab_weapon_common_laser_projectile,False,0,0,False,Beam,5
weapon_common_laser_gold_L08_01,Лазер,"Тонкий cyan-white лазерный луч для ранней игры. Быстрый, стабильный, простой для чтения. IMG: PNG 512×512, transparent background, centered projectile/VFX sprite, pivot center, no text, no watermark, mobile-friendly, stylized sci-fi, pseudo-3D/top-down readable silhouette.",icon_weapon_common_laser,8,Gold,PlayerAndRangers,9,25,32,198.64,220.92,2,4,1,1,True,Laser,Energy,SelectedTarget,prefab_weapon_common_laser_projectile,False,0,0,False,Beam,5
weapon_common_laser_bronze_L09_01,Лазер,"Тонкий cyan-white лазерный луч для ранней игры. Быстрый, стабильный, простой для чтения. IMG: PNG 512×512, transparent background, centered projectile/VFX sprite, pivot center, no text, no watermark, mobile-friendly, stylized sci-fi, pseudo-3D/top-down readable silhouette.",icon_weapon_common_laser,9,Bronze,PlayerAndRangers,12,21,26,179.08,199.73,4,6,1,1,True,Laser,Energy,SelectedTarget,prefab_weapon_common_laser_projectile,False,0,0,False,Beam,5
weapon_common_laser_silver_L09_01,Лазер,"Тонкий cyan-white лазерный луч для ранней игры. Быстрый, стабильный, простой для чтения. IMG: PNG 512×512, transparent background, centered projectile/VFX sprite, pivot center, no text, no watermark, mobile-friendly, stylized sci-fi, pseudo-3D/top-down readable silhouette.",icon_weapon_common_laser,9,Silver,PlayerAndRangers,11,25,31,189.40,211.14,3,5,1,1,True,Laser,Energy,SelectedTarget,prefab_weapon_common_laser_projectile,False,0,0,False,Beam,5
weapon_common_laser_gold_L09_01,Лазер,"Тонкий cyan-white лазерный луч для ранней игры. Быстрый, стабильный, простой для чтения. IMG: PNG 512×512, transparent background, centered projectile/VFX sprite, pivot center, no text, no watermark, mobile-friendly, stylized sci-fi, pseudo-3D/top-down readable silhouette.",icon_weapon_common_laser,9,Gold,PlayerAndRangers,10,29,36,201.63,224.73,2,4,1,1,True,Laser,Energy,SelectedTarget,prefab_weapon_common_laser_projectile,False,0,0,False,Beam,5
weapon_common_laser_bronze_L10_01,Лазер,"Тонкий cyan-white лазерный луч для ранней игры. Быстрый, стабильный, простой для чтения. IMG: PNG 512×512, transparent background, centered projectile/VFX sprite, pivot center, no text, no watermark, mobile-friendly, stylized sci-fi, pseudo-3D/top-down readable silhouette.",icon_weapon_common_laser,10,Bronze,PlayerAndRangers,13,23,28,182.34,202.99,5,7,1,1,True,Laser,Energy,SelectedTarget,prefab_weapon_common_laser_projectile,False,0,0,False,Beam,5
weapon_common_laser_silver_L10_01,Лазер,"Тонкий cyan-white лазерный луч для ранней игры. Быстрый, стабильный, простой для чтения. IMG: PNG 512×512, transparent background, centered projectile/VFX sprite, pivot center, no text, no watermark, mobile-friendly, stylized sci-fi, pseudo-3D/top-down readable silhouette.",icon_weapon_common_laser,10,Silver,PlayerAndRangers,12,27,33,192.66,214.40,4,6,1,1,True,Laser,Energy,SelectedTarget,prefab_weapon_common_laser_projectile,False,0,0,False,Beam,5
weapon_common_laser_gold_L10_01,Лазер,"Тонкий cyan-white лазерный луч для ранней игры. Быстрый, стабильный, простой для чтения. IMG: PNG 512×512, transparent background, centered projectile/VFX sprite, pivot center, no text, no watermark, mobile-friendly, stylized sci-fi, pseudo-3D/top-down readable silhouette.",icon_weapon_common_laser,10,Gold,PlayerAndRangers,11,31,38,205.16,228.26,3,5,1,1,True,Laser,Energy,SelectedTarget,prefab_weapon_common_laser_projectile,False,0,0,False,Beam,5
weapon_common_pulse_bronze_L01_01,Импульсная пушка,"Очередь из 3 маленьких голубых импульсов. Лучше показывает частую стрельбу, но слабее за один снаряд. IMG: PNG 512×512, transparent background, centered projectile/VFX sprite, pivot center, no text, no watermark, mobile-friendly, stylized sci-fi, pseudo-3D/top-down readable silhouette.",icon_weapon_common_pulse,1,Bronze,PlayerAndRangers,5,4,6,131.25,146.47,2,4,3,5,False,Pulse,Energy,SelectedTarget,prefab_weapon_common_pulse_projectile,False,0,0,False,RapidEnergyVolley,1
weapon_common_pulse_silver_L01_01,Импульсная пушка,"Очередь из 3 маленьких голубых импульсов. Лучше показывает частую стрельбу, но слабее за один снаряд. IMG: PNG 512×512, transparent background, centered projectile/VFX sprite, pivot center, no text, no watermark, mobile-friendly, stylized sci-fi, pseudo-3D/top-down readable silhouette.",icon_weapon_common_pulse,1,Silver,PlayerAndRangers,4,5,7,138.86,155.16,1,3,2,4,False,Pulse,Energy,SelectedTarget,prefab_weapon_common_pulse_projectile,False,0,0,False,RapidEnergyVolley,1
weapon_common_pulse_gold_L01_01,Импульсная пушка,"Очередь из 3 маленьких голубых импульсов. Лучше показывает частую стрельбу, но слабее за один снаряд. IMG: PNG 512×512, transparent background, centered projectile/VFX sprite, pivot center, no text, no watermark, mobile-friendly, stylized sci-fi, pseudo-3D/top-down readable silhouette.",icon_weapon_common_pulse,1,Gold,PlayerAndRangers,3,6,8,148.10,165.49,0,2,1,3,False,Pulse,Energy,SelectedTarget,prefab_weapon_common_pulse_projectile,False,0,0,False,RapidEnergyVolley,1
weapon_common_pulse_bronze_L02_01,Импульсная пушка,"Очередь из 3 маленьких голубых импульсов. Лучше показывает частую стрельбу, но слабее за один снаряд. IMG: PNG 512×512, transparent background, centered projectile/VFX sprite, pivot center, no text, no watermark, mobile-friendly, stylized sci-fi, pseudo-3D/top-down readable silhouette.",icon_weapon_common_pulse,2,Bronze,PlayerAndRangers,6,5,7,133.97,150.00,2,4,3,5,False,Pulse,Energy,SelectedTarget,prefab_weapon_common_pulse_projectile,False,0,0,False,RapidEnergyVolley,1
weapon_common_pulse_silver_L02_01,Импульсная пушка,"Очередь из 3 маленьких голубых импульсов. Лучше показывает частую стрельбу, но слабее за один снаряд. IMG: PNG 512×512, transparent background, centered projectile/VFX sprite, pivot center, no text, no watermark, mobile-friendly, stylized sci-fi, pseudo-3D/top-down readable silhouette.",icon_weapon_common_pulse,2,Silver,PlayerAndRangers,5,6,8,141.85,158.70,1,3,2,4,False,Pulse,Energy,SelectedTarget,prefab_weapon_common_pulse_projectile,False,0,0,False,RapidEnergyVolley,1
weapon_common_pulse_gold_L02_01,Импульсная пушка,"Очередь из 3 маленьких голубых импульсов. Лучше показывает частую стрельбу, но слабее за один снаряд. IMG: PNG 512×512, transparent background, centered projectile/VFX sprite, pivot center, no text, no watermark, mobile-friendly, stylized sci-fi, pseudo-3D/top-down readable silhouette.",icon_weapon_common_pulse,2,Gold,PlayerAndRangers,4,7,9,151.36,169.29,0,2,1,3,False,Pulse,Energy,SelectedTarget,prefab_weapon_common_pulse_projectile,False,0,0,False,RapidEnergyVolley,1
weapon_common_pulse_bronze_L03_01,Импульсная пушка,"Очередь из 3 маленьких голубых импульсов. Лучше показывает частую стрельбу, но слабее за один снаряд. IMG: PNG 512×512, transparent background, centered projectile/VFX sprite, pivot center, no text, no watermark, mobile-friendly, stylized sci-fi, pseudo-3D/top-down readable silhouette.",icon_weapon_common_pulse,3,Bronze,PlayerAndRangers,7,7,8,136.96,152.99,2,4,3,5,False,Pulse,Energy,SelectedTarget,prefab_weapon_common_pulse_projectile,False,0,0,False,RapidEnergyVolley,1
weapon_common_pulse_silver_L03_01,Импульсная пушка,"Очередь из 3 маленьких голубых импульсов. Лучше показывает частую стрельбу, но слабее за один снаряд. IMG: PNG 512×512, transparent background, centered projectile/VFX sprite, pivot center, no text, no watermark, mobile-friendly, stylized sci-fi, pseudo-3D/top-down readable silhouette.",icon_weapon_common_pulse,3,Silver,PlayerAndRangers,6,8,10,145.11,161.96,1,3,2,4,False,Pulse,Energy,SelectedTarget,prefab_weapon_common_pulse_projectile,False,0,0,False,RapidEnergyVolley,1
weapon_common_pulse_gold_L03_01,Импульсная пушка,"Очередь из 3 маленьких голубых импульсов. Лучше показывает частую стрельбу, но слабее за один снаряд. IMG: PNG 512×512, transparent background, centered projectile/VFX sprite, pivot center, no text, no watermark, mobile-friendly, stylized sci-fi, pseudo-3D/top-down readable silhouette.",icon_weapon_common_pulse,3,Gold,PlayerAndRangers,5,9,12,154.89,172.55,0,2,1,3,False,Pulse,Energy,SelectedTarget,prefab_weapon_common_pulse_projectile,False,0,0,False,RapidEnergyVolley,1
weapon_common_pulse_bronze_L04_01,Импульсная пушка,"Очередь из 3 маленьких голубых импульсов. Лучше показывает частую стрельбу, но слабее за один снаряд. IMG: PNG 512×512, transparent background, centered projectile/VFX sprite, pivot center, no text, no watermark, mobile-friendly, stylized sci-fi, pseudo-3D/top-down readable silhouette.",icon_weapon_common_pulse,4,Bronze,PlayerAndRangers,8,8,9,139.95,156.52,3,5,2,4,False,Pulse,Energy,SelectedTarget,prefab_weapon_common_pulse_projectile,False,0,0,False,RapidEnergyVolley,1
weapon_common_pulse_silver_L04_01,Импульсная пушка,"Очередь из 3 маленьких голубых импульсов. Лучше показывает частую стрельбу, но слабее за один снаряд. IMG: PNG 512×512, transparent background, centered projectile/VFX sprite, pivot center, no text, no watermark, mobile-friendly, stylized sci-fi, pseudo-3D/top-down readable silhouette.",icon_weapon_common_pulse,4,Silver,PlayerAndRangers,7,9,11,148.10,165.49,2,4,1,3,False,Pulse,Energy,SelectedTarget,prefab_weapon_common_pulse_projectile,False,0,0,False,RapidEnergyVolley,1
weapon_common_pulse_gold_L04_01,Импульсная пушка,"Очередь из 3 маленьких голубых импульсов. Лучше показывает частую стрельбу, но слабее за один снаряд. IMG: PNG 512×512, transparent background, centered projectile/VFX sprite, pivot center, no text, no watermark, mobile-friendly, stylized sci-fi, pseudo-3D/top-down readable silhouette.",icon_weapon_common_pulse,4,Gold,PlayerAndRangers,6,10,13,157.88,176.36,1,3,1,2,False,Pulse,Energy,SelectedTarget,prefab_weapon_common_pulse_projectile,False,0,0,False,RapidEnergyVolley,1
weapon_common_pulse_bronze_L05_01,Импульсная пушка,"Очередь из 3 маленьких голубых импульсов. Лучше показывает частую стрельбу, но слабее за один снаряд. IMG: PNG 512×512, transparent background, centered projectile/VFX sprite, pivot center, no text, no watermark, mobile-friendly, stylized sci-fi, pseudo-3D/top-down readable silhouette.",icon_weapon_common_pulse,5,Bronze,PlayerAndRangers,9,8,11,142.93,159.51,3,5,2,4,False,Pulse,Energy,SelectedTarget,prefab_weapon_common_pulse_projectile,False,0,0,False,RapidEnergyVolley,1
weapon_common_pulse_silver_L05_01,Импульсная пушка,"Очередь из 3 маленьких голубых импульсов. Лучше показывает частую стрельбу, но слабее за один снаряд. IMG: PNG 512×512, transparent background, centered projectile/VFX sprite, pivot center, no text, no watermark, mobile-friendly, stylized sci-fi, pseudo-3D/top-down readable silhouette.",icon_weapon_common_pulse,5,Silver,PlayerAndRangers,8,9,13,151.36,168.75,2,4,1,3,False,Pulse,Energy,SelectedTarget,prefab_weapon_common_pulse_projectile,False,0,0,False,RapidEnergyVolley,1
weapon_common_pulse_gold_L05_01,Импульсная пушка,"Очередь из 3 маленьких голубых импульсов. Лучше показывает частую стрельбу, но слабее за один снаряд. IMG: PNG 512×512, transparent background, centered projectile/VFX sprite, pivot center, no text, no watermark, mobile-friendly, stylized sci-fi, pseudo-3D/top-down readable silhouette.",icon_weapon_common_pulse,5,Gold,PlayerAndRangers,7,10,15,161.41,179.89,1,3,1,2,False,Pulse,Energy,SelectedTarget,prefab_weapon_common_pulse_projectile,False,0,0,False,RapidEnergyVolley,1
weapon_common_pulse_bronze_L06_01,Импульсная пушка,"Очередь из 3 маленьких голубых импульсов. Лучше показывает частую стрельбу, но слабее за один снаряд. IMG: PNG 512×512, transparent background, centered projectile/VFX sprite, pivot center, no text, no watermark, mobile-friendly, stylized sci-fi, pseudo-3D/top-down readable silhouette.",icon_weapon_common_pulse,6,Bronze,PlayerAndRangers,10,9,13,145.92,162.77,3,5,2,4,False,Pulse,Energy,SelectedTarget,prefab_weapon_common_pulse_projectile,False,0,0,False,RapidEnergyVolley,1
weapon_common_pulse_silver_L06_01,Импульсная пушка,"Очередь из 3 маленьких голубых импульсов. Лучше показывает частую стрельбу, но слабее за один снаряд. IMG: PNG 512×512, transparent background, centered projectile/VFX sprite, pivot center, no text, no watermark, mobile-friendly, stylized sci-fi, pseudo-3D/top-down readable silhouette.",icon_weapon_common_pulse,6,Silver,PlayerAndRangers,9,11,15,154.35,172.28,2,4,1,3,False,Pulse,Energy,SelectedTarget,prefab_weapon_common_pulse_projectile,False,0,0,False,RapidEnergyVolley,1
weapon_common_pulse_gold_L06_01,Импульсная пушка,"Очередь из 3 маленьких голубых импульсов. Лучше показывает частую стрельбу, но слабее за один снаряд. IMG: PNG 512×512, transparent background, centered projectile/VFX sprite, pivot center, no text, no watermark, mobile-friendly, stylized sci-fi, pseudo-3D/top-down readable silhouette.",icon_weapon_common_pulse,6,Gold,PlayerAndRangers,8,13,17,164.67,183.70,1,3,1,2,False,Pulse,Energy,SelectedTarget,prefab_weapon_common_pulse_projectile,False,0,0,False,RapidEnergyVolley,1
weapon_common_pulse_bronze_L07_01,Импульсная пушка,"Очередь из 3 маленьких голубых импульсов. Лучше показывает частую стрельбу, но слабее за один снаряд. IMG: PNG 512×512, transparent background, centered projectile/VFX sprite, pivot center, no text, no watermark, mobile-friendly, stylized sci-fi, pseudo-3D/top-down readable silhouette.",icon_weapon_common_pulse,7,Bronze,PlayerAndRangers,11,10,14,148.64,166.30,4,6,2,4,False,Pulse,Energy,SelectedTarget,prefab_weapon_common_pulse_projectile,False,0,0,False,RapidEnergyVolley,1
weapon_common_pulse_silver_L07_01,Импульсная пушка,"Очередь из 3 маленьких голубых импульсов. Лучше показывает частую стрельбу, но слабее за один снаряд. IMG: PNG 512×512, transparent background, centered projectile/VFX sprite, pivot center, no text, no watermark, mobile-friendly, stylized sci-fi, pseudo-3D/top-down readable silhouette.",icon_weapon_common_pulse,7,Silver,PlayerAndRangers,10,12,16,157.34,175.82,3,5,1,3,False,Pulse,Energy,SelectedTarget,prefab_weapon_common_pulse_projectile,False,0,0,False,RapidEnergyVolley,1
weapon_common_pulse_gold_L07_01,Импульсная пушка,"Очередь из 3 маленьких голубых импульсов. Лучше показывает частую стрельбу, но слабее за один снаряд. IMG: PNG 512×512, transparent background, centered projectile/VFX sprite, pivot center, no text, no watermark, mobile-friendly, stylized sci-fi, pseudo-3D/top-down readable silhouette.",icon_weapon_common_pulse,7,Gold,PlayerAndRangers,9,14,18,167.66,187.23,2,4,1,2,False,Pulse,Energy,SelectedTarget,prefab_weapon_common_pulse_projectile,False,0,0,False,RapidEnergyVolley,1
weapon_common_pulse_bronze_L08_01,Импульсная пушка,"Очередь из 3 маленьких голубых импульсов. Лучше показывает частую стрельбу, но слабее за один снаряд. IMG: PNG 512×512, transparent background, centered projectile/VFX sprite, pivot center, no text, no watermark, mobile-friendly, stylized sci-fi, pseudo-3D/top-down readable silhouette.",icon_weapon_common_pulse,8,Bronze,PlayerAndRangers,12,11,14,151.63,169.29,4,6,2,4,False,Pulse,Energy,SelectedTarget,prefab_weapon_common_pulse_projectile,False,0,0,False,RapidEnergyVolley,1
weapon_common_pulse_silver_L08_01,Импульсная пушка,"Очередь из 3 маленьких голубых импульсов. Лучше показывает частую стрельбу, но слабее за один снаряд. IMG: PNG 512×512, transparent background, centered projectile/VFX sprite, pivot center, no text, no watermark, mobile-friendly, stylized sci-fi, pseudo-3D/top-down readable silhouette.",icon_weapon_common_pulse,8,Silver,PlayerAndRangers,11,13,17,160.60,179.08,3,5,1,3,False,Pulse,Energy,SelectedTarget,prefab_weapon_common_pulse_projectile,False,0,0,False,RapidEnergyVolley,1
weapon_common_pulse_gold_L08_01,Импульсная пушка,"Очередь из 3 маленьких голубых импульсов. Лучше показывает частую стрельбу, но слабее за один снаряд. IMG: PNG 512×512, transparent background, centered projectile/VFX sprite, pivot center, no text, no watermark, mobile-friendly, stylized sci-fi, pseudo-3D/top-down readable silhouette.",icon_weapon_common_pulse,8,Gold,PlayerAndRangers,10,15,20,171.20,190.76,2,4,1,2,False,Pulse,Energy,SelectedTarget,prefab_weapon_common_pulse_projectile,False,0,0,False,RapidEnergyVolley,1
weapon_common_pulse_bronze_L09_01,Импульсная пушка,"Очередь из 3 маленьких голубых импульсов. Лучше показывает частую стрельбу, но слабее за один снаряд. IMG: PNG 512×512, transparent background, centered projectile/VFX sprite, pivot center, no text, no watermark, mobile-friendly, stylized sci-fi, pseudo-3D/top-down readable silhouette.",icon_weapon_common_pulse,9,Bronze,PlayerAndRangers,13,13,16,154.62,172.55,4,6,2,4,False,Pulse,Energy,SelectedTarget,prefab_weapon_common_pulse_projectile,False,0,0,False,RapidEnergyVolley,1
weapon_common_pulse_silver_L09_01,Импульсная пушка,"Очередь из 3 маленьких голубых импульсов. Лучше показывает частую стрельбу, но слабее за один снаряд. IMG: PNG 512×512, transparent background, centered projectile/VFX sprite, pivot center, no text, no watermark, mobile-friendly, stylized sci-fi, pseudo-3D/top-down readable silhouette.",icon_weapon_common_pulse,9,Silver,PlayerAndRangers,12,15,19,163.59,182.61,3,5,1,3,False,Pulse,Energy,SelectedTarget,prefab_weapon_common_pulse_projectile,False,0,0,False,RapidEnergyVolley,1
weapon_common_pulse_gold_L09_01,Импульсная пушка,"Очередь из 3 маленьких голубых импульсов. Лучше показывает частую стрельбу, но слабее за один снаряд. IMG: PNG 512×512, transparent background, centered projectile/VFX sprite, pivot center, no text, no watermark, mobile-friendly, stylized sci-fi, pseudo-3D/top-down readable silhouette.",icon_weapon_common_pulse,9,Gold,PlayerAndRangers,11,17,22,174.46,194.57,2,4,1,2,False,Pulse,Energy,SelectedTarget,prefab_weapon_common_pulse_projectile,False,0,0,False,RapidEnergyVolley,1
weapon_common_pulse_bronze_L10_01,Импульсная пушка,"Очередь из 3 маленьких голубых импульсов. Лучше показывает частую стрельбу, но слабее за один снаряд. IMG: PNG 512×512, transparent background, centered projectile/VFX sprite, pivot center, no text, no watermark, mobile-friendly, stylized sci-fi, pseudo-3D/top-down readable silhouette.",icon_weapon_common_pulse,10,Bronze,PlayerAndRangers,14,14,17,157.61,175.82,5,7,2,4,False,Pulse,Energy,SelectedTarget,prefab_weapon_common_pulse_projectile,False,0,0,False,RapidEnergyVolley,1
weapon_common_pulse_silver_L10_01,Импульсная пушка,"Очередь из 3 маленьких голубых импульсов. Лучше показывает частую стрельбу, но слабее за один снаряд. IMG: PNG 512×512, transparent background, centered projectile/VFX sprite, pivot center, no text, no watermark, mobile-friendly, stylized sci-fi, pseudo-3D/top-down readable silhouette.",icon_weapon_common_pulse,10,Silver,PlayerAndRangers,13,16,20,166.85,185.87,4,6,1,3,False,Pulse,Energy,SelectedTarget,prefab_weapon_common_pulse_projectile,False,0,0,False,RapidEnergyVolley,1
weapon_common_pulse_gold_L10_01,Импульсная пушка,"Очередь из 3 маленьких голубых импульсов. Лучше показывает частую стрельбу, но слабее за один снаряд. IMG: PNG 512×512, transparent background, centered projectile/VFX sprite, pivot center, no text, no watermark, mobile-friendly, stylized sci-fi, pseudo-3D/top-down readable silhouette.",icon_weapon_common_pulse,10,Gold,PlayerAndRangers,12,18,23,177.72,198.10,3,5,1,2,False,Pulse,Energy,SelectedTarget,prefab_weapon_common_pulse_projectile,False,0,0,False,RapidEnergyVolley,1
weapon_common_plasma_bronze_L01_01,Плазменная пушка,"Крупный медленный плазменный шар blue/cyan с мягкой аурой. Сильный, но требует дистанции и времени полёта. IMG: PNG 512×512, transparent background, centered projectile/VFX sprite, pivot center, no text, no watermark, mobile-friendly, stylized sci-fi, pseudo-3D/top-down readable silhouette.",icon_weapon_common_plasma,1,Bronze,PlayerAndRangers,6,18,23,118.75,133.15,4,6,4,6,False,Plasma,Energy,SelectedTarget,prefab_weapon_common_plasma_projectile,False,0,0,False,HeavyProjectile,1
weapon_common_plasma_silver_L01_01,Плазменная пушка,"Крупный медленный плазменный шар blue/cyan с мягкой аурой. Сильный, но требует дистанции и времени полёта. IMG: PNG 512×512, transparent background, centered projectile/VFX sprite, pivot center, no text, no watermark, mobile-friendly, stylized sci-fi, pseudo-3D/top-down readable silhouette.",icon_weapon_common_plasma,1,Silver,PlayerAndRangers,5,21,27,125.82,141.03,3,5,3,5,False,Plasma,Energy,SelectedTarget,prefab_weapon_common_plasma_projectile,False,0,0,False,HeavyProjectile,1
weapon_common_plasma_gold_L01_01,Плазменная пушка,"Крупный медленный плазменный шар blue/cyan с мягкой аурой. Сильный, но требует дистанции и времени полёта. IMG: PNG 512×512, transparent background, centered projectile/VFX sprite, pivot center, no text, no watermark, mobile-friendly, stylized sci-fi, pseudo-3D/top-down readable silhouette.",icon_weapon_common_plasma,1,Gold,PlayerAndRangers,4,24,31,134.24,150.54,2,4,2,4,False,Plasma,Energy,SelectedTarget,prefab_weapon_common_plasma_projectile,False,0,0,False,HeavyProjectile,1
weapon_common_plasma_bronze_L02_01,Плазменная пушка,"Крупный медленный плазменный шар blue/cyan с мягкой аурой. Сильный, но требует дистанции и времени полёта. IMG: PNG 512×512, transparent background, centered projectile/VFX sprite, pivot center, no text, no watermark, mobile-friendly, stylized sci-fi, pseudo-3D/top-down readable silhouette.",icon_weapon_common_plasma,2,Bronze,PlayerAndRangers,7,22,27,121.74,136.41,4,6,4,6,False,Plasma,Energy,SelectedTarget,prefab_weapon_common_plasma_projectile,False,0,0,False,HeavyProjectile,1
weapon_common_plasma_silver_L02_01,Плазменная пушка,"Крупный медленный плазменный шар blue/cyan с мягкой аурой. Сильный, но требует дистанции и времени полёта. IMG: PNG 512×512, transparent background, centered projectile/VFX sprite, pivot center, no text, no watermark, mobile-friendly, stylized sci-fi, pseudo-3D/top-down readable silhouette.",icon_weapon_common_plasma,2,Silver,PlayerAndRangers,6,26,32,129.08,144.29,3,5,3,5,False,Plasma,Energy,SelectedTarget,prefab_weapon_common_plasma_projectile,False,0,0,False,HeavyProjectile,1
weapon_common_plasma_gold_L02_01,Плазменная пушка,"Крупный медленный плазменный шар blue/cyan с мягкой аурой. Сильный, но требует дистанции и времени полёта. IMG: PNG 512×512, transparent background, centered projectile/VFX sprite, pivot center, no text, no watermark, mobile-friendly, stylized sci-fi, pseudo-3D/top-down readable silhouette.",icon_weapon_common_plasma,2,Gold,PlayerAndRangers,5,30,37,137.77,153.80,2,4,2,4,False,Plasma,Energy,SelectedTarget,prefab_weapon_common_plasma_projectile,False,0,0,False,HeavyProjectile,1
weapon_common_plasma_bronze_L03_01,Плазменная пушка,"Крупный медленный плазменный шар blue/cyan с мягкой аурой. Сильный, но требует дистанции и времени полёта. IMG: PNG 512×512, transparent background, centered projectile/VFX sprite, pivot center, no text, no watermark, mobile-friendly, stylized sci-fi, pseudo-3D/top-down readable silhouette.",icon_weapon_common_plasma,3,Bronze,PlayerAndRangers,8,26,33,124.73,139.67,4,6,4,6,False,Plasma,Energy,SelectedTarget,prefab_weapon_common_plasma_projectile,False,0,0,False,HeavyProjectile,1
weapon_common_plasma_silver_L03_01,Плазменная пушка,"Крупный медленный плазменный шар blue/cyan с мягкой аурой. Сильный, но требует дистанции и времени полёта. IMG: PNG 512×512, transparent background, centered projectile/VFX sprite, pivot center, no text, no watermark, mobile-friendly, stylized sci-fi, pseudo-3D/top-down readable silhouette.",icon_weapon_common_plasma,3,Silver,PlayerAndRangers,7,31,39,132.07,147.83,3,5,3,5,False,Plasma,Energy,SelectedTarget,prefab_weapon_common_plasma_projectile,False,0,0,False,HeavyProjectile,1
weapon_common_plasma_gold_L03_01,Плазменная пушка,"Крупный медленный плазменный шар blue/cyan с мягкой аурой. Сильный, но требует дистанции и времени полёта. IMG: PNG 512×512, transparent background, centered projectile/VFX sprite, pivot center, no text, no watermark, mobile-friendly, stylized sci-fi, pseudo-3D/top-down readable silhouette.",icon_weapon_common_plasma,3,Gold,PlayerAndRangers,6,36,45,141.03,157.61,2,4,2,4,False,Plasma,Energy,SelectedTarget,prefab_weapon_common_plasma_projectile,False,0,0,False,HeavyProjectile,1
weapon_common_plasma_bronze_L04_01,Плазменная пушка,"Крупный медленный плазменный шар blue/cyan с мягкой аурой. Сильный, но требует дистанции и времени полёта. IMG: PNG 512×512, transparent background, centered projectile/VFX sprite, pivot center, no text, no watermark, mobile-friendly, stylized sci-fi, pseudo-3D/top-down readable silhouette.",icon_weapon_common_plasma,4,Bronze,PlayerAndRangers,9,31,37,127.72,142.66,5,7,4,6,False,Plasma,Energy,SelectedTarget,prefab_weapon_common_plasma_projectile,False,0,0,False,HeavyProjectile,1
weapon_common_plasma_silver_L04_01,Плазменная пушка,"Крупный медленный плазменный шар blue/cyan с мягкой аурой. Сильный, но требует дистанции и времени полёта. IMG: PNG 512×512, transparent background, centered projectile/VFX sprite, pivot center, no text, no watermark, mobile-friendly, stylized sci-fi, pseudo-3D/top-down readable silhouette.",icon_weapon_common_plasma,4,Silver,PlayerAndRangers,8,36,44,135.33,151.09,4,6,3,5,False,Plasma,Energy,SelectedTarget,prefab_weapon_common_plasma_projectile,False,0,0,False,HeavyProjectile,1
weapon_common_plasma_gold_L04_01,Плазменная пушка,"Крупный медленный плазменный шар blue/cyan с мягкой аурой. Сильный, но требует дистанции и времени полёта. IMG: PNG 512×512, transparent background, centered projectile/VFX sprite, pivot center, no text, no watermark, mobile-friendly, stylized sci-fi, pseudo-3D/top-down readable silhouette.",icon_weapon_common_plasma,4,Gold,PlayerAndRangers,7,41,51,144.29,161.14,3,5,2,4,False,Plasma,Energy,SelectedTarget,prefab_weapon_common_plasma_projectile,False,0,0,False,HeavyProjectile,1
weapon_common_plasma_bronze_L05_01,Плазменная пушка,"Крупный медленный плазменный шар blue/cyan с мягкой аурой. Сильный, но требует дистанции и времени полёта. IMG: PNG 512×512, transparent background, centered projectile/VFX sprite, pivot center, no text, no watermark, mobile-friendly, stylized sci-fi, pseudo-3D/top-down readable silhouette.",icon_weapon_common_plasma,5,Bronze,PlayerAndRangers,10,34,42,130.71,146.20,5,7,4,6,False,Plasma,Energy,SelectedTarget,prefab_weapon_common_plasma_projectile,False,0,0,False,HeavyProjectile,1
weapon_common_plasma_silver_L05_01,Плазменная пушка,"Крупный медленный плазменный шар blue/cyan с мягкой аурой. Сильный, но требует дистанции и времени полёта. IMG: PNG 512×512, transparent background, centered projectile/VFX sprite, pivot center, no text, no watermark, mobile-friendly, stylized sci-fi, pseudo-3D/top-down readable silhouette.",icon_weapon_common_plasma,5,Silver,PlayerAndRangers,9,40,50,138.32,154.62,4,6,3,5,False,Plasma,Energy,SelectedTarget,prefab_weapon_common_plasma_projectile,False,0,0,False,HeavyProjectile,1
weapon_common_plasma_gold_L05_01,Плазменная пушка,"Крупный медленный плазменный шар blue/cyan с мягкой аурой. Сильный, но требует дистанции и времени полёта. IMG: PNG 512×512, transparent background, centered projectile/VFX sprite, pivot center, no text, no watermark, mobile-friendly, stylized sci-fi, pseudo-3D/top-down readable silhouette.",icon_weapon_common_plasma,5,Gold,PlayerAndRangers,8,46,57,147.55,164.95,3,5,2,4,False,Plasma,Energy,SelectedTarget,prefab_weapon_common_plasma_projectile,False,0,0,False,HeavyProjectile,1
weapon_common_plasma_bronze_L06_01,Плазменная пушка,"Крупный медленный плазменный шар blue/cyan с мягкой аурой. Сильный, но требует дистанции и времени полёта. IMG: PNG 512×512, transparent background, centered projectile/VFX sprite, pivot center, no text, no watermark, mobile-friendly, stylized sci-fi, pseudo-3D/top-down readable silhouette.",icon_weapon_common_plasma,6,Bronze,PlayerAndRangers,11,38,48,133.42,149.46,5,7,4,6,False,Plasma,Energy,SelectedTarget,prefab_weapon_common_plasma_projectile,False,0,0,False,HeavyProjectile,1
weapon_common_plasma_silver_L06_01,Плазменная пушка,"Крупный медленный плазменный шар blue/cyan с мягкой аурой. Сильный, но требует дистанции и времени полёта. IMG: PNG 512×512, transparent background, centered projectile/VFX sprite, pivot center, no text, no watermark, mobile-friendly, stylized sci-fi, pseudo-3D/top-down readable silhouette.",icon_weapon_common_plasma,6,Silver,PlayerAndRangers,10,45,56,141.30,158.15,4,6,3,5,False,Plasma,Energy,SelectedTarget,prefab_weapon_common_plasma_projectile,False,0,0,False,HeavyProjectile,1
weapon_common_plasma_gold_L06_01,Плазменная пушка,"Крупный медленный плазменный шар blue/cyan с мягкой аурой. Сильный, но требует дистанции и времени полёта. IMG: PNG 512×512, transparent background, centered projectile/VFX sprite, pivot center, no text, no watermark, mobile-friendly, stylized sci-fi, pseudo-3D/top-down readable silhouette.",icon_weapon_common_plasma,6,Gold,PlayerAndRangers,9,52,64,150.82,168.48,3,5,2,4,False,Plasma,Energy,SelectedTarget,prefab_weapon_common_plasma_projectile,False,0,0,False,HeavyProjectile,1
weapon_common_plasma_bronze_L07_01,Плазменная пушка,"Крупный медленный плазменный шар blue/cyan с мягкой аурой. Сильный, но требует дистанции и времени полёта. IMG: PNG 512×512, transparent background, centered projectile/VFX sprite, pivot center, no text, no watermark, mobile-friendly, stylized sci-fi, pseudo-3D/top-down readable silhouette.",icon_weapon_common_plasma,7,Bronze,PlayerAndRangers,12,42,53,136.41,152.45,6,8,4,6,False,Plasma,Energy,SelectedTarget,prefab_weapon_common_plasma_projectile,False,0,0,False,HeavyProjectile,1
weapon_common_plasma_silver_L07_01,Плазменная пушка,"Крупный медленный плазменный шар blue/cyan с мягкой аурой. Сильный, но требует дистанции и времени полёта. IMG: PNG 512×512, transparent background, centered projectile/VFX sprite, pivot center, no text, no watermark, mobile-friendly, stylized sci-fi, pseudo-3D/top-down readable silhouette.",icon_weapon_common_plasma,7,Silver,PlayerAndRangers,11,50,62,144.57,161.41,5,7,3,5,False,Plasma,Energy,SelectedTarget,prefab_weapon_common_plasma_projectile,False,0,0,False,HeavyProjectile,1
weapon_common_plasma_gold_L07_01,Плазменная пушка,"Крупный медленный плазменный шар blue/cyan с мягкой аурой. Сильный, но требует дистанции и времени полёта. IMG: PNG 512×512, transparent background, centered projectile/VFX sprite, pivot center, no text, no watermark, mobile-friendly, stylized sci-fi, pseudo-3D/top-down readable silhouette.",icon_weapon_common_plasma,7,Gold,PlayerAndRangers,10,57,71,154.08,172.01,4,6,2,4,False,Plasma,Energy,SelectedTarget,prefab_weapon_common_plasma_projectile,False,0,0,False,HeavyProjectile,1
weapon_common_plasma_bronze_L08_01,Плазменная пушка,"Крупный медленный плазменный шар blue/cyan с мягкой аурой. Сильный, но требует дистанции и времени полёта. IMG: PNG 512×512, transparent background, centered projectile/VFX sprite, pivot center, no text, no watermark, mobile-friendly, stylized sci-fi, pseudo-3D/top-down readable silhouette.",icon_weapon_common_plasma,8,Bronze,PlayerAndRangers,13,46,58,139.40,155.98,6,8,4,6,False,Plasma,Energy,SelectedTarget,prefab_weapon_common_plasma_projectile,False,0,0,False,HeavyProjectile,1
weapon_common_plasma_silver_L08_01,Плазменная пушка,"Крупный медленный плазменный шар blue/cyan с мягкой аурой. Сильный, но требует дистанции и времени полёта. IMG: PNG 512×512, transparent background, centered projectile/VFX sprite, pivot center, no text, no watermark, mobile-friendly, stylized sci-fi, pseudo-3D/top-down readable silhouette.",icon_weapon_common_plasma,8,Silver,PlayerAndRangers,12,54,68,147.55,164.95,5,7,3,5,False,Plasma,Energy,SelectedTarget,prefab_weapon_common_plasma_projectile,False,0,0,False,HeavyProjectile,1
weapon_common_plasma_gold_L08_01,Плазменная пушка,"Крупный медленный плазменный шар blue/cyan с мягкой аурой. Сильный, но требует дистанции и времени полёта. IMG: PNG 512×512, transparent background, centered projectile/VFX sprite, pivot center, no text, no watermark, mobile-friendly, stylized sci-fi, pseudo-3D/top-down readable silhouette.",icon_weapon_common_plasma,8,Gold,PlayerAndRangers,11,62,78,157.34,175.82,4,6,2,4,False,Plasma,Energy,SelectedTarget,prefab_weapon_common_plasma_projectile,False,0,0,False,HeavyProjectile,1
weapon_common_plasma_bronze_L09_01,Плазменная пушка,"Крупный медленный плазменный шар blue/cyan с мягкой аурой. Сильный, но требует дистанции и времени полёта. IMG: PNG 512×512, transparent background, centered projectile/VFX sprite, pivot center, no text, no watermark, mobile-friendly, stylized sci-fi, pseudo-3D/top-down readable silhouette.",icon_weapon_common_plasma,9,Bronze,PlayerAndRangers,14,50,62,142.39,158.97,6,8,4,6,False,Plasma,Energy,SelectedTarget,prefab_weapon_common_plasma_projectile,False,0,0,False,HeavyProjectile,1
weapon_common_plasma_silver_L09_01,Плазменная пушка,"Крупный медленный плазменный шар blue/cyan с мягкой аурой. Сильный, но требует дистанции и времени полёта. IMG: PNG 512×512, transparent background, centered projectile/VFX sprite, pivot center, no text, no watermark, mobile-friendly, stylized sci-fi, pseudo-3D/top-down readable silhouette.",icon_weapon_common_plasma,9,Silver,PlayerAndRangers,13,59,73,150.82,168.21,5,7,3,5,False,Plasma,Energy,SelectedTarget,prefab_weapon_common_plasma_projectile,False,0,0,False,HeavyProjectile,1
weapon_common_plasma_gold_L09_01,Плазменная пушка,"Крупный медленный плазменный шар blue/cyan с мягкой аурой. Сильный, но требует дистанции и времени полёта. IMG: PNG 512×512, transparent background, centered projectile/VFX sprite, pivot center, no text, no watermark, mobile-friendly, stylized sci-fi, pseudo-3D/top-down readable silhouette.",icon_weapon_common_plasma,9,Gold,PlayerAndRangers,12,68,84,160.87,179.35,4,6,2,4,False,Plasma,Energy,SelectedTarget,prefab_weapon_common_plasma_projectile,False,0,0,False,HeavyProjectile,1
weapon_common_plasma_bronze_L10_01,Плазменная пушка,"Крупный медленный плазменный шар blue/cyan с мягкой аурой. Сильный, но требует дистанции и времени полёта. IMG: PNG 512×512, transparent background, centered projectile/VFX sprite, pivot center, no text, no watermark, mobile-friendly, stylized sci-fi, pseudo-3D/top-down readable silhouette.",icon_weapon_common_plasma,10,Bronze,PlayerAndRangers,15,54,68,145.38,162.23,7,9,4,6,False,Plasma,Energy,SelectedTarget,prefab_weapon_common_plasma_projectile,False,0,0,False,HeavyProjectile,1
weapon_common_plasma_silver_L10_01,Плазменная пушка,"Крупный медленный плазменный шар blue/cyan с мягкой аурой. Сильный, но требует дистанции и времени полёта. IMG: PNG 512×512, transparent background, centered projectile/VFX sprite, pivot center, no text, no watermark, mobile-friendly, stylized sci-fi, pseudo-3D/top-down readable silhouette.",icon_weapon_common_plasma,10,Silver,PlayerAndRangers,14,64,80,153.80,171.74,6,8,3,5,False,Plasma,Energy,SelectedTarget,prefab_weapon_common_plasma_projectile,False,0,0,False,HeavyProjectile,1
weapon_common_plasma_gold_L10_01,Плазменная пушка,"Крупный медленный плазменный шар blue/cyan с мягкой аурой. Сильный, но требует дистанции и времени полёта. IMG: PNG 512×512, transparent background, centered projectile/VFX sprite, pivot center, no text, no watermark, mobile-friendly, stylized sci-fi, pseudo-3D/top-down readable silhouette.",icon_weapon_common_plasma,10,Gold,PlayerAndRangers,13,74,92,163.86,182.88,5,7,2,4,False,Plasma,Energy,SelectedTarget,prefab_weapon_common_plasma_projectile,False,0,0,False,HeavyProjectile,1
weapon_common_wave_cannon_bronze_L01_01,Волновая пушка,"Широкая технологическая энергетическая волна cyan-white. Это не тонкий луч и не точечный снаряд: фронт энергии должен читаться как волновая атака цивилизации. IMG: PNG 512×512, transparent background, centered projectile/VFX sprite, pivot center, no text, no watermark, mobile-friendly, stylized sci-fi, pseudo-3D/top-down readable silhouette.",icon_weapon_common_wave_cannon,1,Bronze,PlayerAndRangers,6,24,31,204.62,227.99,5,7,2,4,False,Disruptor,Energy,SelectedTarget,prefab_weapon_common_wave_cannon_projectile,False,0,0,False,Wave,1
weapon_common_wave_cannon_silver_L01_01,Волновая пушка,"Широкая технологическая энергетическая волна cyan-white. Это не тонкий луч и не точечный снаряд: фронт энергии должен читаться как волновая атака цивилизации. IMG: PNG 512×512, transparent background, centered projectile/VFX sprite, pivot center, no text, no watermark, mobile-friendly, stylized sci-fi, pseudo-3D/top-down readable silhouette.",icon_weapon_common_wave_cannon,1,Silver,PlayerAndRangers,5,28,36,216.30,240.76,4,6,1,3,False,Disruptor,Energy,SelectedTarget,prefab_weapon_common_wave_cannon_projectile,False,0,0,False,Wave,1
weapon_common_wave_cannon_gold_L01_01,Волновая пушка,"Широкая технологическая энергетическая волна cyan-white. Это не тонкий луч и не точечный снаряд: фронт энергии должен читаться как волновая атака цивилизации. IMG: PNG 512×512, transparent background, centered projectile/VFX sprite, pivot center, no text, no watermark, mobile-friendly, stylized sci-fi, pseudo-3D/top-down readable silhouette.",icon_weapon_common_wave_cannon,1,Gold,PlayerAndRangers,4,32,41,230.16,256.25,3,5,1,2,False,Disruptor,Energy,SelectedTarget,prefab_weapon_common_wave_cannon_projectile,False,0,0,False,Wave,1
weapon_common_wave_cannon_bronze_L02_01,Волновая пушка,"Широкая технологическая энергетическая волна cyan-white. Это не тонкий луч и не точечный снаряд: фронт энергии должен читаться как волновая атака цивилизации. IMG: PNG 512×512, transparent background, centered projectile/VFX sprite, pivot center, no text, no watermark, mobile-friendly, stylized sci-fi, pseudo-3D/top-down readable silhouette.",icon_weapon_common_wave_cannon,2,Bronze,PlayerAndRangers,7,30,37,207.61,231.25,5,7,2,4,False,Disruptor,Energy,SelectedTarget,prefab_weapon_common_wave_cannon_projectile,False,0,0,False,Wave,1
weapon_common_wave_cannon_silver_L02_01,Волновая пушка,"Широкая технологическая энергетическая волна cyan-white. Это не тонкий луч и не точечный снаряд: фронт энергии должен читаться как волновая атака цивилизации. IMG: PNG 512×512, transparent background, centered projectile/VFX sprite, pivot center, no text, no watermark, mobile-friendly, stylized sci-fi, pseudo-3D/top-down readable silhouette.",icon_weapon_common_wave_cannon,2,Silver,PlayerAndRangers,6,35,43,219.29,244.29,4,6,1,3,False,Disruptor,Energy,SelectedTarget,prefab_weapon_common_wave_cannon_projectile,False,0,0,False,Wave,1
weapon_common_wave_cannon_gold_L02_01,Волновая пушка,"Широкая технологическая энергетическая волна cyan-white. Это не тонкий луч и не точечный снаряд: фронт энергии должен читаться как волновая атака цивилизации. IMG: PNG 512×512, transparent background, centered projectile/VFX sprite, pivot center, no text, no watermark, mobile-friendly, stylized sci-fi, pseudo-3D/top-down readable silhouette.",icon_weapon_common_wave_cannon,2,Gold,PlayerAndRangers,5,40,49,233.42,259.78,3,5,1,2,False,Disruptor,Energy,SelectedTarget,prefab_weapon_common_wave_cannon_projectile,False,0,0,False,Wave,1
weapon_common_wave_cannon_bronze_L03_01,Волновая пушка,"Широкая технологическая энергетическая волна cyan-white. Это не тонкий луч и не точечный снаряд: фронт энергии должен читаться как волновая атака цивилизации. IMG: PNG 512×512, transparent background, centered projectile/VFX sprite, pivot center, no text, no watermark, mobile-friendly, stylized sci-fi, pseudo-3D/top-down readable silhouette.",icon_weapon_common_wave_cannon,3,Bronze,PlayerAndRangers,8,35,43,210.60,234.24,5,7,2,4,False,Disruptor,Energy,SelectedTarget,prefab_weapon_common_wave_cannon_projectile,False,0,0,False,Wave,1
weapon_common_wave_cannon_silver_L03_01,Волновая пушка,"Широкая технологическая энергетическая волна cyan-white. Это не тонкий луч и не точечный снаряд: фронт энергии должен читаться как волновая атака цивилизации. IMG: PNG 512×512, transparent background, centered projectile/VFX sprite, pivot center, no text, no watermark, mobile-friendly, stylized sci-fi, pseudo-3D/top-down readable silhouette.",icon_weapon_common_wave_cannon,3,Silver,PlayerAndRangers,7,41,51,222.55,247.55,4,6,1,3,False,Disruptor,Energy,SelectedTarget,prefab_weapon_common_wave_cannon_projectile,False,0,0,False,Wave,1
weapon_common_wave_cannon_gold_L03_01,Волновая пушка,"Широкая технологическая энергетическая волна cyan-white. Это не тонкий луч и не точечный снаряд: фронт энергии должен читаться как волновая атака цивилизации. IMG: PNG 512×512, transparent background, centered projectile/VFX sprite, pivot center, no text, no watermark, mobile-friendly, stylized sci-fi, pseudo-3D/top-down readable silhouette.",icon_weapon_common_wave_cannon,3,Gold,PlayerAndRangers,6,47,59,236.96,263.32,3,5,1,2,False,Disruptor,Energy,SelectedTarget,prefab_weapon_common_wave_cannon_projectile,False,0,0,False,Wave,1
weapon_common_wave_cannon_bronze_L04_01,Волновая пушка,"Широкая технологическая энергетическая волна cyan-white. Это не тонкий луч и не точечный снаряд: фронт энергии должен читаться как волновая атака цивилизации. IMG: PNG 512×512, transparent background, centered projectile/VFX sprite, pivot center, no text, no watermark, mobile-friendly, stylized sci-fi, pseudo-3D/top-down readable silhouette.",icon_weapon_common_wave_cannon,4,Bronze,PlayerAndRangers,9,40,50,213.59,237.77,6,8,2,4,False,Disruptor,Energy,SelectedTarget,prefab_weapon_common_wave_cannon_projectile,False,0,0,False,Wave,1
weapon_common_wave_cannon_silver_L04_01,Волновая пушка,"Широкая технологическая энергетическая волна cyan-white. Это не тонкий луч и не точечный снаряд: фронт энергии должен читаться как волновая атака цивилизации. IMG: PNG 512×512, transparent background, centered projectile/VFX sprite, pivot center, no text, no watermark, mobile-friendly, stylized sci-fi, pseudo-3D/top-down readable silhouette.",icon_weapon_common_wave_cannon,4,Silver,PlayerAndRangers,8,47,59,225.54,251.09,5,7,1,3,False,Disruptor,Energy,SelectedTarget,prefab_weapon_common_wave_cannon_projectile,False,0,0,False,Wave,1
weapon_common_wave_cannon_gold_L04_01,Волновая пушка,"Широкая технологическая энергетическая волна cyan-white. Это не тонкий луч и не точечный снаряд: фронт энергии должен читаться как волновая атака цивилизации. IMG: PNG 512×512, transparent background, centered projectile/VFX sprite, pivot center, no text, no watermark, mobile-friendly, stylized sci-fi, pseudo-3D/top-down readable silhouette.",icon_weapon_common_wave_cannon,4,Gold,PlayerAndRangers,7,54,68,239.95,267.12,4,6,1,2,False,Disruptor,Energy,SelectedTarget,prefab_weapon_common_wave_cannon_projectile,False,0,0,False,Wave,1
weapon_common_wave_cannon_bronze_L05_01,Волновая пушка,"Широкая технологическая энергетическая волна cyan-white. Это не тонкий луч и не точечный снаряд: фронт энергии должен читаться как волновая атака цивилизации. IMG: PNG 512×512, transparent background, centered projectile/VFX sprite, pivot center, no text, no watermark, mobile-friendly, stylized sci-fi, pseudo-3D/top-down readable silhouette.",icon_weapon_common_wave_cannon,5,Bronze,PlayerAndRangers,10,46,56,216.58,240.76,6,8,2,4,False,Disruptor,Energy,SelectedTarget,prefab_weapon_common_wave_cannon_projectile,False,0,0,False,Wave,1
weapon_common_wave_cannon_silver_L05_01,Волновая пушка,"Широкая технологическая энергетическая волна cyan-white. Это не тонкий луч и не точечный снаряд: фронт энергии должен читаться как волновая атака цивилизации. IMG: PNG 512×512, transparent background, centered projectile/VFX sprite, pivot center, no text, no watermark, mobile-friendly, stylized sci-fi, pseudo-3D/top-down readable silhouette.",icon_weapon_common_wave_cannon,5,Silver,PlayerAndRangers,9,54,66,228.80,254.35,5,7,1,3,False,Disruptor,Energy,SelectedTarget,prefab_weapon_common_wave_cannon_projectile,False,0,0,False,Wave,1
weapon_common_wave_cannon_gold_L05_01,Волновая пушка,"Широкая технологическая энергетическая волна cyan-white. Это не тонкий луч и не точечный снаряд: фронт энергии должен читаться как волновая атака цивилизации. IMG: PNG 512×512, transparent background, centered projectile/VFX sprite, pivot center, no text, no watermark, mobile-friendly, stylized sci-fi, pseudo-3D/top-down readable silhouette.",icon_weapon_common_wave_cannon,5,Gold,PlayerAndRangers,8,62,76,243.48,270.65,4,6,1,2,False,Disruptor,Energy,SelectedTarget,prefab_weapon_common_wave_cannon_projectile,False,0,0,False,Wave,1
weapon_common_wave_cannon_bronze_L06_01,Волновая пушка,"Широкая технологическая энергетическая волна cyan-white. Это не тонкий луч и не точечный снаряд: фронт энергии должен читаться как волновая атака цивилизации. IMG: PNG 512×512, transparent background, centered projectile/VFX sprite, pivot center, no text, no watermark, mobile-friendly, stylized sci-fi, pseudo-3D/top-down readable silhouette.",icon_weapon_common_wave_cannon,6,Bronze,PlayerAndRangers,11,51,63,219.29,244.29,6,8,2,4,False,Disruptor,Energy,SelectedTarget,prefab_weapon_common_wave_cannon_projectile,False,0,0,False,Wave,1
weapon_common_wave_cannon_silver_L06_01,Волновая пушка,"Широкая технологическая энергетическая волна cyan-white. Это не тонкий луч и не точечный снаряд: фронт энергии должен читаться как волновая атака цивилизации. IMG: PNG 512×512, transparent background, centered projectile/VFX sprite, pivot center, no text, no watermark, mobile-friendly, stylized sci-fi, pseudo-3D/top-down readable silhouette.",icon_weapon_common_wave_cannon,6,Silver,PlayerAndRangers,10,60,74,231.79,257.88,5,7,1,3,False,Disruptor,Energy,SelectedTarget,prefab_weapon_common_wave_cannon_projectile,False,0,0,False,Wave,1
weapon_common_wave_cannon_gold_L06_01,Волновая пушка,"Широкая технологическая энергетическая волна cyan-white. Это не тонкий луч и не точечный снаряд: фронт энергии должен читаться как волновая атака цивилизации. IMG: PNG 512×512, transparent background, centered projectile/VFX sprite, pivot center, no text, no watermark, mobile-friendly, stylized sci-fi, pseudo-3D/top-down readable silhouette.",icon_weapon_common_wave_cannon,6,Gold,PlayerAndRangers,9,69,85,246.74,274.18,4,6,1,2,False,Disruptor,Energy,SelectedTarget,prefab_weapon_common_wave_cannon_projectile,False,0,0,False,Wave,1
weapon_common_wave_cannon_bronze_L07_01,Волновая пушка,"Широкая технологическая энергетическая волна cyan-white. Это не тонкий луч и не точечный снаряд: фронт энергии должен читаться как волновая атака цивилизации. IMG: PNG 512×512, transparent background, centered projectile/VFX sprite, pivot center, no text, no watermark, mobile-friendly, stylized sci-fi, pseudo-3D/top-down readable silhouette.",icon_weapon_common_wave_cannon,7,Bronze,PlayerAndRangers,12,56,70,222.28,247.55,7,9,2,4,False,Disruptor,Energy,SelectedTarget,prefab_weapon_common_wave_cannon_projectile,False,0,0,False,Wave,1
weapon_common_wave_cannon_silver_L07_01,Волновая пушка,"Широкая технологическая энергетическая волна cyan-white. Это не тонкий луч и не точечный снаряд: фронт энергии должен читаться как волновая атака цивилизации. IMG: PNG 512×512, transparent background, centered projectile/VFX sprite, pivot center, no text, no watermark, mobile-friendly, stylized sci-fi, pseudo-3D/top-down readable silhouette.",icon_weapon_common_wave_cannon,7,Silver,PlayerAndRangers,11,66,82,234.78,261.41,6,8,1,3,False,Disruptor,Energy,SelectedTarget,prefab_weapon_common_wave_cannon_projectile,False,0,0,False,Wave,1
weapon_common_wave_cannon_gold_L07_01,Волновая пушка,"Широкая технологическая энергетическая волна cyan-white. Это не тонкий луч и не точечный снаряд: фронт энергии должен читаться как волновая атака цивилизации. IMG: PNG 512×512, transparent background, centered projectile/VFX sprite, pivot center, no text, no watermark, mobile-friendly, stylized sci-fi, pseudo-3D/top-down readable silhouette.",icon_weapon_common_wave_cannon,7,Gold,PlayerAndRangers,10,76,94,249.73,277.99,5,7,1,2,False,Disruptor,Energy,SelectedTarget,prefab_weapon_common_wave_cannon_projectile,False,0,0,False,Wave,1
weapon_common_wave_cannon_bronze_L08_01,Волновая пушка,"Широкая технологическая энергетическая волна cyan-white. Это не тонкий луч и не точечный снаряд: фронт энергии должен читаться как волновая атака цивилизации. IMG: PNG 512×512, transparent background, centered projectile/VFX sprite, pivot center, no text, no watermark, mobile-friendly, stylized sci-fi, pseudo-3D/top-down readable silhouette.",icon_weapon_common_wave_cannon,8,Bronze,PlayerAndRangers,13,61,76,225.27,250.54,7,9,2,4,False,Disruptor,Energy,SelectedTarget,prefab_weapon_common_wave_cannon_projectile,False,0,0,False,Wave,1
weapon_common_wave_cannon_silver_L08_01,Волновая пушка,"Широкая технологическая энергетическая волна cyan-white. Это не тонкий луч и не точечный снаряд: фронт энергии должен читаться как волновая атака цивилизации. IMG: PNG 512×512, transparent background, centered projectile/VFX sprite, pivot center, no text, no watermark, mobile-friendly, stylized sci-fi, pseudo-3D/top-down readable silhouette.",icon_weapon_common_wave_cannon,8,Silver,PlayerAndRangers,12,72,90,238.04,264.67,6,8,1,3,False,Disruptor,Energy,SelectedTarget,prefab_weapon_common_wave_cannon_projectile,False,0,0,False,Wave,1
weapon_common_wave_cannon_gold_L08_01,Волновая пушка,"Широкая технологическая энергетическая волна cyan-white. Это не тонкий луч и не точечный снаряд: фронт энергии должен читаться как волновая атака цивилизации. IMG: PNG 512×512, transparent background, centered projectile/VFX sprite, pivot center, no text, no watermark, mobile-friendly, stylized sci-fi, pseudo-3D/top-down readable silhouette.",icon_weapon_common_wave_cannon,8,Gold,PlayerAndRangers,11,83,103,253.26,281.52,5,7,1,2,False,Disruptor,Energy,SelectedTarget,prefab_weapon_common_wave_cannon_projectile,False,0,0,False,Wave,1
weapon_common_wave_cannon_bronze_L09_01,Волновая пушка,"Широкая технологическая энергетическая волна cyan-white. Это не тонкий луч и не точечный снаряд: фронт энергии должен читаться как волновая атака цивилизации. IMG: PNG 512×512, transparent background, centered projectile/VFX sprite, pivot center, no text, no watermark, mobile-friendly, stylized sci-fi, pseudo-3D/top-down readable silhouette.",icon_weapon_common_wave_cannon,9,Bronze,PlayerAndRangers,14,67,82,228.26,254.08,7,9,2,4,False,Disruptor,Energy,SelectedTarget,prefab_weapon_common_wave_cannon_projectile,False,0,0,False,Wave,1
weapon_common_wave_cannon_silver_L09_01,Волновая пушка,"Широкая технологическая энергетическая волна cyan-white. Это не тонкий луч и не точечный снаряд: фронт энергии должен читаться как волновая атака цивилизации. IMG: PNG 512×512, transparent background, centered projectile/VFX sprite, pivot center, no text, no watermark, mobile-friendly, stylized sci-fi, pseudo-3D/top-down readable silhouette.",icon_weapon_common_wave_cannon,9,Silver,PlayerAndRangers,13,79,97,241.03,268.21,6,8,1,3,False,Disruptor,Energy,SelectedTarget,prefab_weapon_common_wave_cannon_projectile,False,0,0,False,Wave,1
weapon_common_wave_cannon_gold_L09_01,Волновая пушка,"Широкая технологическая энергетическая волна cyan-white. Это не тонкий луч и не точечный снаряд: фронт энергии должен читаться как волновая атака цивилизации. IMG: PNG 512×512, transparent background, centered projectile/VFX sprite, pivot center, no text, no watermark, mobile-friendly, stylized sci-fi, pseudo-3D/top-down readable silhouette.",icon_weapon_common_wave_cannon,9,Gold,PlayerAndRangers,12,91,112,256.52,285.33,5,7,1,2,False,Disruptor,Energy,SelectedTarget,prefab_weapon_common_wave_cannon_projectile,False,0,0,False,Wave,1
weapon_common_wave_cannon_bronze_L10_01,Волновая пушка,"Широкая технологическая энергетическая волна cyan-white. Это не тонкий луч и не точечный снаряд: фронт энергии должен читаться как волновая атака цивилизации. IMG: PNG 512×512, transparent background, centered projectile/VFX sprite, pivot center, no text, no watermark, mobile-friendly, stylized sci-fi, pseudo-3D/top-down readable silhouette.",icon_weapon_common_wave_cannon,10,Bronze,PlayerAndRangers,15,72,89,231.25,257.07,8,10,2,4,False,Disruptor,Energy,SelectedTarget,prefab_weapon_common_wave_cannon_projectile,False,0,0,False,Wave,1
weapon_common_wave_cannon_silver_L10_01,Волновая пушка,"Широкая технологическая энергетическая волна cyan-white. Это не тонкий луч и не точечный снаряд: фронт энергии должен читаться как волновая атака цивилизации. IMG: PNG 512×512, transparent background, centered projectile/VFX sprite, pivot center, no text, no watermark, mobile-friendly, stylized sci-fi, pseudo-3D/top-down readable silhouette.",icon_weapon_common_wave_cannon,10,Silver,PlayerAndRangers,14,85,105,244.29,271.47,7,9,1,3,False,Disruptor,Energy,SelectedTarget,prefab_weapon_common_wave_cannon_projectile,False,0,0,False,Wave,1
weapon_common_wave_cannon_gold_L10_01,Волновая пушка,"Широкая технологическая энергетическая волна cyan-white. Это не тонкий луч и не точечный снаряд: фронт энергии должен читаться как волновая атака цивилизации. IMG: PNG 512×512, transparent background, centered projectile/VFX sprite, pivot center, no text, no watermark, mobile-friendly, stylized sci-fi, pseudo-3D/top-down readable silhouette.",icon_weapon_common_wave_cannon,10,Gold,PlayerAndRangers,13,98,121,259.78,288.59,6,8,1,2,False,Disruptor,Energy,SelectedTarget,prefab_weapon_common_wave_cannon_projectile,False,0,0,False,Wave,1
weapon_common_missile_bronze_L01_01,Ракетная установка,"Одна управляемая ракета с голубым двигателем и коротким хвостом. Медленная, но сильная. IMG: PNG 512×512, transparent background, centered projectile/VFX sprite, pivot center, no text, no watermark, mobile-friendly, stylized sci-fi, pseudo-3D/top-down readable silhouette.",icon_weapon_common_missile,1,Bronze,PlayerAndRangers,7,34,42,180.16,200.82,6,8,5,7,False,Missile,Explosive,SelectedTarget,prefab_weapon_common_missile_projectile,True,19,28,False,MissileSwarm,1
weapon_common_missile_silver_L01_01,Ракетная установка,"Одна управляемая ракета с голубым двигателем и коротким хвостом. Медленная, но сильная. IMG: PNG 512×512, transparent background, centered projectile/VFX sprite, pivot center, no text, no watermark, mobile-friendly, stylized sci-fi, pseudo-3D/top-down readable silhouette.",icon_weapon_common_missile,1,Silver,PlayerAndRangers,6,40,50,190.49,212.23,5,7,4,6,False,Missile,Explosive,SelectedTarget,prefab_weapon_common_missile_projectile,True,22,33,False,MissileSwarm,1
weapon_common_missile_gold_L01_01,Ракетная установка,"Одна управляемая ракета с голубым двигателем и коротким хвостом. Медленная, но сильная. IMG: PNG 512×512, transparent background, centered projectile/VFX sprite, pivot center, no text, no watermark, mobile-friendly, stylized sci-fi, pseudo-3D/top-down readable silhouette.",icon_weapon_common_missile,1,Gold,PlayerAndRangers,5,46,57,202.99,225.82,4,6,3,5,False,Missile,Explosive,SelectedTarget,prefab_weapon_common_missile_projectile,True,25,38,False,MissileSwarm,1
weapon_common_missile_bronze_L02_01,Ракетная установка,"Одна управляемая ракета с голубым двигателем и коротким хвостом. Медленная, но сильная. IMG: PNG 512×512, transparent background, centered projectile/VFX sprite, pivot center, no text, no watermark, mobile-friendly, stylized sci-fi, pseudo-3D/top-down readable silhouette.",icon_weapon_common_missile,2,Bronze,PlayerAndRangers,8,42,52,182.88,204.08,6,8,5,7,False,Missile,Explosive,SelectedTarget,prefab_weapon_common_missile_projectile,True,20,31,False,MissileSwarm,1
weapon_common_missile_silver_L02_01,Ракетная установка,"Одна управляемая ракета с голубым двигателем и коротким хвостом. Медленная, но сильная. IMG: PNG 512×512, transparent background, centered projectile/VFX sprite, pivot center, no text, no watermark, mobile-friendly, stylized sci-fi, pseudo-3D/top-down readable silhouette.",icon_weapon_common_missile,2,Silver,PlayerAndRangers,7,49,61,193.48,215.76,5,7,4,6,False,Missile,Explosive,SelectedTarget,prefab_weapon_common_missile_projectile,True,24,36,False,MissileSwarm,1
weapon_common_missile_gold_L02_01,Ракетная установка,"Одна управляемая ракета с голубым двигателем и коротким хвостом. Медленная, но сильная. IMG: PNG 512×512, transparent background, centered projectile/VFX sprite, pivot center, no text, no watermark, mobile-friendly, stylized sci-fi, pseudo-3D/top-down readable silhouette.",icon_weapon_common_missile,2,Gold,PlayerAndRangers,6,56,70,205.98,229.62,4,6,3,5,False,Missile,Explosive,SelectedTarget,prefab_weapon_common_missile_projectile,True,28,41,False,MissileSwarm,1
weapon_common_missile_bronze_L03_01,Ракетная установка,"Одна управляемая ракета с голубым двигателем и коротким хвостом. Медленная, но сильная. IMG: PNG 512×512, transparent background, centered projectile/VFX sprite, pivot center, no text, no watermark, mobile-friendly, stylized sci-fi, pseudo-3D/top-down readable silhouette.",icon_weapon_common_missile,3,Bronze,PlayerAndRangers,9,49,61,186.14,207.34,6,8,5,7,False,Missile,Explosive,SelectedTarget,prefab_weapon_common_missile_projectile,True,22,33,False,MissileSwarm,1
weapon_common_missile_silver_L03_01,Ракетная установка,"Одна управляемая ракета с голубым двигателем и коротким хвостом. Медленная, но сильная. IMG: PNG 512×512, transparent background, centered projectile/VFX sprite, pivot center, no text, no watermark, mobile-friendly, stylized sci-fi, pseudo-3D/top-down readable silhouette.",icon_weapon_common_missile,3,Silver,PlayerAndRangers,8,58,72,196.74,219.02,5,7,4,6,False,Missile,Explosive,SelectedTarget,prefab_weapon_common_missile_projectile,True,26,39,False,MissileSwarm,1
weapon_common_missile_gold_L03_01,Ракетная установка,"Одна управляемая ракета с голубым двигателем и коротким хвостом. Медленная, но сильная. IMG: PNG 512×512, transparent background, centered projectile/VFX sprite, pivot center, no text, no watermark, mobile-friendly, stylized sci-fi, pseudo-3D/top-down readable silhouette.",icon_weapon_common_missile,3,Gold,PlayerAndRangers,7,67,83,209.51,233.15,4,6,3,5,False,Missile,Explosive,SelectedTarget,prefab_weapon_common_missile_projectile,True,30,45,False,MissileSwarm,1
weapon_common_missile_bronze_L04_01,Ракетная установка,"Одна управляемая ракета с голубым двигателем и коротким хвостом. Медленная, но сильная. IMG: PNG 512×512, transparent background, centered projectile/VFX sprite, pivot center, no text, no watermark, mobile-friendly, stylized sci-fi, pseudo-3D/top-down readable silhouette.",icon_weapon_common_missile,4,Bronze,PlayerAndRangers,10,57,71,188.86,210.60,7,9,5,7,False,Missile,Explosive,SelectedTarget,prefab_weapon_common_missile_projectile,True,24,36,False,MissileSwarm,1
weapon_common_missile_silver_L04_01,Ракетная установка,"Одна управляемая ракета с голубым двигателем и коротким хвостом. Медленная, но сильная. IMG: PNG 512×512, transparent background, centered projectile/VFX sprite, pivot center, no text, no watermark, mobile-friendly, stylized sci-fi, pseudo-3D/top-down readable silhouette.",icon_weapon_common_missile,4,Silver,PlayerAndRangers,9,67,83,199.73,222.55,6,8,4,6,False,Missile,Explosive,SelectedTarget,prefab_weapon_common_missile_projectile,True,28,42,False,MissileSwarm,1
weapon_common_missile_gold_L04_01,Ракетная установка,"Одна управляемая ракета с голубым двигателем и коротким хвостом. Медленная, но сильная. IMG: PNG 512×512, transparent background, centered projectile/VFX sprite, pivot center, no text, no watermark, mobile-friendly, stylized sci-fi, pseudo-3D/top-down readable silhouette.",icon_weapon_common_missile,4,Gold,PlayerAndRangers,8,77,95,212.77,236.96,5,7,3,5,False,Missile,Explosive,SelectedTarget,prefab_weapon_common_missile_projectile,True,32,48,False,MissileSwarm,1
weapon_common_missile_bronze_L05_01,Ракетная установка,"Одна управляемая ракета с голубым двигателем и коротким хвостом. Медленная, но сильная. IMG: PNG 512×512, transparent background, centered projectile/VFX sprite, pivot center, no text, no watermark, mobile-friendly, stylized sci-fi, pseudo-3D/top-down readable silhouette.",icon_weapon_common_missile,5,Bronze,PlayerAndRangers,11,65,80,192.12,213.86,7,9,5,7,False,Missile,Explosive,SelectedTarget,prefab_weapon_common_missile_projectile,True,26,38,False,MissileSwarm,1
weapon_common_missile_silver_L05_01,Ракетная установка,"Одна управляемая ракета с голубым двигателем и коротким хвостом. Медленная, но сильная. IMG: PNG 512×512, transparent background, centered projectile/VFX sprite, pivot center, no text, no watermark, mobile-friendly, stylized sci-fi, pseudo-3D/top-down readable silhouette.",icon_weapon_common_missile,5,Silver,PlayerAndRangers,10,76,94,202.99,225.82,6,8,4,6,False,Missile,Explosive,SelectedTarget,prefab_weapon_common_missile_projectile,True,30,45,False,MissileSwarm,1
weapon_common_missile_gold_L05_01,Ракетная установка,"Одна управляемая ракета с голубым двигателем и коротким хвостом. Медленная, но сильная. IMG: PNG 512×512, transparent background, centered projectile/VFX sprite, pivot center, no text, no watermark, mobile-friendly, stylized sci-fi, pseudo-3D/top-down readable silhouette.",icon_weapon_common_missile,5,Gold,PlayerAndRangers,9,87,108,216.03,240.22,5,7,3,5,False,Missile,Explosive,SelectedTarget,prefab_weapon_common_missile_projectile,True,34,52,False,MissileSwarm,1
weapon_common_missile_bronze_L06_01,Ракетная установка,"Одна управляемая ракета с голубым двигателем и коротким хвостом. Медленная, но сильная. IMG: PNG 512×512, transparent background, centered projectile/VFX sprite, pivot center, no text, no watermark, mobile-friendly, stylized sci-fi, pseudo-3D/top-down readable silhouette.",icon_weapon_common_missile,6,Bronze,PlayerAndRangers,12,71,88,194.84,217.12,7,9,5,7,False,Missile,Explosive,SelectedTarget,prefab_weapon_common_missile_projectile,True,27,41,False,MissileSwarm,1
weapon_common_missile_silver_L06_01,Ракетная установка,"Одна управляемая ракета с голубым двигателем и коротким хвостом. Медленная, но сильная. IMG: PNG 512×512, transparent background, centered projectile/VFX sprite, pivot center, no text, no watermark, mobile-friendly, stylized sci-fi, pseudo-3D/top-down readable silhouette.",icon_weapon_common_missile,6,Silver,PlayerAndRangers,11,84,104,205.98,229.35,6,8,4,6,False,Missile,Explosive,SelectedTarget,prefab_weapon_common_missile_projectile,True,32,48,False,MissileSwarm,1
weapon_common_missile_gold_L06_01,Ракетная установка,"Одна управляемая ракета с голубым двигателем и коротким хвостом. Медленная, но сильная. IMG: PNG 512×512, transparent background, centered projectile/VFX sprite, pivot center, no text, no watermark, mobile-friendly, stylized sci-fi, pseudo-3D/top-down readable silhouette.",icon_weapon_common_missile,6,Gold,PlayerAndRangers,10,97,120,219.29,244.02,5,7,3,5,False,Missile,Explosive,SelectedTarget,prefab_weapon_common_missile_projectile,True,37,55,False,MissileSwarm,1
weapon_common_missile_bronze_L07_01,Ракетная установка,"Одна управляемая ракета с голубым двигателем и коротким хвостом. Медленная, но сильная. IMG: PNG 512×512, transparent background, centered projectile/VFX sprite, pivot center, no text, no watermark, mobile-friendly, stylized sci-fi, pseudo-3D/top-down readable silhouette.",icon_weapon_common_missile,7,Bronze,PlayerAndRangers,13,79,98,197.83,220.38,8,10,5,7,False,Missile,Explosive,SelectedTarget,prefab_weapon_common_missile_projectile,True,29,43,False,MissileSwarm,1
weapon_common_missile_silver_L07_01,Ракетная установка,"Одна управляемая ракета с голубым двигателем и коротким хвостом. Медленная, но сильная. IMG: PNG 512×512, transparent background, centered projectile/VFX sprite, pivot center, no text, no watermark, mobile-friendly, stylized sci-fi, pseudo-3D/top-down readable silhouette.",icon_weapon_common_missile,7,Silver,PlayerAndRangers,12,93,115,208.97,232.88,7,9,4,6,False,Missile,Explosive,SelectedTarget,prefab_weapon_common_missile_projectile,True,34,51,False,MissileSwarm,1
weapon_common_missile_gold_L07_01,Ракетная установка,"Одна управляемая ракета с голубым двигателем и коротким хвостом. Медленная, но сильная. IMG: PNG 512×512, transparent background, centered projectile/VFX sprite, pivot center, no text, no watermark, mobile-friendly, stylized sci-fi, pseudo-3D/top-down readable silhouette.",icon_weapon_common_missile,7,Gold,PlayerAndRangers,11,107,132,222.55,247.83,6,8,3,5,False,Missile,Explosive,SelectedTarget,prefab_weapon_common_missile_projectile,True,39,59,False,MissileSwarm,1
weapon_common_missile_bronze_L08_01,Ракетная установка,"Одна управляемая ракета с голубым двигателем и коротким хвостом. Медленная, но сильная. IMG: PNG 512×512, transparent background, centered projectile/VFX sprite, pivot center, no text, no watermark, mobile-friendly, stylized sci-fi, pseudo-3D/top-down readable silhouette.",icon_weapon_common_missile,8,Bronze,PlayerAndRangers,14,87,107,200.82,223.64,8,10,5,7,False,Missile,Explosive,SelectedTarget,prefab_weapon_common_missile_projectile,True,31,46,False,MissileSwarm,1
weapon_common_missile_silver_L08_01,Ракетная установка,"Одна управляемая ракета с голубым двигателем и коротким хвостом. Медленная, но сильная. IMG: PNG 512×512, transparent background, centered projectile/VFX sprite, pivot center, no text, no watermark, mobile-friendly, stylized sci-fi, pseudo-3D/top-down readable silhouette.",icon_weapon_common_missile,8,Silver,PlayerAndRangers,13,102,126,212.23,236.14,7,9,4,6,False,Missile,Explosive,SelectedTarget,prefab_weapon_common_missile_projectile,True,36,54,False,MissileSwarm,1
weapon_common_missile_gold_L08_01,Ракетная установка,"Одна управляемая ракета с голубым двигателем и коротким хвостом. Медленная, но сильная. IMG: PNG 512×512, transparent background, centered projectile/VFX sprite, pivot center, no text, no watermark, mobile-friendly, stylized sci-fi, pseudo-3D/top-down readable silhouette.",icon_weapon_common_missile,8,Gold,PlayerAndRangers,12,117,145,225.82,251.36,6,8,3,5,False,Missile,Explosive,SelectedTarget,prefab_weapon_common_missile_projectile,True,41,62,False,MissileSwarm,1
weapon_common_missile_bronze_L09_01,Ракетная установка,"Одна управляемая ракета с голубым двигателем и коротким хвостом. Медленная, но сильная. IMG: PNG 512×512, transparent background, centered projectile/VFX sprite, pivot center, no text, no watermark, mobile-friendly, stylized sci-fi, pseudo-3D/top-down readable silhouette.",icon_weapon_common_missile,9,Bronze,PlayerAndRangers,15,94,116,203.53,226.90,8,10,5,7,False,Missile,Explosive,SelectedTarget,prefab_weapon_common_missile_projectile,True,32,48,False,MissileSwarm,1
weapon_common_missile_silver_L09_01,Ракетная установка,"Одна управляемая ракета с голубым двигателем и коротким хвостом. Медленная, но сильная. IMG: PNG 512×512, transparent background, centered projectile/VFX sprite, pivot center, no text, no watermark, mobile-friendly, stylized sci-fi, pseudo-3D/top-down readable silhouette.",icon_weapon_common_missile,9,Silver,PlayerAndRangers,14,111,137,215.22,239.67,7,9,4,6,False,Missile,Explosive,SelectedTarget,prefab_weapon_common_missile_projectile,True,38,57,False,MissileSwarm,1
weapon_common_missile_gold_L09_01,Ракетная установка,"Одна управляемая ракета с голубым двигателем и коротким хвостом. Медленная, но сильная. IMG: PNG 512×512, transparent background, centered projectile/VFX sprite, pivot center, no text, no watermark, mobile-friendly, stylized sci-fi, pseudo-3D/top-down readable silhouette.",icon_weapon_common_missile,9,Gold,PlayerAndRangers,13,128,158,229.08,254.89,6,8,3,5,False,Missile,Explosive,SelectedTarget,prefab_weapon_common_missile_projectile,True,44,66,False,MissileSwarm,1
weapon_common_missile_bronze_L10_01,Ракетная установка,"Одна управляемая ракета с голубым двигателем и коротким хвостом. Медленная, но сильная. IMG: PNG 512×512, transparent background, centered projectile/VFX sprite, pivot center, no text, no watermark, mobile-friendly, stylized sci-fi, pseudo-3D/top-down readable silhouette.",icon_weapon_common_missile,10,Bronze,PlayerAndRangers,16,102,126,206.79,229.89,9,11,5,7,False,Missile,Explosive,SelectedTarget,prefab_weapon_common_missile_projectile,True,34,51,False,MissileSwarm,1
weapon_common_missile_silver_L10_01,Ракетная установка,"Одна управляемая ракета с голубым двигателем и коротким хвостом. Медленная, но сильная. IMG: PNG 512×512, transparent background, centered projectile/VFX sprite, pivot center, no text, no watermark, mobile-friendly, stylized sci-fi, pseudo-3D/top-down readable silhouette.",icon_weapon_common_missile,10,Silver,PlayerAndRangers,15,120,148,218.48,242.93,8,10,4,6,False,Missile,Explosive,SelectedTarget,prefab_weapon_common_missile_projectile,True,40,60,False,MissileSwarm,1
weapon_common_missile_gold_L10_01,Ракетная установка,"Одна управляемая ракета с голубым двигателем и коротким хвостом. Медленная, но сильная. IMG: PNG 512×512, transparent background, centered projectile/VFX sprite, pivot center, no text, no watermark, mobile-friendly, stylized sci-fi, pseudo-3D/top-down readable silhouette.",icon_weapon_common_missile,10,Gold,PlayerAndRangers,14,138,170,232.61,258.42,7,9,3,5,False,Missile,Explosive,SelectedTarget,prefab_weapon_common_missile_projectile,True,46,69,False,MissileSwarm,1
weapon_ai_laser_silver_L01_01,Прецизионный лазер,"Ровный красный машинный лазер. Выглядит холодно и точно, без органики. IMG: PNG 512×512, transparent background, centered projectile/VFX sprite, pivot center, no text, no watermark, mobile-friendly, stylized sci-fi, pseudo-3D/top-down readable silhouette.",icon_weapon_ai_laser,1,Silver,AI,3,9,13,177.45,198.10,1,3,1,1,True,Laser,Energy,SelectedTarget,prefab_weapon_ai_laser_projectile,False,0,0,False,Beam,5
weapon_ai_laser_silver_L02_01,Прецизионный лазер,"Ровный красный машинный лазер. Выглядит холодно и точно, без органики. IMG: PNG 512×512, transparent background, centered projectile/VFX sprite, pivot center, no text, no watermark, mobile-friendly, stylized sci-fi, pseudo-3D/top-down readable silhouette.",icon_weapon_ai_laser,2,Silver,AI,4,11,15,180.71,201.36,1,3,1,1,True,Laser,Energy,SelectedTarget,prefab_weapon_ai_laser_projectile,False,0,0,False,Beam,5
weapon_ai_laser_silver_L03_01,Прецизионный лазер,"Ровный красный машинный лазер. Выглядит холодно и точно, без органики. IMG: PNG 512×512, transparent background, centered projectile/VFX sprite, pivot center, no text, no watermark, mobile-friendly, stylized sci-fi, pseudo-3D/top-down readable silhouette.",icon_weapon_ai_laser,3,Silver,AI,5,14,18,183.70,204.89,1,3,1,1,True,Laser,Energy,SelectedTarget,prefab_weapon_ai_laser_projectile,False,0,0,False,Beam,5
weapon_ai_laser_silver_L04_01,Прецизионный лазер,"Ровный красный машинный лазер. Выглядит холодно и точно, без органики. IMG: PNG 512×512, transparent background, centered projectile/VFX sprite, pivot center, no text, no watermark, mobile-friendly, stylized sci-fi, pseudo-3D/top-down readable silhouette.",icon_weapon_ai_laser,4,Silver,AI,6,16,20,186.96,208.15,2,4,1,1,True,Laser,Energy,SelectedTarget,prefab_weapon_ai_laser_projectile,False,0,0,False,Beam,5
weapon_ai_laser_silver_L05_01,Прецизионный лазер,"Ровный красный машинный лазер. Выглядит холодно и точно, без органики. IMG: PNG 512×512, transparent background, centered projectile/VFX sprite, pivot center, no text, no watermark, mobile-friendly, stylized sci-fi, pseudo-3D/top-down readable silhouette.",icon_weapon_ai_laser,5,Silver,AI,7,18,24,189.95,211.68,2,4,1,1,True,Laser,Energy,SelectedTarget,prefab_weapon_ai_laser_projectile,False,0,0,False,Beam,5
weapon_ai_laser_silver_L06_01,Прецизионный лазер,"Ровный красный машинный лазер. Выглядит холодно и точно, без органики. IMG: PNG 512×512, transparent background, centered projectile/VFX sprite, pivot center, no text, no watermark, mobile-friendly, stylized sci-fi, pseudo-3D/top-down readable silhouette.",icon_weapon_ai_laser,6,Silver,AI,8,20,26,192.93,215.22,2,4,1,1,True,Laser,Energy,SelectedTarget,prefab_weapon_ai_laser_projectile,False,0,0,False,Beam,5
weapon_ai_laser_silver_L07_01,Прецизионный лазер,"Ровный красный машинный лазер. Выглядит холодно и точно, без органики. IMG: PNG 512×512, transparent background, centered projectile/VFX sprite, pivot center, no text, no watermark, mobile-friendly, stylized sci-fi, pseudo-3D/top-down readable silhouette.",icon_weapon_ai_laser,7,Silver,AI,9,23,29,196.20,218.48,3,5,1,1,True,Laser,Energy,SelectedTarget,prefab_weapon_ai_laser_projectile,False,0,0,False,Beam,5
weapon_ai_laser_silver_L08_01,Прецизионный лазер,"Ровный красный машинный лазер. Выглядит холодно и точно, без органики. IMG: PNG 512×512, transparent background, centered projectile/VFX sprite, pivot center, no text, no watermark, mobile-friendly, stylized sci-fi, pseudo-3D/top-down readable silhouette.",icon_weapon_ai_laser,8,Silver,AI,10,25,31,199.18,222.01,3,5,1,1,True,Laser,Energy,SelectedTarget,prefab_weapon_ai_laser_projectile,False,0,0,False,Beam,5
weapon_ai_laser_silver_L09_01,Прецизионный лазер,"Ровный красный машинный лазер. Выглядит холодно и точно, без органики. IMG: PNG 512×512, transparent background, centered projectile/VFX sprite, pivot center, no text, no watermark, mobile-friendly, stylized sci-fi, pseudo-3D/top-down readable silhouette.",icon_weapon_ai_laser,9,Silver,AI,11,27,33,202.45,225.27,3,5,1,1,True,Laser,Energy,SelectedTarget,prefab_weapon_ai_laser_projectile,False,0,0,False,Beam,5
weapon_ai_laser_silver_L10_01,Прецизионный лазер,"Ровный красный машинный лазер. Выглядит холодно и точно, без органики. IMG: PNG 512×512, transparent background, centered projectile/VFX sprite, pivot center, no text, no watermark, mobile-friendly, stylized sci-fi, pseudo-3D/top-down readable silhouette.",icon_weapon_ai_laser,10,Silver,AI,12,29,37,205.43,228.80,4,6,1,1,True,Laser,Energy,SelectedTarget,prefab_weapon_ai_laser_projectile,False,0,0,False,Beam,5
weapon_ai_pulse_silver_L01_01,Геометрический импульс,"Серия из 4 красно-пурпурных геометричных импульсов, квадратных или шестигранных. IMG: PNG 512×512, transparent background, centered projectile/VFX sprite, pivot center, no text, no watermark, mobile-friendly, stylized sci-fi, pseudo-3D/top-down readable silhouette.",icon_weapon_ai_pulse,1,Silver,AI,4,4,6,151.63,169.57,1,3,2,4,False,Pulse,Energy,SelectedTarget,prefab_weapon_ai_pulse_projectile,False,0,0,False,RapidEnergyVolley,1
weapon_ai_pulse_silver_L02_01,Геометрический импульс,"Серия из 4 красно-пурпурных геометричных импульсов, квадратных или шестигранных. IMG: PNG 512×512, transparent background, centered projectile/VFX sprite, pivot center, no text, no watermark, mobile-friendly, stylized sci-fi, pseudo-3D/top-down readable silhouette.",icon_weapon_ai_pulse,2,Silver,AI,5,5,7,154.89,172.83,1,3,2,4,False,Pulse,Energy,SelectedTarget,prefab_weapon_ai_pulse_projectile,False,0,0,False,RapidEnergyVolley,1
weapon_ai_pulse_silver_L03_01,Геометрический импульс,"Серия из 4 красно-пурпурных геометричных импульсов, квадратных или шестигранных. IMG: PNG 512×512, transparent background, centered projectile/VFX sprite, pivot center, no text, no watermark, mobile-friendly, stylized sci-fi, pseudo-3D/top-down readable silhouette.",icon_weapon_ai_pulse,3,Silver,AI,6,6,8,157.88,176.36,1,3,2,4,False,Pulse,Energy,SelectedTarget,prefab_weapon_ai_pulse_projectile,False,0,0,False,RapidEnergyVolley,1
weapon_ai_pulse_silver_L04_01,Геометрический импульс,"Серия из 4 красно-пурпурных геометричных импульсов, квадратных или шестигранных. IMG: PNG 512×512, transparent background, centered projectile/VFX sprite, pivot center, no text, no watermark, mobile-friendly, stylized sci-fi, pseudo-3D/top-down readable silhouette.",icon_weapon_ai_pulse,4,Silver,AI,7,7,9,161.14,179.62,2,4,1,3,False,Pulse,Energy,SelectedTarget,prefab_weapon_ai_pulse_projectile,False,0,0,False,RapidEnergyVolley,1
weapon_ai_pulse_silver_L05_01,Геометрический импульс,"Серия из 4 красно-пурпурных геометричных импульсов, квадратных или шестигранных. IMG: PNG 512×512, transparent background, centered projectile/VFX sprite, pivot center, no text, no watermark, mobile-friendly, stylized sci-fi, pseudo-3D/top-down readable silhouette.",icon_weapon_ai_pulse,5,Silver,AI,8,8,10,164.13,183.15,2,4,1,3,False,Pulse,Energy,SelectedTarget,prefab_weapon_ai_pulse_projectile,False,0,0,False,RapidEnergyVolley,1
weapon_ai_pulse_silver_L06_01,Геометрический импульс,"Серия из 4 красно-пурпурных геометричных импульсов, квадратных или шестигранных. IMG: PNG 512×512, transparent background, centered projectile/VFX sprite, pivot center, no text, no watermark, mobile-friendly, stylized sci-fi, pseudo-3D/top-down readable silhouette.",icon_weapon_ai_pulse,6,Silver,AI,9,9,11,167.12,186.68,2,4,1,3,False,Pulse,Energy,SelectedTarget,prefab_weapon_ai_pulse_projectile,False,0,0,False,RapidEnergyVolley,1
weapon_ai_pulse_silver_L07_01,Геометрический импульс,"Серия из 4 красно-пурпурных геометричных импульсов, квадратных или шестигранных. IMG: PNG 512×512, transparent background, centered projectile/VFX sprite, pivot center, no text, no watermark, mobile-friendly, stylized sci-fi, pseudo-3D/top-down readable silhouette.",icon_weapon_ai_pulse,7,Silver,AI,10,10,14,170.38,189.95,3,5,1,3,False,Pulse,Energy,SelectedTarget,prefab_weapon_ai_pulse_projectile,False,0,0,False,RapidEnergyVolley,1
weapon_ai_pulse_silver_L08_01,Геометрический импульс,"Серия из 4 красно-пурпурных геометричных импульсов, квадратных или шестигранных. IMG: PNG 512×512, transparent background, centered projectile/VFX sprite, pivot center, no text, no watermark, mobile-friendly, stylized sci-fi, pseudo-3D/top-down readable silhouette.",icon_weapon_ai_pulse,8,Silver,AI,11,11,15,173.37,193.48,3,5,1,3,False,Pulse,Energy,SelectedTarget,prefab_weapon_ai_pulse_projectile,False,0,0,False,RapidEnergyVolley,1
weapon_ai_pulse_silver_L09_01,Геометрический импульс,"Серия из 4 красно-пурпурных геометричных импульсов, квадратных или шестигранных. IMG: PNG 512×512, transparent background, centered projectile/VFX sprite, pivot center, no text, no watermark, mobile-friendly, stylized sci-fi, pseudo-3D/top-down readable silhouette.",icon_weapon_ai_pulse,9,Silver,AI,12,12,16,176.63,196.74,3,5,1,3,False,Pulse,Energy,SelectedTarget,prefab_weapon_ai_pulse_projectile,False,0,0,False,RapidEnergyVolley,1
weapon_ai_pulse_silver_L10_01,Геометрический импульс,"Серия из 4 красно-пурпурных геометричных импульсов, квадратных или шестигранных. IMG: PNG 512×512, transparent background, centered projectile/VFX sprite, pivot center, no text, no watermark, mobile-friendly, stylized sci-fi, pseudo-3D/top-down readable silhouette.",icon_weapon_ai_pulse,10,Silver,AI,13,13,17,179.62,200.27,4,6,1,3,False,Pulse,Energy,SelectedTarget,prefab_weapon_ai_pulse_projectile,False,0,0,False,RapidEnergyVolley,1
weapon_ai_disruptor_silver_L01_01,Дестабилизатор,"Ломанный glitch-разряд magenta/red. Должен ощущаться как цифровой сбой. IMG: PNG 512×512, transparent background, centered projectile/VFX sprite, pivot center, no text, no watermark, mobile-friendly, stylized sci-fi, pseudo-3D/top-down readable silhouette.",icon_weapon_ai_disruptor,1,Silver,AI,4,23,29,138.86,155.16,3,5,2,4,False,Disruptor,Energy,SelectedTarget,prefab_weapon_ai_disruptor_projectile,False,0,0,False,Wave,1
weapon_ai_disruptor_silver_L02_01,Дестабилизатор,"Ломанный glitch-разряд magenta/red. Должен ощущаться как цифровой сбой. IMG: PNG 512×512, transparent background, centered projectile/VFX sprite, pivot center, no text, no watermark, mobile-friendly, stylized sci-fi, pseudo-3D/top-down readable silhouette.",icon_weapon_ai_disruptor,2,Silver,AI,5,28,36,141.85,158.70,3,5,2,4,False,Disruptor,Energy,SelectedTarget,prefab_weapon_ai_disruptor_projectile,False,0,0,False,Wave,1
weapon_ai_disruptor_silver_L03_01,Дестабилизатор,"Ломанный glitch-разряд magenta/red. Должен ощущаться как цифровой сбой. IMG: PNG 512×512, transparent background, centered projectile/VFX sprite, pivot center, no text, no watermark, mobile-friendly, stylized sci-fi, pseudo-3D/top-down readable silhouette.",icon_weapon_ai_disruptor,3,Silver,AI,6,33,41,145.11,161.96,3,5,2,4,False,Disruptor,Energy,SelectedTarget,prefab_weapon_ai_disruptor_projectile,False,0,0,False,Wave,1
weapon_ai_disruptor_silver_L04_01,Дестабилизатор,"Ломанный glitch-разряд magenta/red. Должен ощущаться как цифровой сбой. IMG: PNG 512×512, transparent background, centered projectile/VFX sprite, pivot center, no text, no watermark, mobile-friendly, stylized sci-fi, pseudo-3D/top-down readable silhouette.",icon_weapon_ai_disruptor,4,Silver,AI,7,38,48,148.10,165.49,4,6,2,4,False,Disruptor,Energy,SelectedTarget,prefab_weapon_ai_disruptor_projectile,False,0,0,False,Wave,1
weapon_ai_disruptor_silver_L05_01,Дестабилизатор,"Ломанный glitch-разряд magenta/red. Должен ощущаться как цифровой сбой. IMG: PNG 512×512, transparent background, centered projectile/VFX sprite, pivot center, no text, no watermark, mobile-friendly, stylized sci-fi, pseudo-3D/top-down readable silhouette.",icon_weapon_ai_disruptor,5,Silver,AI,8,44,54,151.36,168.75,4,6,2,4,False,Disruptor,Energy,SelectedTarget,prefab_weapon_ai_disruptor_projectile,False,0,0,False,Wave,1
weapon_ai_disruptor_silver_L06_01,Дестабилизатор,"Ломанный glitch-разряд magenta/red. Должен ощущаться как цифровой сбой. IMG: PNG 512×512, transparent background, centered projectile/VFX sprite, pivot center, no text, no watermark, mobile-friendly, stylized sci-fi, pseudo-3D/top-down readable silhouette.",icon_weapon_ai_disruptor,6,Silver,AI,9,49,61,154.35,172.28,4,6,2,4,False,Disruptor,Energy,SelectedTarget,prefab_weapon_ai_disruptor_projectile,False,0,0,False,Wave,1
weapon_ai_disruptor_silver_L07_01,Дестабилизатор,"Ломанный glitch-разряд magenta/red. Должен ощущаться как цифровой сбой. IMG: PNG 512×512, transparent background, centered projectile/VFX sprite, pivot center, no text, no watermark, mobile-friendly, stylized sci-fi, pseudo-3D/top-down readable silhouette.",icon_weapon_ai_disruptor,7,Silver,AI,10,54,66,157.34,175.82,5,7,2,4,False,Disruptor,Energy,SelectedTarget,prefab_weapon_ai_disruptor_projectile,False,0,0,False,Wave,1
weapon_ai_disruptor_silver_L08_01,Дестабилизатор,"Ломанный glitch-разряд magenta/red. Должен ощущаться как цифровой сбой. IMG: PNG 512×512, transparent background, centered projectile/VFX sprite, pivot center, no text, no watermark, mobile-friendly, stylized sci-fi, pseudo-3D/top-down readable silhouette.",icon_weapon_ai_disruptor,8,Silver,AI,11,59,73,160.60,179.08,5,7,2,4,False,Disruptor,Energy,SelectedTarget,prefab_weapon_ai_disruptor_projectile,False,0,0,False,Wave,1
weapon_ai_disruptor_silver_L09_01,Дестабилизатор,"Ломанный glitch-разряд magenta/red. Должен ощущаться как цифровой сбой. IMG: PNG 512×512, transparent background, centered projectile/VFX sprite, pivot center, no text, no watermark, mobile-friendly, stylized sci-fi, pseudo-3D/top-down readable silhouette.",icon_weapon_ai_disruptor,9,Silver,AI,12,64,80,163.59,182.61,5,7,2,4,False,Disruptor,Energy,SelectedTarget,prefab_weapon_ai_disruptor_projectile,False,0,0,False,Wave,1
weapon_ai_disruptor_silver_L10_01,Дестабилизатор,"Ломанный glitch-разряд magenta/red. Должен ощущаться как цифровой сбой. IMG: PNG 512×512, transparent background, centered projectile/VFX sprite, pivot center, no text, no watermark, mobile-friendly, stylized sci-fi, pseudo-3D/top-down readable silhouette.",icon_weapon_ai_disruptor,10,Silver,AI,13,69,85,166.85,185.87,6,8,2,4,False,Disruptor,Energy,SelectedTarget,prefab_weapon_ai_disruptor_projectile,False,0,0,False,Wave,1
weapon_ai_core_bolt_silver_L01_01,Core Bolt,"Крупное холодное энергетическое ядро AI, летит медленно и геометрично. Должно ощущаться тяжёлым точным зарядом, а не рельсотроном. IMG: PNG 512×512, transparent background, centered projectile/VFX sprite, pivot center, no text, no watermark, mobile-friendly, stylized sci-fi, pseudo-3D/top-down readable silhouette.",icon_weapon_ai_core_bolt,1,Silver,AI,5,30,38,229.35,254.89,4,6,1,3,False,Plasma,Energy,SelectedTarget,prefab_weapon_ai_core_bolt_projectile,False,0,0,False,HeavyProjectile,1
weapon_ai_core_bolt_silver_L02_01,Core Bolt,"Крупное холодное энергетическое ядро AI, летит медленно и геометрично. Должно ощущаться тяжёлым точным зарядом, а не рельсотроном. IMG: PNG 512×512, transparent background, centered projectile/VFX sprite, pivot center, no text, no watermark, mobile-friendly, stylized sci-fi, pseudo-3D/top-down readable silhouette.",icon_weapon_ai_core_bolt,2,Silver,AI,6,36,46,232.34,258.42,4,6,1,3,False,Plasma,Energy,SelectedTarget,prefab_weapon_ai_core_bolt_projectile,False,0,0,False,HeavyProjectile,1
weapon_ai_core_bolt_silver_L03_01,Core Bolt,"Крупное холодное энергетическое ядро AI, летит медленно и геометрично. Должно ощущаться тяжёлым точным зарядом, а не рельсотроном. IMG: PNG 512×512, transparent background, centered projectile/VFX sprite, pivot center, no text, no watermark, mobile-friendly, stylized sci-fi, pseudo-3D/top-down readable silhouette.",icon_weapon_ai_core_bolt,3,Silver,AI,7,44,54,235.33,261.96,4,6,1,3,False,Plasma,Energy,SelectedTarget,prefab_weapon_ai_core_bolt_projectile,False,0,0,False,HeavyProjectile,1
weapon_ai_core_bolt_silver_L04_01,Core Bolt,"Крупное холодное энергетическое ядро AI, летит медленно и геометрично. Должно ощущаться тяжёлым точным зарядом, а не рельсотроном. IMG: PNG 512×512, transparent background, centered projectile/VFX sprite, pivot center, no text, no watermark, mobile-friendly, stylized sci-fi, pseudo-3D/top-down readable silhouette.",icon_weapon_ai_core_bolt,4,Silver,AI,8,50,62,238.59,265.22,5,7,1,3,False,Plasma,Energy,SelectedTarget,prefab_weapon_ai_core_bolt_projectile,False,0,0,False,HeavyProjectile,1
weapon_ai_core_bolt_silver_L05_01,Core Bolt,"Крупное холодное энергетическое ядро AI, летит медленно и геометрично. Должно ощущаться тяжёлым точным зарядом, а не рельсотроном. IMG: PNG 512×512, transparent background, centered projectile/VFX sprite, pivot center, no text, no watermark, mobile-friendly, stylized sci-fi, pseudo-3D/top-down readable silhouette.",icon_weapon_ai_core_bolt,5,Silver,AI,9,57,71,241.58,268.75,5,7,1,3,False,Plasma,Energy,SelectedTarget,prefab_weapon_ai_core_bolt_projectile,False,0,0,False,HeavyProjectile,1
weapon_ai_core_bolt_silver_L06_01,Core Bolt,"Крупное холодное энергетическое ядро AI, летит медленно и геометрично. Должно ощущаться тяжёлым точным зарядом, а не рельсотроном. IMG: PNG 512×512, transparent background, centered projectile/VFX sprite, pivot center, no text, no watermark, mobile-friendly, stylized sci-fi, pseudo-3D/top-down readable silhouette.",icon_weapon_ai_core_bolt,6,Silver,AI,10,63,79,244.57,272.28,5,7,1,3,False,Plasma,Energy,SelectedTarget,prefab_weapon_ai_core_bolt_projectile,False,0,0,False,HeavyProjectile,1
weapon_ai_core_bolt_silver_L07_01,Core Bolt,"Крупное холодное энергетическое ядро AI, летит медленно и геометрично. Должно ощущаться тяжёлым точным зарядом, а не рельсотроном. IMG: PNG 512×512, transparent background, centered projectile/VFX sprite, pivot center, no text, no watermark, mobile-friendly, stylized sci-fi, pseudo-3D/top-down readable silhouette.",icon_weapon_ai_core_bolt,7,Silver,AI,11,71,87,247.83,275.54,6,8,1,3,False,Plasma,Energy,SelectedTarget,prefab_weapon_ai_core_bolt_projectile,False,0,0,False,HeavyProjectile,1
weapon_ai_core_bolt_silver_L08_01,Core Bolt,"Крупное холодное энергетическое ядро AI, летит медленно и геометрично. Должно ощущаться тяжёлым точным зарядом, а не рельсотроном. IMG: PNG 512×512, transparent background, centered projectile/VFX sprite, pivot center, no text, no watermark, mobile-friendly, stylized sci-fi, pseudo-3D/top-down readable silhouette.",icon_weapon_ai_core_bolt,8,Silver,AI,12,77,95,250.82,279.08,6,8,1,3,False,Plasma,Energy,SelectedTarget,prefab_weapon_ai_core_bolt_projectile,False,0,0,False,HeavyProjectile,1
weapon_ai_core_bolt_silver_L09_01,Core Bolt,"Крупное холодное энергетическое ядро AI, летит медленно и геометрично. Должно ощущаться тяжёлым точным зарядом, а не рельсотроном. IMG: PNG 512×512, transparent background, centered projectile/VFX sprite, pivot center, no text, no watermark, mobile-friendly, stylized sci-fi, pseudo-3D/top-down readable silhouette.",icon_weapon_ai_core_bolt,9,Silver,AI,13,84,104,254.08,282.34,6,8,1,3,False,Plasma,Energy,SelectedTarget,prefab_weapon_ai_core_bolt_projectile,False,0,0,False,HeavyProjectile,1
weapon_ai_core_bolt_silver_L10_01,Core Bolt,"Крупное холодное энергетическое ядро AI, летит медленно и геометрично. Должно ощущаться тяжёлым точным зарядом, а не рельсотроном. IMG: PNG 512×512, transparent background, centered projectile/VFX sprite, pivot center, no text, no watermark, mobile-friendly, stylized sci-fi, pseudo-3D/top-down readable silhouette.",icon_weapon_ai_core_bolt,10,Silver,AI,14,90,112,257.07,285.87,7,9,1,3,False,Plasma,Energy,SelectedTarget,prefab_weapon_ai_core_bolt_projectile,False,0,0,False,HeavyProjectile,1
weapon_ai_swarm_missile_silver_L01_01,Рой мини-ракет,"Веер из 5 мини-ракет красного ИИ. Опасен количеством, а не одним большим ударом. IMG: PNG 512×512, transparent background, centered projectile/VFX sprite, pivot center, no text, no watermark, mobile-friendly, stylized sci-fi, pseudo-3D/top-down readable silhouette.",icon_weapon_ai_swarm_missile,1,Silver,AI,6,10,14,190.49,212.23,5,7,4,6,False,Missile,Explosive,SelectedTarget,prefab_weapon_ai_swarm_missile_projectile,True,22,33,False,MissileSwarm,1
weapon_ai_swarm_missile_silver_L02_01,Рой мини-ракет,"Веер из 5 мини-ракет красного ИИ. Опасен количеством, а не одним большим ударом. IMG: PNG 512×512, transparent background, centered projectile/VFX sprite, pivot center, no text, no watermark, mobile-friendly, stylized sci-fi, pseudo-3D/top-down readable silhouette.",icon_weapon_ai_swarm_missile,2,Silver,AI,7,13,17,193.48,215.76,5,7,4,6,False,Missile,Explosive,SelectedTarget,prefab_weapon_ai_swarm_missile_projectile,True,24,36,False,MissileSwarm,1
weapon_ai_swarm_missile_silver_L03_01,Рой мини-ракет,"Веер из 5 мини-ракет красного ИИ. Опасен количеством, а не одним большим ударом. IMG: PNG 512×512, transparent background, centered projectile/VFX sprite, pivot center, no text, no watermark, mobile-friendly, stylized sci-fi, pseudo-3D/top-down readable silhouette.",icon_weapon_ai_swarm_missile,3,Silver,AI,8,15,19,196.74,219.02,5,7,4,6,False,Missile,Explosive,SelectedTarget,prefab_weapon_ai_swarm_missile_projectile,True,26,39,False,MissileSwarm,1
weapon_ai_swarm_missile_silver_L04_01,Рой мини-ракет,"Веер из 5 мини-ракет красного ИИ. Опасен количеством, а не одним большим ударом. IMG: PNG 512×512, transparent background, centered projectile/VFX sprite, pivot center, no text, no watermark, mobile-friendly, stylized sci-fi, pseudo-3D/top-down readable silhouette.",icon_weapon_ai_swarm_missile,4,Silver,AI,9,18,22,199.73,222.55,6,8,4,6,False,Missile,Explosive,SelectedTarget,prefab_weapon_ai_swarm_missile_projectile,True,28,42,False,MissileSwarm,1
weapon_ai_swarm_missile_silver_L05_01,Рой мини-ракет,"Веер из 5 мини-ракет красного ИИ. Опасен количеством, а не одним большим ударом. IMG: PNG 512×512, transparent background, centered projectile/VFX sprite, pivot center, no text, no watermark, mobile-friendly, stylized sci-fi, pseudo-3D/top-down readable silhouette.",icon_weapon_ai_swarm_missile,5,Silver,AI,10,20,26,202.99,225.82,6,8,4,6,False,Missile,Explosive,SelectedTarget,prefab_weapon_ai_swarm_missile_projectile,True,30,45,False,MissileSwarm,1
weapon_ai_swarm_missile_silver_L06_01,Рой мини-ракет,"Веер из 5 мини-ракет красного ИИ. Опасен количеством, а не одним большим ударом. IMG: PNG 512×512, transparent background, centered projectile/VFX sprite, pivot center, no text, no watermark, mobile-friendly, stylized sci-fi, pseudo-3D/top-down readable silhouette.",icon_weapon_ai_swarm_missile,6,Silver,AI,11,22,28,205.98,229.35,6,8,4,6,False,Missile,Explosive,SelectedTarget,prefab_weapon_ai_swarm_missile_projectile,True,32,48,False,MissileSwarm,1
weapon_ai_swarm_missile_silver_L07_01,Рой мини-ракет,"Веер из 5 мини-ракет красного ИИ. Опасен количеством, а не одним большим ударом. IMG: PNG 512×512, transparent background, centered projectile/VFX sprite, pivot center, no text, no watermark, mobile-friendly, stylized sci-fi, pseudo-3D/top-down readable silhouette.",icon_weapon_ai_swarm_missile,7,Silver,AI,12,25,31,208.97,232.88,7,9,4,6,False,Missile,Explosive,SelectedTarget,prefab_weapon_ai_swarm_missile_projectile,True,34,51,False,MissileSwarm,1
weapon_ai_swarm_missile_silver_L08_01,Рой мини-ракет,"Веер из 5 мини-ракет красного ИИ. Опасен количеством, а не одним большим ударом. IMG: PNG 512×512, transparent background, centered projectile/VFX sprite, pivot center, no text, no watermark, mobile-friendly, stylized sci-fi, pseudo-3D/top-down readable silhouette.",icon_weapon_ai_swarm_missile,8,Silver,AI,13,27,33,212.23,236.14,7,9,4,6,False,Missile,Explosive,SelectedTarget,prefab_weapon_ai_swarm_missile_projectile,True,36,54,False,MissileSwarm,1
weapon_ai_swarm_missile_silver_L09_01,Рой мини-ракет,"Веер из 5 мини-ракет красного ИИ. Опасен количеством, а не одним большим ударом. IMG: PNG 512×512, transparent background, centered projectile/VFX sprite, pivot center, no text, no watermark, mobile-friendly, stylized sci-fi, pseudo-3D/top-down readable silhouette.",icon_weapon_ai_swarm_missile,9,Silver,AI,14,29,37,215.22,239.67,7,9,4,6,False,Missile,Explosive,SelectedTarget,prefab_weapon_ai_swarm_missile_projectile,True,38,57,False,MissileSwarm,1
weapon_ai_swarm_missile_silver_L10_01,Рой мини-ракет,"Веер из 5 мини-ракет красного ИИ. Опасен количеством, а не одним большим ударом. IMG: PNG 512×512, transparent background, centered projectile/VFX sprite, pivot center, no text, no watermark, mobile-friendly, stylized sci-fi, pseudo-3D/top-down readable silhouette.",icon_weapon_ai_swarm_missile,10,Silver,AI,15,32,40,218.48,242.93,8,10,4,6,False,Missile,Explosive,SelectedTarget,prefab_weapon_ai_swarm_missile_projectile,True,40,60,False,MissileSwarm,1
weapon_ancient_shard_volley_silver_L01_01,Shard Volley,"Короткая очередь быстрых древних энергетических осколков. Визуально это серия малых зарядов, а не луч: Lance остаётся единственным лучевым семейством Ancients. IMG: PNG 512×512, transparent background, centered projectile/VFX sprite, pivot center, no text, no watermark, mobile-friendly, stylized sci-fi, pseudo-3D/top-down readable silhouette.",icon_weapon_ancients_shard_volley,1,Silver,Ancients,3,37,47,216.30,240.76,7,9,1,1,True,Pulse,Energy,SelectedTarget,prefab_weapon_ancients_shard_volley_projectile,False,0,0,False,RapidEnergyVolley,1
weapon_ancient_shard_volley_silver_L02_01,Shard Volley,"Короткая очередь быстрых древних энергетических осколков. Визуально это серия малых зарядов, а не луч: Lance остаётся единственным лучевым семейством Ancients. IMG: PNG 512×512, transparent background, centered projectile/VFX sprite, pivot center, no text, no watermark, mobile-friendly, stylized sci-fi, pseudo-3D/top-down readable silhouette.",icon_weapon_ancients_shard_volley,2,Silver,Ancients,4,45,57,219.29,244.29,7,9,1,1,True,Pulse,Energy,SelectedTarget,prefab_weapon_ancients_shard_volley_projectile,False,0,0,False,RapidEnergyVolley,1
weapon_ancient_shard_volley_silver_L03_01,Shard Volley,"Короткая очередь быстрых древних энергетических осколков. Визуально это серия малых зарядов, а не луч: Lance остаётся единственным лучевым семейством Ancients. IMG: PNG 512×512, transparent background, centered projectile/VFX sprite, pivot center, no text, no watermark, mobile-friendly, stylized sci-fi, pseudo-3D/top-down readable silhouette.",icon_weapon_ancients_shard_volley,3,Silver,Ancients,5,54,66,222.55,247.55,7,9,1,1,True,Pulse,Energy,SelectedTarget,prefab_weapon_ancients_shard_volley_projectile,False,0,0,False,RapidEnergyVolley,1
weapon_ancient_shard_volley_silver_L04_01,Shard Volley,"Короткая очередь быстрых древних энергетических осколков. Визуально это серия малых зарядов, а не луч: Lance остаётся единственным лучевым семейством Ancients. IMG: PNG 512×512, transparent background, centered projectile/VFX sprite, pivot center, no text, no watermark, mobile-friendly, stylized sci-fi, pseudo-3D/top-down readable silhouette.",icon_weapon_ancients_shard_volley,4,Silver,Ancients,6,63,77,225.54,251.09,8,10,1,1,True,Pulse,Energy,SelectedTarget,prefab_weapon_ancients_shard_volley_projectile,False,0,0,False,RapidEnergyVolley,1
weapon_ancient_shard_volley_silver_L05_01,Shard Volley,"Короткая очередь быстрых древних энергетических осколков. Визуально это серия малых зарядов, а не луч: Lance остаётся единственным лучевым семейством Ancients. IMG: PNG 512×512, transparent background, centered projectile/VFX sprite, pivot center, no text, no watermark, mobile-friendly, stylized sci-fi, pseudo-3D/top-down readable silhouette.",icon_weapon_ancients_shard_volley,5,Silver,Ancients,7,71,87,228.80,254.35,8,10,1,1,True,Pulse,Energy,SelectedTarget,prefab_weapon_ancients_shard_volley_projectile,False,0,0,False,RapidEnergyVolley,1
weapon_ancient_shard_volley_silver_L06_01,Shard Volley,"Короткая очередь быстрых древних энергетических осколков. Визуально это серия малых зарядов, а не луч: Lance остаётся единственным лучевым семейством Ancients. IMG: PNG 512×512, transparent background, centered projectile/VFX sprite, pivot center, no text, no watermark, mobile-friendly, stylized sci-fi, pseudo-3D/top-down readable silhouette.",icon_weapon_ancients_shard_volley,6,Silver,Ancients,8,79,97,231.79,257.88,8,10,1,1,True,Pulse,Energy,SelectedTarget,prefab_weapon_ancients_shard_volley_projectile,False,0,0,False,RapidEnergyVolley,1
weapon_ancient_shard_volley_silver_L07_01,Shard Volley,"Короткая очередь быстрых древних энергетических осколков. Визуально это серия малых зарядов, а не луч: Lance остаётся единственным лучевым семейством Ancients. IMG: PNG 512×512, transparent background, centered projectile/VFX sprite, pivot center, no text, no watermark, mobile-friendly, stylized sci-fi, pseudo-3D/top-down readable silhouette.",icon_weapon_ancients_shard_volley,7,Silver,Ancients,9,87,107,234.78,261.41,9,11,1,1,True,Pulse,Energy,SelectedTarget,prefab_weapon_ancients_shard_volley_projectile,False,0,0,False,RapidEnergyVolley,1
weapon_ancient_shard_volley_silver_L08_01,Shard Volley,"Короткая очередь быстрых древних энергетических осколков. Визуально это серия малых зарядов, а не луч: Lance остаётся единственным лучевым семейством Ancients. IMG: PNG 512×512, transparent background, centered projectile/VFX sprite, pivot center, no text, no watermark, mobile-friendly, stylized sci-fi, pseudo-3D/top-down readable silhouette.",icon_weapon_ancients_shard_volley,8,Silver,Ancients,10,96,118,238.04,264.67,9,11,1,1,True,Pulse,Energy,SelectedTarget,prefab_weapon_ancients_shard_volley_projectile,False,0,0,False,RapidEnergyVolley,1
weapon_ancient_shard_volley_silver_L09_01,Shard Volley,"Короткая очередь быстрых древних энергетических осколков. Визуально это серия малых зарядов, а не луч: Lance остаётся единственным лучевым семейством Ancients. IMG: PNG 512×512, transparent background, centered projectile/VFX sprite, pivot center, no text, no watermark, mobile-friendly, stylized sci-fi, pseudo-3D/top-down readable silhouette.",icon_weapon_ancients_shard_volley,9,Silver,Ancients,11,104,128,241.03,268.21,9,11,1,1,True,Pulse,Energy,SelectedTarget,prefab_weapon_ancients_shard_volley_projectile,False,0,0,False,RapidEnergyVolley,1
weapon_ancient_shard_volley_silver_L10_01,Shard Volley,"Короткая очередь быстрых древних энергетических осколков. Визуально это серия малых зарядов, а не луч: Lance остаётся единственным лучевым семейством Ancients. IMG: PNG 512×512, transparent background, centered projectile/VFX sprite, pivot center, no text, no watermark, mobile-friendly, stylized sci-fi, pseudo-3D/top-down readable silhouette.",icon_weapon_ancients_shard_volley,10,Silver,Ancients,12,112,138,244.29,271.47,10,12,1,1,True,Pulse,Energy,SelectedTarget,prefab_weapon_ancients_shard_volley_projectile,False,0,0,False,RapidEnergyVolley,1
weapon_ancient_plasma_silver_L01_01,Тяжёлая плазма,"Тяжёлый плазменный шар с древним узором внутри. Медленный, но очень мощный. IMG: PNG 512×512, transparent background, centered projectile/VFX sprite, pivot center, no text, no watermark, mobile-friendly, stylized sci-fi, pseudo-3D/top-down readable silhouette.",icon_weapon_ancient_plasma,1,Silver,Ancients,5,49,61,151.63,169.57,8,10,5,7,False,Plasma,Energy,SelectedTarget,prefab_weapon_ancient_plasma_projectile,False,0,0,False,HeavyProjectile,1
weapon_ancient_plasma_silver_L02_01,Тяжёлая плазма,"Тяжёлый плазменный шар с древним узором внутри. Медленный, но очень мощный. IMG: PNG 512×512, transparent background, centered projectile/VFX sprite, pivot center, no text, no watermark, mobile-friendly, stylized sci-fi, pseudo-3D/top-down readable silhouette.",icon_weapon_ancient_plasma,2,Silver,Ancients,6,60,74,154.89,172.83,8,10,5,7,False,Plasma,Energy,SelectedTarget,prefab_weapon_ancient_plasma_projectile,False,0,0,False,HeavyProjectile,1
weapon_ancient_plasma_silver_L03_01,Тяжёлая плазма,"Тяжёлый плазменный шар с древним узором внутри. Медленный, но очень мощный. IMG: PNG 512×512, transparent background, centered projectile/VFX sprite, pivot center, no text, no watermark, mobile-friendly, stylized sci-fi, pseudo-3D/top-down readable silhouette.",icon_weapon_ancient_plasma,3,Silver,Ancients,7,71,87,157.88,176.36,8,10,5,7,False,Plasma,Energy,SelectedTarget,prefab_weapon_ancient_plasma_projectile,False,0,0,False,HeavyProjectile,1
weapon_ancient_plasma_silver_L04_01,Тяжёлая плазма,"Тяжёлый плазменный шар с древним узором внутри. Медленный, но очень мощный. IMG: PNG 512×512, transparent background, centered projectile/VFX sprite, pivot center, no text, no watermark, mobile-friendly, stylized sci-fi, pseudo-3D/top-down readable silhouette.",icon_weapon_ancient_plasma,4,Silver,Ancients,8,81,101,161.14,179.62,9,11,5,7,False,Plasma,Energy,SelectedTarget,prefab_weapon_ancient_plasma_projectile,False,0,0,False,HeavyProjectile,1
weapon_ancient_plasma_silver_L05_01,Тяжёлая плазма,"Тяжёлый плазменный шар с древним узором внутри. Медленный, но очень мощный. IMG: PNG 512×512, transparent background, centered projectile/VFX sprite, pivot center, no text, no watermark, mobile-friendly, stylized sci-fi, pseudo-3D/top-down readable silhouette.",icon_weapon_ancient_plasma,5,Silver,Ancients,9,92,114,164.13,183.15,9,11,4,6,False,Plasma,Energy,SelectedTarget,prefab_weapon_ancient_plasma_projectile,False,0,0,False,HeavyProjectile,1
weapon_ancient_plasma_silver_L06_01,Тяжёлая плазма,"Тяжёлый плазменный шар с древним узором внутри. Медленный, но очень мощный. IMG: PNG 512×512, transparent background, centered projectile/VFX sprite, pivot center, no text, no watermark, mobile-friendly, stylized sci-fi, pseudo-3D/top-down readable silhouette.",icon_weapon_ancient_plasma,6,Silver,Ancients,10,104,128,167.12,186.68,9,11,4,6,False,Plasma,Energy,SelectedTarget,prefab_weapon_ancient_plasma_projectile,False,0,0,False,HeavyProjectile,1
weapon_ancient_plasma_silver_L07_01,Тяжёлая плазма,"Тяжёлый плазменный шар с древним узором внутри. Медленный, но очень мощный. IMG: PNG 512×512, transparent background, centered projectile/VFX sprite, pivot center, no text, no watermark, mobile-friendly, stylized sci-fi, pseudo-3D/top-down readable silhouette.",icon_weapon_ancient_plasma,7,Silver,Ancients,11,115,141,170.38,189.95,10,12,4,6,False,Plasma,Energy,SelectedTarget,prefab_weapon_ancient_plasma_projectile,False,0,0,False,HeavyProjectile,1
weapon_ancient_plasma_silver_L08_01,Тяжёлая плазма,"Тяжёлый плазменный шар с древним узором внутри. Медленный, но очень мощный. IMG: PNG 512×512, transparent background, centered projectile/VFX sprite, pivot center, no text, no watermark, mobile-friendly, stylized sci-fi, pseudo-3D/top-down readable silhouette.",icon_weapon_ancient_plasma,8,Silver,Ancients,12,126,154,173.37,193.48,10,12,4,6,False,Plasma,Energy,SelectedTarget,prefab_weapon_ancient_plasma_projectile,False,0,0,False,HeavyProjectile,1
weapon_ancient_plasma_silver_L09_01,Тяжёлая плазма,"Тяжёлый плазменный шар с древним узором внутри. Медленный, но очень мощный. IMG: PNG 512×512, transparent background, centered projectile/VFX sprite, pivot center, no text, no watermark, mobile-friendly, stylized sci-fi, pseudo-3D/top-down readable silhouette.",icon_weapon_ancient_plasma,9,Silver,Ancients,13,136,168,176.63,196.74,10,12,4,6,False,Plasma,Energy,SelectedTarget,prefab_weapon_ancient_plasma_projectile,False,0,0,False,HeavyProjectile,1
weapon_ancient_plasma_silver_L10_01,Тяжёлая плазма,"Тяжёлый плазменный шар с древним узором внутри. Медленный, но очень мощный. IMG: PNG 512×512, transparent background, centered projectile/VFX sprite, pivot center, no text, no watermark, mobile-friendly, stylized sci-fi, pseudo-3D/top-down readable silhouette.",icon_weapon_ancient_plasma,10,Silver,Ancients,14,147,181,179.62,200.27,11,13,4,6,False,Plasma,Energy,SelectedTarget,prefab_weapon_ancient_plasma_projectile,False,0,0,False,HeavyProjectile,1
weapon_ancient_lance_silver_L01_01,Энергетическое копьё,"Концентрированный золотой луч-копьё Ancients: мощная прямая световая линия от оружия до цели. Должен читаться как Beam, не как летящий снаряд. IMG: no bitmap projectile required for Beam runtime; fallback icon only, transparent background, no text, no watermark, mobile-friendly, stylized sci-fi.",icon_weapon_ancient_lance,1,Silver,Ancients,5,43,53,242.12,269.29,7,9,1,1,True,Lance,Energy,SelectedTarget,prefab_weapon_ancient_lance_projectile,False,0,0,False,Beam,5
weapon_ancient_lance_silver_L02_01,Энергетическое копьё,"Концентрированный золотой луч-копьё Ancients: мощная прямая световая линия от оружия до цели. Должен читаться как Beam, не как летящий снаряд. IMG: no bitmap projectile required for Beam runtime; fallback icon only, transparent background, no text, no watermark, mobile-friendly, stylized sci-fi.",icon_weapon_ancient_lance,2,Silver,Ancients,6,53,65,245.11,272.83,7,9,1,1,True,Lance,Energy,SelectedTarget,prefab_weapon_ancient_lance_projectile,False,0,0,False,Beam,5
weapon_ancient_lance_silver_L03_01,Энергетическое копьё,"Концентрированный золотой луч-копьё Ancients: мощная прямая световая линия от оружия до цели. Должен читаться как Beam, не как летящий снаряд. IMG: no bitmap projectile required for Beam runtime; fallback icon only, transparent background, no text, no watermark, mobile-friendly, stylized sci-fi.",icon_weapon_ancient_lance,3,Silver,Ancients,7,62,76,248.37,276.09,7,9,1,1,True,Lance,Energy,SelectedTarget,prefab_weapon_ancient_lance_projectile,False,0,0,False,Beam,5
weapon_ancient_lance_silver_L04_01,Энергетическое копьё,"Концентрированный золотой луч-копьё Ancients: мощная прямая световая линия от оружия до цели. Должен читаться как Beam, не как летящий снаряд. IMG: no bitmap projectile required for Beam runtime; fallback icon only, transparent background, no text, no watermark, mobile-friendly, stylized sci-fi.",icon_weapon_ancient_lance,4,Silver,Ancients,8,72,88,251.36,279.62,8,10,1,1,True,Lance,Energy,SelectedTarget,prefab_weapon_ancient_lance_projectile,False,0,0,False,Beam,5
weapon_ancient_lance_silver_L05_01,Энергетическое копьё,"Концентрированный золотой луч-копьё Ancients: мощная прямая световая линия от оружия до цели. Должен читаться как Beam, не как летящий снаряд. IMG: no bitmap projectile required for Beam runtime; fallback icon only, transparent background, no text, no watermark, mobile-friendly, stylized sci-fi.",icon_weapon_ancient_lance,5,Silver,Ancients,9,81,100,254.62,282.88,8,10,1,1,True,Lance,Energy,SelectedTarget,prefab_weapon_ancient_lance_projectile,False,0,0,False,Beam,5
weapon_ancient_lance_silver_L06_01,Энергетическое копьё,"Концентрированный золотой луч-копьё Ancients: мощная прямая световая линия от оружия до цели. Должен читаться как Beam, не как летящий снаряд. IMG: no bitmap projectile required for Beam runtime; fallback icon only, transparent background, no text, no watermark, mobile-friendly, stylized sci-fi.",icon_weapon_ancient_lance,6,Silver,Ancients,10,90,112,257.61,286.41,8,10,1,1,True,Lance,Energy,SelectedTarget,prefab_weapon_ancient_lance_projectile,False,0,0,False,Beam,5
weapon_ancient_lance_silver_L07_01,Энергетическое копьё,"Концентрированный золотой луч-копьё Ancients: мощная прямая световая линия от оружия до цели. Должен читаться как Beam, не как летящий снаряд. IMG: no bitmap projectile required for Beam runtime; fallback icon only, transparent background, no text, no watermark, mobile-friendly, stylized sci-fi.",icon_weapon_ancient_lance,7,Silver,Ancients,11,99,123,260.60,289.95,9,11,1,1,True,Lance,Energy,SelectedTarget,prefab_weapon_ancient_lance_projectile,False,0,0,False,Beam,5
weapon_ancient_lance_silver_L08_01,Энергетическое копьё,"Концентрированный золотой луч-копьё Ancients: мощная прямая световая линия от оружия до цели. Должен читаться как Beam, не как летящий снаряд. IMG: no bitmap projectile required for Beam runtime; fallback icon only, transparent background, no text, no watermark, mobile-friendly, stylized sci-fi.",icon_weapon_ancient_lance,8,Silver,Ancients,12,109,135,263.86,293.21,9,11,1,1,True,Lance,Energy,SelectedTarget,prefab_weapon_ancient_lance_projectile,False,0,0,False,Beam,5
weapon_ancient_lance_silver_L09_01,Энергетическое копьё,"Концентрированный золотой луч-копьё Ancients: мощная прямая световая линия от оружия до цели. Должен читаться как Beam, не как летящий снаряд. IMG: no bitmap projectile required for Beam runtime; fallback icon only, transparent background, no text, no watermark, mobile-friendly, stylized sci-fi.",icon_weapon_ancient_lance,9,Silver,Ancients,13,118,146,266.85,296.74,9,11,1,1,True,Lance,Energy,SelectedTarget,prefab_weapon_ancient_lance_projectile,False,0,0,False,Beam,5
weapon_ancient_lance_silver_L10_01,Энергетическое копьё,"Концентрированный золотой луч-копьё Ancients: мощная прямая световая линия от оружия до цели. Должен читаться как Beam, не как летящий снаряд. IMG: no bitmap projectile required for Beam runtime; fallback icon only, transparent background, no text, no watermark, mobile-friendly, stylized sci-fi.",icon_weapon_ancient_lance,10,Silver,Ancients,14,128,158,270.11,300.00,10,12,1,1,True,Lance,Energy,SelectedTarget,prefab_weapon_ancient_lance_projectile,False,0,0,False,Beam,5
weapon_ancient_orb_silver_L01_01,Орбитальная сфера,"Сфера с вращающимся кольцом вокруг. Более “магическая” и технологичная, чем обычная плазма. IMG: PNG 512×512, transparent background, centered projectile/VFX sprite, pivot center, no text, no watermark, mobile-friendly, stylized sci-fi, pseudo-3D/top-down readable silhouette.",icon_weapon_ancient_orb,1,Silver,Ancients,6,32,40,164.67,183.70,6,8,3,5,False,Orb,Energy,SelectedTarget,prefab_weapon_ancient_orb_projectile,False,0,0,False,MissileSwarm,1
weapon_ancient_orb_silver_L02_01,Орбитальная сфера,"Сфера с вращающимся кольцом вокруг. Более “магическая” и технологичная, чем обычная плазма. IMG: PNG 512×512, transparent background, centered projectile/VFX sprite, pivot center, no text, no watermark, mobile-friendly, stylized sci-fi, pseudo-3D/top-down readable silhouette.",icon_weapon_ancient_orb,2,Silver,Ancients,7,39,49,167.66,187.23,6,8,3,5,False,Orb,Energy,SelectedTarget,prefab_weapon_ancient_orb_projectile,False,0,0,False,MissileSwarm,1
weapon_ancient_orb_silver_L03_01,Орбитальная сфера,"Сфера с вращающимся кольцом вокруг. Более “магическая” и технологичная, чем обычная плазма. IMG: PNG 512×512, transparent background, centered projectile/VFX sprite, pivot center, no text, no watermark, mobile-friendly, stylized sci-fi, pseudo-3D/top-down readable silhouette.",icon_weapon_ancient_orb,3,Silver,Ancients,8,46,58,170.92,190.49,6,8,3,5,False,Orb,Energy,SelectedTarget,prefab_weapon_ancient_orb_projectile,False,0,0,False,MissileSwarm,1
weapon_ancient_orb_silver_L04_01,Орбитальная сфера,"Сфера с вращающимся кольцом вокруг. Более “магическая” и технологичная, чем обычная плазма. IMG: PNG 512×512, transparent background, centered projectile/VFX sprite, pivot center, no text, no watermark, mobile-friendly, stylized sci-fi, pseudo-3D/top-down readable silhouette.",icon_weapon_ancient_orb,4,Silver,Ancients,9,54,66,173.91,194.02,7,9,3,5,False,Orb,Energy,SelectedTarget,prefab_weapon_ancient_orb_projectile,False,0,0,False,MissileSwarm,1
weapon_ancient_orb_silver_L05_01,Орбитальная сфера,"Сфера с вращающимся кольцом вокруг. Более “магическая” и технологичная, чем обычная плазма. IMG: PNG 512×512, transparent background, centered projectile/VFX sprite, pivot center, no text, no watermark, mobile-friendly, stylized sci-fi, pseudo-3D/top-down readable silhouette.",icon_weapon_ancient_orb,5,Silver,Ancients,10,61,75,177.17,197.28,7,9,3,5,False,Orb,Energy,SelectedTarget,prefab_weapon_ancient_orb_projectile,False,0,0,False,MissileSwarm,1
weapon_ancient_orb_silver_L06_01,Орбитальная сфера,"Сфера с вращающимся кольцом вокруг. Более “магическая” и технологичная, чем обычная плазма. IMG: PNG 512×512, transparent background, centered projectile/VFX sprite, pivot center, no text, no watermark, mobile-friendly, stylized sci-fi, pseudo-3D/top-down readable silhouette.",icon_weapon_ancient_orb,6,Silver,Ancients,11,68,84,180.16,200.82,7,9,3,5,False,Orb,Energy,SelectedTarget,prefab_weapon_ancient_orb_projectile,False,0,0,False,MissileSwarm,1
weapon_ancient_orb_silver_L07_01,Орбитальная сфера,"Сфера с вращающимся кольцом вокруг. Более “магическая” и технологичная, чем обычная плазма. IMG: PNG 512×512, transparent background, centered projectile/VFX sprite, pivot center, no text, no watermark, mobile-friendly, stylized sci-fi, pseudo-3D/top-down readable silhouette.",icon_weapon_ancient_orb,7,Silver,Ancients,12,75,93,183.15,204.35,8,10,3,5,False,Orb,Energy,SelectedTarget,prefab_weapon_ancient_orb_projectile,False,0,0,False,MissileSwarm,1
weapon_ancient_orb_silver_L08_01,Орбитальная сфера,"Сфера с вращающимся кольцом вокруг. Более “магическая” и технологичная, чем обычная плазма. IMG: PNG 512×512, transparent background, centered projectile/VFX sprite, pivot center, no text, no watermark, mobile-friendly, stylized sci-fi, pseudo-3D/top-down readable silhouette.",icon_weapon_ancient_orb,8,Silver,Ancients,13,81,101,186.41,207.61,8,10,3,5,False,Orb,Energy,SelectedTarget,prefab_weapon_ancient_orb_projectile,False,0,0,False,MissileSwarm,1
weapon_ancient_orb_silver_L09_01,Орбитальная сфера,"Сфера с вращающимся кольцом вокруг. Более “магическая” и технологичная, чем обычная плазма. IMG: PNG 512×512, transparent background, centered projectile/VFX sprite, pivot center, no text, no watermark, mobile-friendly, stylized sci-fi, pseudo-3D/top-down readable silhouette.",icon_weapon_ancient_orb,9,Silver,Ancients,14,89,109,189.40,211.14,8,10,3,5,False,Orb,Energy,SelectedTarget,prefab_weapon_ancient_orb_projectile,False,0,0,False,MissileSwarm,1
weapon_ancient_orb_silver_L10_01,Орбитальная сфера,"Сфера с вращающимся кольцом вокруг. Более “магическая” и технологичная, чем обычная плазма. IMG: PNG 512×512, transparent background, centered projectile/VFX sprite, pivot center, no text, no watermark, mobile-friendly, stylized sci-fi, pseudo-3D/top-down readable silhouette.",icon_weapon_ancient_orb,10,Silver,Ancients,15,96,118,192.66,214.40,9,11,3,5,False,Orb,Energy,SelectedTarget,prefab_weapon_ancient_orb_projectile,False,0,0,False,MissileSwarm,1
weapon_ancient_singularity_silver_L01_01,Сингулярность,"Тёмное ядро с красно-фиолетовым искажением вокруг. Самое тяжёлое и редкое оружие древних. IMG: PNG 512×512, transparent background, centered projectile/VFX sprite, pivot center, no text, no watermark, mobile-friendly, stylized sci-fi, pseudo-3D/top-down readable silhouette.",icon_weapon_ancient_singularity,1,Silver,Ancients,7,63,77,138.86,155.16,9,11,6,8,False,Singularity,Gravity,SelectedTarget,prefab_weapon_ancient_singularity_projectile,False,0,0,False,Wave,1
weapon_ancient_singularity_silver_L02_01,Сингулярность,"Тёмное ядро с красно-фиолетовым искажением вокруг. Самое тяжёлое и редкое оружие древних. IMG: PNG 512×512, transparent background, centered projectile/VFX sprite, pivot center, no text, no watermark, mobile-friendly, stylized sci-fi, pseudo-3D/top-down readable silhouette.",icon_weapon_ancient_singularity,2,Silver,Ancients,8,76,94,141.85,158.70,9,11,5,7,False,Singularity,Gravity,SelectedTarget,prefab_weapon_ancient_singularity_projectile,False,0,0,False,Wave,1
weapon_ancient_singularity_silver_L03_01,Сингулярность,"Тёмное ядро с красно-фиолетовым искажением вокруг. Самое тяжёлое и редкое оружие древних. IMG: PNG 512×512, transparent background, centered projectile/VFX sprite, pivot center, no text, no watermark, mobile-friendly, stylized sci-fi, pseudo-3D/top-down readable silhouette.",icon_weapon_ancient_singularity,3,Silver,Ancients,9,90,112,145.11,161.96,9,11,5,7,False,Singularity,Gravity,SelectedTarget,prefab_weapon_ancient_singularity_projectile,False,0,0,False,Wave,1
weapon_ancient_singularity_silver_L04_01,Сингулярность,"Тёмное ядро с красно-фиолетовым искажением вокруг. Самое тяжёлое и редкое оружие древних. IMG: PNG 512×512, transparent background, centered projectile/VFX sprite, pivot center, no text, no watermark, mobile-friendly, stylized sci-fi, pseudo-3D/top-down readable silhouette.",icon_weapon_ancient_singularity,4,Silver,Ancients,10,104,128,148.10,165.49,10,12,5,7,False,Singularity,Gravity,SelectedTarget,prefab_weapon_ancient_singularity_projectile,False,0,0,False,Wave,1
weapon_ancient_singularity_silver_L05_01,Сингулярность,"Тёмное ядро с красно-фиолетовым искажением вокруг. Самое тяжёлое и редкое оружие древних. IMG: PNG 512×512, transparent background, centered projectile/VFX sprite, pivot center, no text, no watermark, mobile-friendly, stylized sci-fi, pseudo-3D/top-down readable silhouette.",icon_weapon_ancient_singularity,5,Silver,Ancients,11,118,146,151.36,168.75,10,12,5,7,False,Singularity,Gravity,SelectedTarget,prefab_weapon_ancient_singularity_projectile,False,0,0,False,Wave,1
weapon_ancient_singularity_silver_L06_01,Сингулярность,"Тёмное ядро с красно-фиолетовым искажением вокруг. Самое тяжёлое и редкое оружие древних. IMG: PNG 512×512, transparent background, centered projectile/VFX sprite, pivot center, no text, no watermark, mobile-friendly, stylized sci-fi, pseudo-3D/top-down readable silhouette.",icon_weapon_ancient_singularity,6,Silver,Ancients,12,132,162,154.35,172.28,10,12,5,7,False,Singularity,Gravity,SelectedTarget,prefab_weapon_ancient_singularity_projectile,False,0,0,False,Wave,1
weapon_ancient_singularity_silver_L07_01,Сингулярность,"Тёмное ядро с красно-фиолетовым искажением вокруг. Самое тяжёлое и редкое оружие древних. IMG: PNG 512×512, transparent background, centered projectile/VFX sprite, pivot center, no text, no watermark, mobile-friendly, stylized sci-fi, pseudo-3D/top-down readable silhouette.",icon_weapon_ancient_singularity,7,Silver,Ancients,13,145,179,157.34,175.82,11,13,5,7,False,Singularity,Gravity,SelectedTarget,prefab_weapon_ancient_singularity_projectile,False,0,0,False,Wave,1
weapon_ancient_singularity_silver_L08_01,Сингулярность,"Тёмное ядро с красно-фиолетовым искажением вокруг. Самое тяжёлое и редкое оружие древних. IMG: PNG 512×512, transparent background, centered projectile/VFX sprite, pivot center, no text, no watermark, mobile-friendly, stylized sci-fi, pseudo-3D/top-down readable silhouette.",icon_weapon_ancient_singularity,8,Silver,Ancients,14,160,196,160.60,179.08,11,13,5,7,False,Singularity,Gravity,SelectedTarget,prefab_weapon_ancient_singularity_projectile,False,0,0,False,Wave,1
weapon_ancient_singularity_silver_L09_01,Сингулярность,"Тёмное ядро с красно-фиолетовым искажением вокруг. Самое тяжёлое и редкое оружие древних. IMG: PNG 512×512, transparent background, centered projectile/VFX sprite, pivot center, no text, no watermark, mobile-friendly, stylized sci-fi, pseudo-3D/top-down readable silhouette.",icon_weapon_ancient_singularity,9,Silver,Ancients,15,173,213,163.59,182.61,11,13,5,7,False,Singularity,Gravity,SelectedTarget,prefab_weapon_ancient_singularity_projectile,False,0,0,False,Wave,1
weapon_ancient_singularity_silver_L10_01,Сингулярность,"Тёмное ядро с красно-фиолетовым искажением вокруг. Самое тяжёлое и редкое оружие древних. IMG: PNG 512×512, transparent background, centered projectile/VFX sprite, pivot center, no text, no watermark, mobile-friendly, stylized sci-fi, pseudo-3D/top-down readable silhouette.",icon_weapon_ancient_singularity,10,Silver,Ancients,16,188,230,166.85,185.87,12,14,5,7,False,Singularity,Gravity,SelectedTarget,prefab_weapon_ancient_singularity_projectile,False,0,0,False,Wave,1
weapon_infected_spore_silver_L01_01,Споровый залп,"Облако из 5–6 спор dark red/toxic green. Не выглядит как техника, а как заражённая биомасса. IMG: PNG 512×512, transparent background, centered projectile/VFX sprite, pivot center, no text, no watermark, mobile-friendly, stylized sci-fi, pseudo-3D/top-down readable silhouette.",icon_weapon_infected_spore,1,Silver,Infected,4,3,5,125.82,141.03,0,2,4,6,False,Spore,Biological,SelectedTarget,prefab_weapon_infected_spore_projectile,False,0,0,False,Wave,1
weapon_infected_spore_silver_L02_01,Споровый залп,"Облако из 5–6 спор dark red/toxic green. Не выглядит как техника, а как заражённая биомасса. IMG: PNG 512×512, transparent background, centered projectile/VFX sprite, pivot center, no text, no watermark, mobile-friendly, stylized sci-fi, pseudo-3D/top-down readable silhouette.",icon_weapon_infected_spore,2,Silver,Infected,5,4,6,129.08,144.29,0,2,4,6,False,Spore,Biological,SelectedTarget,prefab_weapon_infected_spore_projectile,False,0,0,False,Wave,1
weapon_infected_spore_silver_L03_01,Споровый залп,"Облако из 5–6 спор dark red/toxic green. Не выглядит как техника, а как заражённая биомасса. IMG: PNG 512×512, transparent background, centered projectile/VFX sprite, pivot center, no text, no watermark, mobile-friendly, stylized sci-fi, pseudo-3D/top-down readable silhouette.",icon_weapon_infected_spore,3,Silver,Infected,6,5,7,132.07,147.83,0,2,4,6,False,Spore,Biological,SelectedTarget,prefab_weapon_infected_spore_projectile,False,0,0,False,Wave,1
weapon_infected_spore_silver_L04_01,Споровый залп,"Облако из 5–6 спор dark red/toxic green. Не выглядит как техника, а как заражённая биомасса. IMG: PNG 512×512, transparent background, centered projectile/VFX sprite, pivot center, no text, no watermark, mobile-friendly, stylized sci-fi, pseudo-3D/top-down readable silhouette.",icon_weapon_infected_spore,4,Silver,Infected,7,6,8,135.33,151.09,1,3,4,6,False,Spore,Biological,SelectedTarget,prefab_weapon_infected_spore_projectile,False,0,0,False,Wave,1
weapon_infected_spore_silver_L05_01,Споровый залп,"Облако из 5–6 спор dark red/toxic green. Не выглядит как техника, а как заражённая биомасса. IMG: PNG 512×512, transparent background, centered projectile/VFX sprite, pivot center, no text, no watermark, mobile-friendly, stylized sci-fi, pseudo-3D/top-down readable silhouette.",icon_weapon_infected_spore,5,Silver,Infected,8,7,9,138.32,154.62,1,3,4,6,False,Spore,Biological,SelectedTarget,prefab_weapon_infected_spore_projectile,False,0,0,False,Wave,1
weapon_infected_spore_silver_L06_01,Споровый залп,"Облако из 5–6 спор dark red/toxic green. Не выглядит как техника, а как заражённая биомасса. IMG: PNG 512×512, transparent background, centered projectile/VFX sprite, pivot center, no text, no watermark, mobile-friendly, stylized sci-fi, pseudo-3D/top-down readable silhouette.",icon_weapon_infected_spore,6,Silver,Infected,9,7,9,141.30,158.15,1,3,4,6,False,Spore,Biological,SelectedTarget,prefab_weapon_infected_spore_projectile,False,0,0,False,Wave,1
weapon_infected_spore_silver_L07_01,Споровый залп,"Облако из 5–6 спор dark red/toxic green. Не выглядит как техника, а как заражённая биомасса. IMG: PNG 512×512, transparent background, centered projectile/VFX sprite, pivot center, no text, no watermark, mobile-friendly, stylized sci-fi, pseudo-3D/top-down readable silhouette.",icon_weapon_infected_spore,7,Silver,Infected,10,8,10,144.57,161.41,2,4,4,6,False,Spore,Biological,SelectedTarget,prefab_weapon_infected_spore_projectile,False,0,0,False,Wave,1
weapon_infected_spore_silver_L08_01,Споровый залп,"Облако из 5–6 спор dark red/toxic green. Не выглядит как техника, а как заражённая биомасса. IMG: PNG 512×512, transparent background, centered projectile/VFX sprite, pivot center, no text, no watermark, mobile-friendly, stylized sci-fi, pseudo-3D/top-down readable silhouette.",icon_weapon_infected_spore,8,Silver,Infected,11,9,11,147.55,164.95,2,4,4,6,False,Spore,Biological,SelectedTarget,prefab_weapon_infected_spore_projectile,False,0,0,False,Wave,1
weapon_infected_spore_silver_L09_01,Споровый залп,"Облако из 5–6 спор dark red/toxic green. Не выглядит как техника, а как заражённая биомасса. IMG: PNG 512×512, transparent background, centered projectile/VFX sprite, pivot center, no text, no watermark, mobile-friendly, stylized sci-fi, pseudo-3D/top-down readable silhouette.",icon_weapon_infected_spore,9,Silver,Infected,12,9,13,150.82,168.21,2,4,4,6,False,Spore,Biological,SelectedTarget,prefab_weapon_infected_spore_projectile,False,0,0,False,Wave,1
weapon_infected_spore_silver_L10_01,Споровый залп,"Облако из 5–6 спор dark red/toxic green. Не выглядит как техника, а как заражённая биомасса. IMG: PNG 512×512, transparent background, centered projectile/VFX sprite, pivot center, no text, no watermark, mobile-friendly, stylized sci-fi, pseudo-3D/top-down readable silhouette.",icon_weapon_infected_spore,10,Silver,Infected,13,10,14,153.80,171.74,3,5,3,5,False,Spore,Biological,SelectedTarget,prefab_weapon_infected_spore_projectile,False,0,0,False,Wave,1
weapon_infected_acid_silver_L01_01,Кислотный плевок,"Вязкий кислотный комок с тянущимся следом. IMG: PNG 512×512, transparent background, centered projectile/VFX sprite, pivot center, no text, no watermark, mobile-friendly, stylized sci-fi, pseudo-3D/top-down readable silhouette.",icon_weapon_infected_acid,1,Silver,Infected,4,16,20,113.04,126.63,1,3,3,5,False,Acid,Corrosive,SelectedTarget,prefab_weapon_infected_acid_projectile,False,0,0,False,HeavyProjectile,1
weapon_infected_acid_silver_L02_01,Кислотный плевок,"Вязкий кислотный комок с тянущимся следом. IMG: PNG 512×512, transparent background, centered projectile/VFX sprite, pivot center, no text, no watermark, mobile-friendly, stylized sci-fi, pseudo-3D/top-down readable silhouette.",icon_weapon_infected_acid,2,Silver,Infected,5,19,25,116.03,130.16,1,3,3,5,False,Acid,Corrosive,SelectedTarget,prefab_weapon_infected_acid_projectile,False,0,0,False,HeavyProjectile,1
weapon_infected_acid_silver_L03_01,Кислотный плевок,"Вязкий кислотный комок с тянущимся следом. IMG: PNG 512×512, transparent background, centered projectile/VFX sprite, pivot center, no text, no watermark, mobile-friendly, stylized sci-fi, pseudo-3D/top-down readable silhouette.",icon_weapon_infected_acid,3,Silver,Infected,6,23,29,119.29,133.42,1,3,3,5,False,Acid,Corrosive,SelectedTarget,prefab_weapon_infected_acid_projectile,False,0,0,False,HeavyProjectile,1
weapon_infected_acid_silver_L04_01,Кислотный плевок,"Вязкий кислотный комок с тянущимся следом. IMG: PNG 512×512, transparent background, centered projectile/VFX sprite, pivot center, no text, no watermark, mobile-friendly, stylized sci-fi, pseudo-3D/top-down readable silhouette.",icon_weapon_infected_acid,4,Silver,Infected,7,27,33,122.28,136.96,2,4,3,5,False,Acid,Corrosive,SelectedTarget,prefab_weapon_infected_acid_projectile,False,0,0,False,HeavyProjectile,1
weapon_infected_acid_silver_L05_01,Кислотный плевок,"Вязкий кислотный комок с тянущимся следом. IMG: PNG 512×512, transparent background, centered projectile/VFX sprite, pivot center, no text, no watermark, mobile-friendly, stylized sci-fi, pseudo-3D/top-down readable silhouette.",icon_weapon_infected_acid,5,Silver,Infected,8,30,38,125.54,140.22,2,4,3,5,False,Acid,Corrosive,SelectedTarget,prefab_weapon_infected_acid_projectile,False,0,0,False,HeavyProjectile,1
weapon_infected_acid_silver_L06_01,Кислотный плевок,"Вязкий кислотный комок с тянущимся следом. IMG: PNG 512×512, transparent background, centered projectile/VFX sprite, pivot center, no text, no watermark, mobile-friendly, stylized sci-fi, pseudo-3D/top-down readable silhouette.",icon_weapon_infected_acid,6,Silver,Infected,9,34,42,128.53,143.75,2,4,3,5,False,Acid,Corrosive,SelectedTarget,prefab_weapon_infected_acid_projectile,False,0,0,False,HeavyProjectile,1
weapon_infected_acid_silver_L07_01,Кислотный плевок,"Вязкий кислотный комок с тянущимся следом. IMG: PNG 512×512, transparent background, centered projectile/VFX sprite, pivot center, no text, no watermark, mobile-friendly, stylized sci-fi, pseudo-3D/top-down readable silhouette.",icon_weapon_infected_acid,7,Silver,Infected,10,37,47,131.52,147.28,3,5,3,5,False,Acid,Corrosive,SelectedTarget,prefab_weapon_infected_acid_projectile,False,0,0,False,HeavyProjectile,1
weapon_infected_acid_silver_L08_01,Кислотный плевок,"Вязкий кислотный комок с тянущимся следом. IMG: PNG 512×512, transparent background, centered projectile/VFX sprite, pivot center, no text, no watermark, mobile-friendly, stylized sci-fi, pseudo-3D/top-down readable silhouette.",icon_weapon_infected_acid,8,Silver,Infected,11,41,51,134.78,150.54,3,5,3,5,False,Acid,Corrosive,SelectedTarget,prefab_weapon_infected_acid_projectile,False,0,0,False,HeavyProjectile,1
weapon_infected_acid_silver_L09_01,Кислотный плевок,"Вязкий кислотный комок с тянущимся следом. IMG: PNG 512×512, transparent background, centered projectile/VFX sprite, pivot center, no text, no watermark, mobile-friendly, stylized sci-fi, pseudo-3D/top-down readable silhouette.",icon_weapon_infected_acid,9,Silver,Infected,12,45,56,137.77,154.08,3,5,3,5,False,Acid,Corrosive,SelectedTarget,prefab_weapon_infected_acid_projectile,False,0,0,False,HeavyProjectile,1
weapon_infected_acid_silver_L10_01,Кислотный плевок,"Вязкий кислотный комок с тянущимся следом. IMG: PNG 512×512, transparent background, centered projectile/VFX sprite, pivot center, no text, no watermark, mobile-friendly, stylized sci-fi, pseudo-3D/top-down readable silhouette.",icon_weapon_infected_acid,10,Silver,Infected,13,48,60,141.03,157.34,4,6,3,5,False,Acid,Corrosive,SelectedTarget,prefab_weapon_infected_acid_projectile,False,0,0,False,HeavyProjectile,1
weapon_infected_swarm_silver_L01_01,Биорой,"Плотный рой из 8 мелких живых частиц. Должен читаться как агрессивная масса. IMG: PNG 512×512, transparent background, centered projectile/VFX sprite, pivot center, no text, no watermark, mobile-friendly, stylized sci-fi, pseudo-3D/top-down readable silhouette.",icon_weapon_infected_swarm,1,Silver,Infected,6,4,6,138.86,155.16,2,4,3,5,False,Swarm,Biological,SelectedTarget,prefab_weapon_infected_swarm_projectile,False,0,0,False,MissileSwarm,1
weapon_infected_swarm_silver_L02_01,Биорой,"Плотный рой из 8 мелких живых частиц. Должен читаться как агрессивная масса. IMG: PNG 512×512, transparent background, centered projectile/VFX sprite, pivot center, no text, no watermark, mobile-friendly, stylized sci-fi, pseudo-3D/top-down readable silhouette.",icon_weapon_infected_swarm,2,Silver,Infected,7,5,7,141.85,158.70,2,4,3,5,False,Swarm,Biological,SelectedTarget,prefab_weapon_infected_swarm_projectile,False,0,0,False,MissileSwarm,1
weapon_infected_swarm_silver_L03_01,Биорой,"Плотный рой из 8 мелких живых частиц. Должен читаться как агрессивная масса. IMG: PNG 512×512, transparent background, centered projectile/VFX sprite, pivot center, no text, no watermark, mobile-friendly, stylized sci-fi, pseudo-3D/top-down readable silhouette.",icon_weapon_infected_swarm,3,Silver,Infected,8,6,8,145.11,161.96,2,4,3,5,False,Swarm,Biological,SelectedTarget,prefab_weapon_infected_swarm_projectile,False,0,0,False,MissileSwarm,1
weapon_infected_swarm_silver_L04_01,Биорой,"Плотный рой из 8 мелких живых частиц. Должен читаться как агрессивная масса. IMG: PNG 512×512, transparent background, centered projectile/VFX sprite, pivot center, no text, no watermark, mobile-friendly, stylized sci-fi, pseudo-3D/top-down readable silhouette.",icon_weapon_infected_swarm,4,Silver,Infected,9,7,9,148.10,165.49,3,5,3,5,False,Swarm,Biological,SelectedTarget,prefab_weapon_infected_swarm_projectile,False,0,0,False,MissileSwarm,1
weapon_infected_swarm_silver_L05_01,Биорой,"Плотный рой из 8 мелких живых частиц. Должен читаться как агрессивная масса. IMG: PNG 512×512, transparent background, centered projectile/VFX sprite, pivot center, no text, no watermark, mobile-friendly, stylized sci-fi, pseudo-3D/top-down readable silhouette.",icon_weapon_infected_swarm,5,Silver,Infected,10,8,10,151.36,168.75,3,5,3,5,False,Swarm,Biological,SelectedTarget,prefab_weapon_infected_swarm_projectile,False,0,0,False,MissileSwarm,1
weapon_infected_swarm_silver_L06_01,Биорой,"Плотный рой из 8 мелких живых частиц. Должен читаться как агрессивная масса. IMG: PNG 512×512, transparent background, centered projectile/VFX sprite, pivot center, no text, no watermark, mobile-friendly, stylized sci-fi, pseudo-3D/top-down readable silhouette.",icon_weapon_infected_swarm,6,Silver,Infected,11,9,11,154.35,172.28,3,5,3,5,False,Swarm,Biological,SelectedTarget,prefab_weapon_infected_swarm_projectile,False,0,0,False,MissileSwarm,1
weapon_infected_swarm_silver_L07_01,Биорой,"Плотный рой из 8 мелких живых частиц. Должен читаться как агрессивная масса. IMG: PNG 512×512, transparent background, centered projectile/VFX sprite, pivot center, no text, no watermark, mobile-friendly, stylized sci-fi, pseudo-3D/top-down readable silhouette.",icon_weapon_infected_swarm,7,Silver,Infected,12,10,14,157.34,175.82,4,6,3,5,False,Swarm,Biological,SelectedTarget,prefab_weapon_infected_swarm_projectile,False,0,0,False,MissileSwarm,1
weapon_infected_swarm_silver_L08_01,Биорой,"Плотный рой из 8 мелких живых частиц. Должен читаться как агрессивная масса. IMG: PNG 512×512, transparent background, centered projectile/VFX sprite, pivot center, no text, no watermark, mobile-friendly, stylized sci-fi, pseudo-3D/top-down readable silhouette.",icon_weapon_infected_swarm,8,Silver,Infected,13,11,15,160.60,179.08,4,6,3,5,False,Swarm,Biological,SelectedTarget,prefab_weapon_infected_swarm_projectile,False,0,0,False,MissileSwarm,1
weapon_infected_swarm_silver_L09_01,Биорой,"Плотный рой из 8 мелких живых частиц. Должен читаться как агрессивная масса. IMG: PNG 512×512, transparent background, centered projectile/VFX sprite, pivot center, no text, no watermark, mobile-friendly, stylized sci-fi, pseudo-3D/top-down readable silhouette.",icon_weapon_infected_swarm,9,Silver,Infected,14,12,16,163.59,182.61,4,6,3,5,False,Swarm,Biological,SelectedTarget,prefab_weapon_infected_swarm_projectile,False,0,0,False,MissileSwarm,1
weapon_infected_swarm_silver_L10_01,Биорой,"Плотный рой из 8 мелких живых частиц. Должен читаться как агрессивная масса. IMG: PNG 512×512, transparent background, centered projectile/VFX sprite, pivot center, no text, no watermark, mobile-friendly, stylized sci-fi, pseudo-3D/top-down readable silhouette.",icon_weapon_infected_swarm,10,Silver,Infected,15,13,17,166.85,185.87,5,7,3,5,False,Swarm,Biological,SelectedTarget,prefab_weapon_infected_swarm_projectile,False,0,0,False,MissileSwarm,1
weapon_infected_tendril_silver_L01_01,Биохлыст,"Рывок-щупальце / биохлыст. Почти мгновенная короткая атака на ближней дистанции. IMG: PNG 512×512, transparent background, centered projectile/VFX sprite, pivot center, no text, no watermark, mobile-friendly, stylized sci-fi, pseudo-3D/top-down readable silhouette.",icon_weapon_infected_tendril,1,Silver,Infected,5,27,33,100.00,112.50,3,5,1,1,True,Tendril,Biological,SelectedTarget,prefab_weapon_infected_tendril_projectile,False,0,0,False,Beam,5
weapon_infected_tendril_silver_L02_01,Биохлыст,"Рывок-щупальце / биохлыст. Почти мгновенная короткая атака на ближней дистанции. IMG: PNG 512×512, transparent background, centered projectile/VFX sprite, pivot center, no text, no watermark, mobile-friendly, stylized sci-fi, pseudo-3D/top-down readable silhouette.",icon_weapon_infected_tendril,2,Silver,Infected,6,33,41,103.26,115.76,3,5,1,1,True,Tendril,Biological,SelectedTarget,prefab_weapon_infected_tendril_projectile,False,0,0,False,Beam,5
weapon_infected_tendril_silver_L03_01,Биохлыст,"Рывок-щупальце / биохлыст. Почти мгновенная короткая атака на ближней дистанции. IMG: PNG 512×512, transparent background, centered projectile/VFX sprite, pivot center, no text, no watermark, mobile-friendly, stylized sci-fi, pseudo-3D/top-down readable silhouette.",icon_weapon_infected_tendril,3,Silver,Infected,7,38,48,106.25,119.29,3,5,1,1,True,Tendril,Biological,SelectedTarget,prefab_weapon_infected_tendril_projectile,False,0,0,False,Beam,5
weapon_infected_tendril_silver_L04_01,Биохлыст,"Рывок-щупальце / биохлыст. Почти мгновенная короткая атака на ближней дистанции. IMG: PNG 512×512, transparent background, centered projectile/VFX sprite, pivot center, no text, no watermark, mobile-friendly, stylized sci-fi, pseudo-3D/top-down readable silhouette.",icon_weapon_infected_tendril,4,Silver,Infected,8,45,56,109.51,122.55,4,6,1,1,True,Tendril,Biological,SelectedTarget,prefab_weapon_infected_tendril_projectile,False,0,0,False,Beam,5
weapon_infected_tendril_silver_L05_01,Биохлыст,"Рывок-щупальце / биохлыст. Почти мгновенная короткая атака на ближней дистанции. IMG: PNG 512×512, transparent background, centered projectile/VFX sprite, pivot center, no text, no watermark, mobile-friendly, stylized sci-fi, pseudo-3D/top-down readable silhouette.",icon_weapon_infected_tendril,5,Silver,Infected,9,50,62,112.50,126.09,4,6,1,1,True,Tendril,Biological,SelectedTarget,prefab_weapon_infected_tendril_projectile,False,0,0,False,Beam,5
weapon_infected_tendril_silver_L06_01,Биохлыст,"Рывок-щупальце / биохлыст. Почти мгновенная короткая атака на ближней дистанции. IMG: PNG 512×512, transparent background, centered projectile/VFX sprite, pivot center, no text, no watermark, mobile-friendly, stylized sci-fi, pseudo-3D/top-down readable silhouette.",icon_weapon_infected_tendril,6,Silver,Infected,10,56,70,115.49,129.35,4,6,1,1,True,Tendril,Biological,SelectedTarget,prefab_weapon_infected_tendril_projectile,False,0,0,False,Beam,5
weapon_infected_tendril_silver_L07_01,Биохлыст,"Рывок-щупальце / биохлыст. Почти мгновенная короткая атака на ближней дистанции. IMG: PNG 512×512, transparent background, centered projectile/VFX sprite, pivot center, no text, no watermark, mobile-friendly, stylized sci-fi, pseudo-3D/top-down readable silhouette.",icon_weapon_infected_tendril,7,Silver,Infected,11,63,77,118.75,132.88,5,7,1,1,True,Tendril,Biological,SelectedTarget,prefab_weapon_infected_tendril_projectile,False,0,0,False,Beam,5
weapon_infected_tendril_silver_L08_01,Биохлыст,"Рывок-щупальце / биохлыст. Почти мгновенная короткая атака на ближней дистанции. IMG: PNG 512×512, transparent background, centered projectile/VFX sprite, pivot center, no text, no watermark, mobile-friendly, stylized sci-fi, pseudo-3D/top-down readable silhouette.",icon_weapon_infected_tendril,8,Silver,Infected,12,68,84,121.74,136.41,5,7,1,1,True,Tendril,Biological,SelectedTarget,prefab_weapon_infected_tendril_projectile,False,0,0,False,Beam,5
weapon_infected_tendril_silver_L09_01,Биохлыст,"Рывок-щупальце / биохлыст. Почти мгновенная короткая атака на ближней дистанции. IMG: PNG 512×512, transparent background, centered projectile/VFX sprite, pivot center, no text, no watermark, mobile-friendly, stylized sci-fi, pseudo-3D/top-down readable silhouette.",icon_weapon_infected_tendril,9,Silver,Infected,13,74,92,125.00,139.67,5,7,1,1,True,Tendril,Biological,SelectedTarget,prefab_weapon_infected_tendril_projectile,False,0,0,False,Beam,5
weapon_infected_tendril_silver_L10_01,Биохлыст,"Рывок-щупальце / биохлыст. Почти мгновенная короткая атака на ближней дистанции. IMG: PNG 512×512, transparent background, centered projectile/VFX sprite, pivot center, no text, no watermark, mobile-friendly, stylized sci-fi, pseudo-3D/top-down readable silhouette.",icon_weapon_infected_tendril,10,Silver,Infected,14,80,98,127.99,143.21,6,8,1,1,True,Tendril,Biological,SelectedTarget,prefab_weapon_infected_tendril_projectile,False,0,0,False,Beam,5
weapon_infected_burst_silver_L01_01,Пульсирующий нарыв,"Большой пульсирующий нарыв-снаряд, который выглядит нестабильным и готовым взорваться. IMG: PNG 512×512, transparent background, centered projectile/VFX sprite, pivot center, no text, no watermark, mobile-friendly, stylized sci-fi, pseudo-3D/top-down readable silhouette.",icon_weapon_infected_burst,1,Silver,Infected,4,45,56,125.82,141.03,4,6,5,7,False,Burst,Biological,SelectedTarget,prefab_weapon_infected_burst_projectile,False,0,0,False,RapidEnergyVolley,1
weapon_infected_burst_silver_L02_01,Пульсирующий нарыв,"Большой пульсирующий нарыв-снаряд, который выглядит нестабильным и готовым взорваться. IMG: PNG 512×512, transparent background, centered projectile/VFX sprite, pivot center, no text, no watermark, mobile-friendly, stylized sci-fi, pseudo-3D/top-down readable silhouette.",icon_weapon_infected_burst,2,Silver,Infected,5,54,68,129.08,144.29,4,6,5,7,False,Burst,Biological,SelectedTarget,prefab_weapon_infected_burst_projectile,False,0,0,False,RapidEnergyVolley,1
weapon_infected_burst_silver_L03_01,Пульсирующий нарыв,"Большой пульсирующий нарыв-снаряд, который выглядит нестабильным и готовым взорваться. IMG: PNG 512×512, transparent background, centered projectile/VFX sprite, pivot center, no text, no watermark, mobile-friendly, stylized sci-fi, pseudo-3D/top-down readable silhouette.",icon_weapon_infected_burst,3,Silver,Infected,6,64,80,132.07,147.83,4,6,5,7,False,Burst,Biological,SelectedTarget,prefab_weapon_infected_burst_projectile,False,0,0,False,RapidEnergyVolley,1
weapon_infected_burst_silver_L04_01,Пульсирующий нарыв,"Большой пульсирующий нарыв-снаряд, который выглядит нестабильным и готовым взорваться. IMG: PNG 512×512, transparent background, centered projectile/VFX sprite, pivot center, no text, no watermark, mobile-friendly, stylized sci-fi, pseudo-3D/top-down readable silhouette.",icon_weapon_infected_burst,4,Silver,Infected,7,74,92,135.33,151.09,5,7,5,7,False,Burst,Biological,SelectedTarget,prefab_weapon_infected_burst_projectile,False,0,0,False,RapidEnergyVolley,1
weapon_infected_burst_silver_L05_01,Пульсирующий нарыв,"Большой пульсирующий нарыв-снаряд, который выглядит нестабильным и готовым взорваться. IMG: PNG 512×512, transparent background, centered projectile/VFX sprite, pivot center, no text, no watermark, mobile-friendly, stylized sci-fi, pseudo-3D/top-down readable silhouette.",icon_weapon_infected_burst,5,Silver,Infected,8,84,104,138.32,154.62,5,7,5,7,False,Burst,Biological,SelectedTarget,prefab_weapon_infected_burst_projectile,False,0,0,False,RapidEnergyVolley,1
weapon_infected_burst_silver_L06_01,Пульсирующий нарыв,"Большой пульсирующий нарыв-снаряд, который выглядит нестабильным и готовым взорваться. IMG: PNG 512×512, transparent background, centered projectile/VFX sprite, pivot center, no text, no watermark, mobile-friendly, stylized sci-fi, pseudo-3D/top-down readable silhouette.",icon_weapon_infected_burst,6,Silver,Infected,9,94,116,141.30,158.15,5,7,5,7,False,Burst,Biological,SelectedTarget,prefab_weapon_infected_burst_projectile,False,0,0,False,RapidEnergyVolley,1
weapon_infected_burst_silver_L07_01,Пульсирующий нарыв,"Большой пульсирующий нарыв-снаряд, который выглядит нестабильным и готовым взорваться. IMG: PNG 512×512, transparent background, centered projectile/VFX sprite, pivot center, no text, no watermark, mobile-friendly, stylized sci-fi, pseudo-3D/top-down readable silhouette.",icon_weapon_infected_burst,7,Silver,Infected,10,104,128,144.57,161.41,6,8,5,7,False,Burst,Biological,SelectedTarget,prefab_weapon_infected_burst_projectile,False,0,0,False,RapidEnergyVolley,1
weapon_infected_burst_silver_L08_01,Пульсирующий нарыв,"Большой пульсирующий нарыв-снаряд, который выглядит нестабильным и готовым взорваться. IMG: PNG 512×512, transparent background, centered projectile/VFX sprite, pivot center, no text, no watermark, mobile-friendly, stylized sci-fi, pseudo-3D/top-down readable silhouette.",icon_weapon_infected_burst,8,Silver,Infected,11,114,140,147.55,164.95,6,8,5,7,False,Burst,Biological,SelectedTarget,prefab_weapon_infected_burst_projectile,False,0,0,False,RapidEnergyVolley,1
weapon_infected_burst_silver_L09_01,Пульсирующий нарыв,"Большой пульсирующий нарыв-снаряд, который выглядит нестабильным и готовым взорваться. IMG: PNG 512×512, transparent background, centered projectile/VFX sprite, pivot center, no text, no watermark, mobile-friendly, stylized sci-fi, pseudo-3D/top-down readable silhouette.",icon_weapon_infected_burst,9,Silver,Infected,12,124,152,150.82,168.21,6,8,4,6,False,Burst,Biological,SelectedTarget,prefab_weapon_infected_burst_projectile,False,0,0,False,RapidEnergyVolley,1
weapon_infected_burst_silver_L10_01,Пульсирующий нарыв,"Большой пульсирующий нарыв-снаряд, который выглядит нестабильным и готовым взорваться. IMG: PNG 512×512, transparent background, centered projectile/VFX sprite, pivot center, no text, no watermark, mobile-friendly, stylized sci-fi, pseudo-3D/top-down readable silhouette.",icon_weapon_infected_burst,10,Silver,Infected,13,134,164,153.80,171.74,7,9,4,6,False,Burst,Biological,SelectedTarget,prefab_weapon_infected_burst_projectile,False,0,0,False,RapidEnergyVolley,1
