id,displayName,description,icon,level,equipmentTier,weaponOwner,cargoSize,baseDamageMin,baseDamageMax,rangeMin,rangeMax,energyCostMin,energyCostMax,projectileLifetimeMin,projectileLifetimeMax,isHitscan,weaponType,damageType,targetingMode,projectilePrefabRef,usesAmmo,maxAmmoChargesMin,maxAmmoChargesMax
weapon_common_laser_bronze_L01_01,Лазер,"Тонкий cyan-white лазерный луч для ранней игры. Быстрый, стабильный, простой для чтения. IMG: PNG 512×512, transparent background, centered projectile/VFX sprite, pivot center, no text, no watermark, mobile-friendly, stylized sci-fi, pseudo-3D/top-down readable silhouette.",icon_weapon_common_laser,1,Bronze,PlayerAndRangers,4,8,9,6.32,6.98,2,4,1,1,True,Laser,Energy,SelectedTarget,prefab_weapon_common_laser_projectile,False,0,0
weapon_common_laser_silver_L01_01,Лазер,"Тонкий cyan-white лазерный луч для ранней игры. Быстрый, стабильный, простой для чтения. IMG: PNG 512×512, transparent background, centered projectile/VFX sprite, pivot center, no text, no watermark, mobile-friendly, stylized sci-fi, pseudo-3D/top-down readable silhouette.",icon_weapon_common_laser,1,Silver,PlayerAndRangers,3,9,11,6.65,7.35,1,3,1,1,True,Laser,Energy,SelectedTarget,prefab_weapon_common_laser_projectile,False,0,0
weapon_common_laser_gold_L01_01,Лазер,"Тонкий cyan-white лазерный луч для ранней игры. Быстрый, стабильный, простой для чтения. IMG: PNG 512×512, transparent background, centered projectile/VFX sprite, pivot center, no text, no watermark, mobile-friendly, stylized sci-fi, pseudo-3D/top-down readable silhouette.",icon_weapon_common_laser,1,Gold,PlayerAndRangers,2,10,13,7.05,7.79,0,2,1,1,True,Laser,Energy,SelectedTarget,prefab_weapon_common_laser_projectile,False,0,0
weapon_common_laser_bronze_L02_01,Лазер,"Тонкий cyan-white лазерный луч для ранней игры. Быстрый, стабильный, простой для чтения. IMG: PNG 512×512, transparent background, centered projectile/VFX sprite, pivot center, no text, no watermark, mobile-friendly, stylized sci-fi, pseudo-3D/top-down readable silhouette.",icon_weapon_common_laser,2,Bronze,PlayerAndRangers,5,8,12,6.42,7.11,2,4,1,1,True,Laser,Energy,SelectedTarget,prefab_weapon_common_laser_projectile,False,0,0
weapon_common_laser_silver_L02_01,Лазер,"Тонкий cyan-white лазерный луч для ранней игры. Быстрый, стабильный, простой для чтения. IMG: PNG 512×512, transparent background, centered projectile/VFX sprite, pivot center, no text, no watermark, mobile-friendly, stylized sci-fi, pseudo-3D/top-down readable silhouette.",icon_weapon_common_laser,2,Silver,PlayerAndRangers,4,10,14,6.76,7.48,1,3,1,1,True,Laser,Energy,SelectedTarget,prefab_weapon_common_laser_projectile,False,0,0
weapon_common_laser_gold_L02_01,Лазер,"Тонкий cyan-white лазерный луч для ранней игры. Быстрый, стабильный, простой для чтения. IMG: PNG 512×512, transparent background, centered projectile/VFX sprite, pivot center, no text, no watermark, mobile-friendly, stylized sci-fi, pseudo-3D/top-down readable silhouette.",icon_weapon_common_laser,2,Gold,PlayerAndRangers,3,12,16,7.17,7.93,0,2,1,1,True,Laser,Energy,SelectedTarget,prefab_weapon_common_laser_projectile,False,0,0
weapon_common_laser_bronze_L03_01,Лазер,"Тонкий cyan-white лазерный луч для ранней игры. Быстрый, стабильный, простой для чтения. IMG: PNG 512×512, transparent background, centered projectile/VFX sprite, pivot center, no text, no watermark, mobile-friendly, stylized sci-fi, pseudo-3D/top-down readable silhouette.",icon_weapon_common_laser,3,Bronze,PlayerAndRangers,6,10,14,6.54,7.22,2,4,1,1,True,Laser,Energy,SelectedTarget,prefab_weapon_common_laser_projectile,False,0,0
weapon_common_laser_silver_L03_01,Лазер,"Тонкий cyan-white лазерный луч для ранней игры. Быстрый, стабильный, простой для чтения. IMG: PNG 512×512, transparent background, centered projectile/VFX sprite, pivot center, no text, no watermark, mobile-friendly, stylized sci-fi, pseudo-3D/top-down readable silhouette.",icon_weapon_common_laser,3,Silver,PlayerAndRangers,5,12,16,6.88,7.6,1,3,1,1,True,Laser,Energy,SelectedTarget,prefab_weapon_common_laser_projectile,False,0,0
weapon_common_laser_gold_L03_01,Лазер,"Тонкий cyan-white лазерный луч для ранней игры. Быстрый, стабильный, простой для чтения. IMG: PNG 512×512, transparent background, centered projectile/VFX sprite, pivot center, no text, no watermark, mobile-friendly, stylized sci-fi, pseudo-3D/top-down readable silhouette.",icon_weapon_common_laser,3,Gold,PlayerAndRangers,4,14,18,7.29,8.06,0,2,1,1,True,Laser,Energy,SelectedTarget,prefab_weapon_common_laser_projectile,False,0,0
weapon_common_laser_bronze_L04_01,Лазер,"Тонкий cyan-white лазерный луч для ранней игры. Быстрый, стабильный, простой для чтения. IMG: PNG 512×512, transparent background, centered projectile/VFX sprite, pivot center, no text, no watermark, mobile-friendly, stylized sci-fi, pseudo-3D/top-down readable silhouette.",icon_weapon_common_laser,4,Bronze,PlayerAndRangers,7,13,16,6.64,7.34,3,5,1,1,True,Laser,Energy,SelectedTarget,prefab_weapon_common_laser_projectile,False,0,0
weapon_common_laser_silver_L04_01,Лазер,"Тонкий cyan-white лазерный луч для ранней игры. Быстрый, стабильный, простой для чтения. IMG: PNG 512×512, transparent background, centered projectile/VFX sprite, pivot center, no text, no watermark, mobile-friendly, stylized sci-fi, pseudo-3D/top-down readable silhouette.",icon_weapon_common_laser,4,Silver,PlayerAndRangers,6,15,19,6.99,7.73,2,4,1,1,True,Laser,Energy,SelectedTarget,prefab_weapon_common_laser_projectile,False,0,0
weapon_common_laser_gold_L04_01,Лазер,"Тонкий cyan-white лазерный луч для ранней игры. Быстрый, стабильный, простой для чтения. IMG: PNG 512×512, transparent background, centered projectile/VFX sprite, pivot center, no text, no watermark, mobile-friendly, stylized sci-fi, pseudo-3D/top-down readable silhouette.",icon_weapon_common_laser,4,Gold,PlayerAndRangers,5,17,22,7.41,8.19,1,3,1,1,True,Laser,Energy,SelectedTarget,prefab_weapon_common_laser_projectile,False,0,0
weapon_common_laser_bronze_L05_01,Лазер,"Тонкий cyan-white лазерный луч для ранней игры. Быстрый, стабильный, простой для чтения. IMG: PNG 512×512, transparent background, centered projectile/VFX sprite, pivot center, no text, no watermark, mobile-friendly, stylized sci-fi, pseudo-3D/top-down readable silhouette.",icon_weapon_common_laser,5,Bronze,PlayerAndRangers,8,14,18,6.75,7.46,3,5,1,1,True,Laser,Energy,SelectedTarget,prefab_weapon_common_laser_projectile,False,0,0
weapon_common_laser_silver_L05_01,Лазер,"Тонкий cyan-white лазерный луч для ранней игры. Быстрый, стабильный, простой для чтения. IMG: PNG 512×512, transparent background, centered projectile/VFX sprite, pivot center, no text, no watermark, mobile-friendly, stylized sci-fi, pseudo-3D/top-down readable silhouette.",icon_weapon_common_laser,5,Silver,PlayerAndRangers,7,17,21,7.11,7.85,2,4,1,1,True,Laser,Energy,SelectedTarget,prefab_weapon_common_laser_projectile,False,0,0
weapon_common_laser_gold_L05_01,Лазер,"Тонкий cyan-white лазерный луч для ранней игры. Быстрый, стабильный, простой для чтения. IMG: PNG 512×512, transparent background, centered projectile/VFX sprite, pivot center, no text, no watermark, mobile-friendly, stylized sci-fi, pseudo-3D/top-down readable silhouette.",icon_weapon_common_laser,5,Gold,PlayerAndRangers,6,20,24,7.54,8.32,1,3,1,1,True,Laser,Energy,SelectedTarget,prefab_weapon_common_laser_projectile,False,0,0
weapon_common_laser_bronze_L06_01,Лазер,"Тонкий cyan-white лазерный луч для ранней игры. Быстрый, стабильный, простой для чтения. IMG: PNG 512×512, transparent background, centered projectile/VFX sprite, pivot center, no text, no watermark, mobile-friendly, stylized sci-fi, pseudo-3D/top-down readable silhouette.",icon_weapon_common_laser,6,Bronze,PlayerAndRangers,9,15,20,6.86,7.58,3,5,1,1,True,Laser,Energy,SelectedTarget,prefab_weapon_common_laser_projectile,False,0,0
weapon_common_laser_silver_L06_01,Лазер,"Тонкий cyan-white лазерный луч для ранней игры. Быстрый, стабильный, простой для чтения. IMG: PNG 512×512, transparent background, centered projectile/VFX sprite, pivot center, no text, no watermark, mobile-friendly, stylized sci-fi, pseudo-3D/top-down readable silhouette.",icon_weapon_common_laser,6,Silver,PlayerAndRangers,8,18,24,7.22,7.98,2,4,1,1,True,Laser,Energy,SelectedTarget,prefab_weapon_common_laser_projectile,False,0,0
weapon_common_laser_gold_L06_01,Лазер,"Тонкий cyan-white лазерный луч для ранней игры. Быстрый, стабильный, простой для чтения. IMG: PNG 512×512, transparent background, centered projectile/VFX sprite, pivot center, no text, no watermark, mobile-friendly, stylized sci-fi, pseudo-3D/top-down readable silhouette.",icon_weapon_common_laser,6,Gold,PlayerAndRangers,7,21,28,7.65,8.46,1,3,1,1,True,Laser,Energy,SelectedTarget,prefab_weapon_common_laser_projectile,False,0,0
weapon_common_laser_bronze_L07_01,Лазер,"Тонкий cyan-white лазерный луч для ранней игры. Быстрый, стабильный, простой для чтения. IMG: PNG 512×512, transparent background, centered projectile/VFX sprite, pivot center, no text, no watermark, mobile-friendly, stylized sci-fi, pseudo-3D/top-down readable silhouette.",icon_weapon_common_laser,7,Bronze,PlayerAndRangers,10,17,22,6.96,7.7,4,6,1,1,True,Laser,Energy,SelectedTarget,prefab_weapon_common_laser_projectile,False,0,0
weapon_common_laser_silver_L07_01,Лазер,"Тонкий cyan-white лазерный луч для ранней игры. Быстрый, стабильный, простой для чтения. IMG: PNG 512×512, transparent background, centered projectile/VFX sprite, pivot center, no text, no watermark, mobile-friendly, stylized sci-fi, pseudo-3D/top-down readable silhouette.",icon_weapon_common_laser,7,Silver,PlayerAndRangers,9,20,26,7.33,8.11,3,5,1,1,True,Laser,Energy,SelectedTarget,prefab_weapon_common_laser_projectile,False,0,0
weapon_common_laser_gold_L07_01,Лазер,"Тонкий cyan-white лазерный луч для ранней игры. Быстрый, стабильный, простой для чтения. IMG: PNG 512×512, transparent background, centered projectile/VFX sprite, pivot center, no text, no watermark, mobile-friendly, stylized sci-fi, pseudo-3D/top-down readable silhouette.",icon_weapon_common_laser,7,Gold,PlayerAndRangers,8,23,30,7.77,8.6,2,4,1,1,True,Laser,Energy,SelectedTarget,prefab_weapon_common_laser_projectile,False,0,0
weapon_common_laser_bronze_L08_01,Лазер,"Тонкий cyan-white лазерный луч для ранней игры. Быстрый, стабильный, простой для чтения. IMG: PNG 512×512, transparent background, centered projectile/VFX sprite, pivot center, no text, no watermark, mobile-friendly, stylized sci-fi, pseudo-3D/top-down readable silhouette.",icon_weapon_common_laser,8,Bronze,PlayerAndRangers,11,19,24,7.08,7.82,4,6,1,1,True,Laser,Energy,SelectedTarget,prefab_weapon_common_laser_projectile,False,0,0
weapon_common_laser_silver_L08_01,Лазер,"Тонкий cyan-white лазерный луч для ранней игры. Быстрый, стабильный, простой для чтения. IMG: PNG 512×512, transparent background, centered projectile/VFX sprite, pivot center, no text, no watermark, mobile-friendly, stylized sci-fi, pseudo-3D/top-down readable silhouette.",icon_weapon_common_laser,8,Silver,PlayerAndRangers,10,22,28,7.45,8.23,3,5,1,1,True,Laser,Energy,SelectedTarget,prefab_weapon_common_laser_projectile,False,0,0
weapon_common_laser_gold_L08_01,Лазер,"Тонкий cyan-white лазерный луч для ранней игры. Быстрый, стабильный, простой для чтения. IMG: PNG 512×512, transparent background, centered projectile/VFX sprite, pivot center, no text, no watermark, mobile-friendly, stylized sci-fi, pseudo-3D/top-down readable silhouette.",icon_weapon_common_laser,8,Gold,PlayerAndRangers,9,25,32,7.9,8.72,2,4,1,1,True,Laser,Energy,SelectedTarget,prefab_weapon_common_laser_projectile,False,0,0
weapon_common_laser_bronze_L09_01,Лазер,"Тонкий cyan-white лазерный луч для ранней игры. Быстрый, стабильный, простой для чтения. IMG: PNG 512×512, transparent background, centered projectile/VFX sprite, pivot center, no text, no watermark, mobile-friendly, stylized sci-fi, pseudo-3D/top-down readable silhouette.",icon_weapon_common_laser,9,Bronze,PlayerAndRangers,12,21,26,7.18,7.94,4,6,1,1,True,Laser,Energy,SelectedTarget,prefab_weapon_common_laser_projectile,False,0,0
weapon_common_laser_silver_L09_01,Лазер,"Тонкий cyan-white лазерный луч для ранней игры. Быстрый, стабильный, простой для чтения. IMG: PNG 512×512, transparent background, centered projectile/VFX sprite, pivot center, no text, no watermark, mobile-friendly, stylized sci-fi, pseudo-3D/top-down readable silhouette.",icon_weapon_common_laser,9,Silver,PlayerAndRangers,11,25,31,7.56,8.36,3,5,1,1,True,Laser,Energy,SelectedTarget,prefab_weapon_common_laser_projectile,False,0,0
weapon_common_laser_gold_L09_01,Лазер,"Тонкий cyan-white лазерный луч для ранней игры. Быстрый, стабильный, простой для чтения. IMG: PNG 512×512, transparent background, centered projectile/VFX sprite, pivot center, no text, no watermark, mobile-friendly, stylized sci-fi, pseudo-3D/top-down readable silhouette.",icon_weapon_common_laser,9,Gold,PlayerAndRangers,10,29,36,8.01,8.86,2,4,1,1,True,Laser,Energy,SelectedTarget,prefab_weapon_common_laser_projectile,False,0,0
weapon_common_laser_bronze_L10_01,Лазер,"Тонкий cyan-white лазерный луч для ранней игры. Быстрый, стабильный, простой для чтения. IMG: PNG 512×512, transparent background, centered projectile/VFX sprite, pivot center, no text, no watermark, mobile-friendly, stylized sci-fi, pseudo-3D/top-down readable silhouette.",icon_weapon_common_laser,10,Bronze,PlayerAndRangers,13,23,28,7.3,8.06,5,7,1,1,True,Laser,Energy,SelectedTarget,prefab_weapon_common_laser_projectile,False,0,0
weapon_common_laser_silver_L10_01,Лазер,"Тонкий cyan-white лазерный луч для ранней игры. Быстрый, стабильный, простой для чтения. IMG: PNG 512×512, transparent background, centered projectile/VFX sprite, pivot center, no text, no watermark, mobile-friendly, stylized sci-fi, pseudo-3D/top-down readable silhouette.",icon_weapon_common_laser,10,Silver,PlayerAndRangers,12,27,33,7.68,8.48,4,6,1,1,True,Laser,Energy,SelectedTarget,prefab_weapon_common_laser_projectile,False,0,0
weapon_common_laser_gold_L10_01,Лазер,"Тонкий cyan-white лазерный луч для ранней игры. Быстрый, стабильный, простой для чтения. IMG: PNG 512×512, transparent background, centered projectile/VFX sprite, pivot center, no text, no watermark, mobile-friendly, stylized sci-fi, pseudo-3D/top-down readable silhouette.",icon_weapon_common_laser,10,Gold,PlayerAndRangers,11,31,38,8.14,8.99,3,5,1,1,True,Laser,Energy,SelectedTarget,prefab_weapon_common_laser_projectile,False,0,0
weapon_common_pulse_bronze_L01_01,Импульсная пушка,"Очередь из 3 маленьких голубых импульсов. Лучше показывает частую стрельбу, но слабее за один снаряд. IMG: PNG 512×512, transparent background, centered projectile/VFX sprite, pivot center, no text, no watermark, mobile-friendly, stylized sci-fi, pseudo-3D/top-down readable silhouette.",icon_weapon_common_pulse,1,Bronze,PlayerAndRangers,5,4,6,5.42,5.98,2,4,3,5,False,Pulse,Energy,SelectedTarget,prefab_weapon_common_pulse_projectile,False,0,0
weapon_common_pulse_silver_L01_01,Импульсная пушка,"Очередь из 3 маленьких голубых импульсов. Лучше показывает частую стрельбу, но слабее за один снаряд. IMG: PNG 512×512, transparent background, centered projectile/VFX sprite, pivot center, no text, no watermark, mobile-friendly, stylized sci-fi, pseudo-3D/top-down readable silhouette.",icon_weapon_common_pulse,1,Silver,PlayerAndRangers,4,5,7,5.7,6.3,1,3,2,4,False,Pulse,Energy,SelectedTarget,prefab_weapon_common_pulse_projectile,False,0,0
weapon_common_pulse_gold_L01_01,Импульсная пушка,"Очередь из 3 маленьких голубых импульсов. Лучше показывает частую стрельбу, но слабее за один снаряд. IMG: PNG 512×512, transparent background, centered projectile/VFX sprite, pivot center, no text, no watermark, mobile-friendly, stylized sci-fi, pseudo-3D/top-down readable silhouette.",icon_weapon_common_pulse,1,Gold,PlayerAndRangers,3,6,8,6.04,6.68,0,2,1,3,False,Pulse,Energy,SelectedTarget,prefab_weapon_common_pulse_projectile,False,0,0
weapon_common_pulse_bronze_L02_01,Импульсная пушка,"Очередь из 3 маленьких голубых импульсов. Лучше показывает частую стрельбу, но слабее за один снаряд. IMG: PNG 512×512, transparent background, centered projectile/VFX sprite, pivot center, no text, no watermark, mobile-friendly, stylized sci-fi, pseudo-3D/top-down readable silhouette.",icon_weapon_common_pulse,2,Bronze,PlayerAndRangers,6,5,7,5.52,6.11,2,4,3,5,False,Pulse,Energy,SelectedTarget,prefab_weapon_common_pulse_projectile,False,0,0
weapon_common_pulse_silver_L02_01,Импульсная пушка,"Очередь из 3 маленьких голубых импульсов. Лучше показывает частую стрельбу, но слабее за один снаряд. IMG: PNG 512×512, transparent background, centered projectile/VFX sprite, pivot center, no text, no watermark, mobile-friendly, stylized sci-fi, pseudo-3D/top-down readable silhouette.",icon_weapon_common_pulse,2,Silver,PlayerAndRangers,5,6,8,5.81,6.43,1,3,2,4,False,Pulse,Energy,SelectedTarget,prefab_weapon_common_pulse_projectile,False,0,0
weapon_common_pulse_gold_L02_01,Импульсная пушка,"Очередь из 3 маленьких голубых импульсов. Лучше показывает частую стрельбу, но слабее за один снаряд. IMG: PNG 512×512, transparent background, centered projectile/VFX sprite, pivot center, no text, no watermark, mobile-friendly, stylized sci-fi, pseudo-3D/top-down readable silhouette.",icon_weapon_common_pulse,2,Gold,PlayerAndRangers,4,7,9,6.16,6.82,0,2,1,3,False,Pulse,Energy,SelectedTarget,prefab_weapon_common_pulse_projectile,False,0,0
weapon_common_pulse_bronze_L03_01,Импульсная пушка,"Очередь из 3 маленьких голубых импульсов. Лучше показывает частую стрельбу, но слабее за один снаряд. IMG: PNG 512×512, transparent background, centered projectile/VFX sprite, pivot center, no text, no watermark, mobile-friendly, stylized sci-fi, pseudo-3D/top-down readable silhouette.",icon_weapon_common_pulse,3,Bronze,PlayerAndRangers,7,7,8,5.63,6.22,2,4,3,5,False,Pulse,Energy,SelectedTarget,prefab_weapon_common_pulse_projectile,False,0,0
weapon_common_pulse_silver_L03_01,Импульсная пушка,"Очередь из 3 маленьких голубых импульсов. Лучше показывает частую стрельбу, но слабее за один снаряд. IMG: PNG 512×512, transparent background, centered projectile/VFX sprite, pivot center, no text, no watermark, mobile-friendly, stylized sci-fi, pseudo-3D/top-down readable silhouette.",icon_weapon_common_pulse,3,Silver,PlayerAndRangers,6,8,10,5.93,6.55,1,3,2,4,False,Pulse,Energy,SelectedTarget,prefab_weapon_common_pulse_projectile,False,0,0
weapon_common_pulse_gold_L03_01,Импульсная пушка,"Очередь из 3 маленьких голубых импульсов. Лучше показывает частую стрельбу, но слабее за один снаряд. IMG: PNG 512×512, transparent background, centered projectile/VFX sprite, pivot center, no text, no watermark, mobile-friendly, stylized sci-fi, pseudo-3D/top-down readable silhouette.",icon_weapon_common_pulse,3,Gold,PlayerAndRangers,5,9,12,6.29,6.94,0,2,1,3,False,Pulse,Energy,SelectedTarget,prefab_weapon_common_pulse_projectile,False,0,0
weapon_common_pulse_bronze_L04_01,Импульсная пушка,"Очередь из 3 маленьких голубых импульсов. Лучше показывает частую стрельбу, но слабее за один снаряд. IMG: PNG 512×512, transparent background, centered projectile/VFX sprite, pivot center, no text, no watermark, mobile-friendly, stylized sci-fi, pseudo-3D/top-down readable silhouette.",icon_weapon_common_pulse,4,Bronze,PlayerAndRangers,8,8,9,5.74,6.35,3,5,2,4,False,Pulse,Energy,SelectedTarget,prefab_weapon_common_pulse_projectile,False,0,0
weapon_common_pulse_silver_L04_01,Импульсная пушка,"Очередь из 3 маленьких голубых импульсов. Лучше показывает частую стрельбу, но слабее за один снаряд. IMG: PNG 512×512, transparent background, centered projectile/VFX sprite, pivot center, no text, no watermark, mobile-friendly, stylized sci-fi, pseudo-3D/top-down readable silhouette.",icon_weapon_common_pulse,4,Silver,PlayerAndRangers,7,9,11,6.04,6.68,2,4,1,3,False,Pulse,Energy,SelectedTarget,prefab_weapon_common_pulse_projectile,False,0,0
weapon_common_pulse_gold_L04_01,Импульсная пушка,"Очередь из 3 маленьких голубых импульсов. Лучше показывает частую стрельбу, но слабее за один снаряд. IMG: PNG 512×512, transparent background, centered projectile/VFX sprite, pivot center, no text, no watermark, mobile-friendly, stylized sci-fi, pseudo-3D/top-down readable silhouette.",icon_weapon_common_pulse,4,Gold,PlayerAndRangers,6,10,13,6.4,7.08,1,3,1,2,False,Pulse,Energy,SelectedTarget,prefab_weapon_common_pulse_projectile,False,0,0
weapon_common_pulse_bronze_L05_01,Импульсная пушка,"Очередь из 3 маленьких голубых импульсов. Лучше показывает частую стрельбу, но слабее за один снаряд. IMG: PNG 512×512, transparent background, centered projectile/VFX sprite, pivot center, no text, no watermark, mobile-friendly, stylized sci-fi, pseudo-3D/top-down readable silhouette.",icon_weapon_common_pulse,5,Bronze,PlayerAndRangers,9,8,11,5.85,6.46,3,5,2,4,False,Pulse,Energy,SelectedTarget,prefab_weapon_common_pulse_projectile,False,0,0
weapon_common_pulse_silver_L05_01,Импульсная пушка,"Очередь из 3 маленьких голубых импульсов. Лучше показывает частую стрельбу, но слабее за один снаряд. IMG: PNG 512×512, transparent background, centered projectile/VFX sprite, pivot center, no text, no watermark, mobile-friendly, stylized sci-fi, pseudo-3D/top-down readable silhouette.",icon_weapon_common_pulse,5,Silver,PlayerAndRangers,8,9,13,6.16,6.8,2,4,1,3,False,Pulse,Energy,SelectedTarget,prefab_weapon_common_pulse_projectile,False,0,0
weapon_common_pulse_gold_L05_01,Импульсная пушка,"Очередь из 3 маленьких голубых импульсов. Лучше показывает частую стрельбу, но слабее за один снаряд. IMG: PNG 512×512, transparent background, centered projectile/VFX sprite, pivot center, no text, no watermark, mobile-friendly, stylized sci-fi, pseudo-3D/top-down readable silhouette.",icon_weapon_common_pulse,5,Gold,PlayerAndRangers,7,10,15,6.53,7.21,1,3,1,2,False,Pulse,Energy,SelectedTarget,prefab_weapon_common_pulse_projectile,False,0,0
weapon_common_pulse_bronze_L06_01,Импульсная пушка,"Очередь из 3 маленьких голубых импульсов. Лучше показывает частую стрельбу, но слабее за один снаряд. IMG: PNG 512×512, transparent background, centered projectile/VFX sprite, pivot center, no text, no watermark, mobile-friendly, stylized sci-fi, pseudo-3D/top-down readable silhouette.",icon_weapon_common_pulse,6,Bronze,PlayerAndRangers,10,9,13,5.96,6.58,3,5,2,4,False,Pulse,Energy,SelectedTarget,prefab_weapon_common_pulse_projectile,False,0,0
weapon_common_pulse_silver_L06_01,Импульсная пушка,"Очередь из 3 маленьких голубых импульсов. Лучше показывает частую стрельбу, но слабее за один снаряд. IMG: PNG 512×512, transparent background, centered projectile/VFX sprite, pivot center, no text, no watermark, mobile-friendly, stylized sci-fi, pseudo-3D/top-down readable silhouette.",icon_weapon_common_pulse,6,Silver,PlayerAndRangers,9,11,15,6.27,6.93,2,4,1,3,False,Pulse,Energy,SelectedTarget,prefab_weapon_common_pulse_projectile,False,0,0
weapon_common_pulse_gold_L06_01,Импульсная пушка,"Очередь из 3 маленьких голубых импульсов. Лучше показывает частую стрельбу, но слабее за один снаряд. IMG: PNG 512×512, transparent background, centered projectile/VFX sprite, pivot center, no text, no watermark, mobile-friendly, stylized sci-fi, pseudo-3D/top-down readable silhouette.",icon_weapon_common_pulse,6,Gold,PlayerAndRangers,8,13,17,6.65,7.35,1,3,1,2,False,Pulse,Energy,SelectedTarget,prefab_weapon_common_pulse_projectile,False,0,0
weapon_common_pulse_bronze_L07_01,Импульсная пушка,"Очередь из 3 маленьких голубых импульсов. Лучше показывает частую стрельбу, но слабее за один снаряд. IMG: PNG 512×512, transparent background, centered projectile/VFX sprite, pivot center, no text, no watermark, mobile-friendly, stylized sci-fi, pseudo-3D/top-down readable silhouette.",icon_weapon_common_pulse,7,Bronze,PlayerAndRangers,11,10,14,6.06,6.71,4,6,2,4,False,Pulse,Energy,SelectedTarget,prefab_weapon_common_pulse_projectile,False,0,0
weapon_common_pulse_silver_L07_01,Импульсная пушка,"Очередь из 3 маленьких голубых импульсов. Лучше показывает частую стрельбу, но слабее за один снаряд. IMG: PNG 512×512, transparent background, centered projectile/VFX sprite, pivot center, no text, no watermark, mobile-friendly, stylized sci-fi, pseudo-3D/top-down readable silhouette.",icon_weapon_common_pulse,7,Silver,PlayerAndRangers,10,12,16,6.38,7.06,3,5,1,3,False,Pulse,Energy,SelectedTarget,prefab_weapon_common_pulse_projectile,False,0,0
weapon_common_pulse_gold_L07_01,Импульсная пушка,"Очередь из 3 маленьких голубых импульсов. Лучше показывает частую стрельбу, но слабее за один снаряд. IMG: PNG 512×512, transparent background, centered projectile/VFX sprite, pivot center, no text, no watermark, mobile-friendly, stylized sci-fi, pseudo-3D/top-down readable silhouette.",icon_weapon_common_pulse,7,Gold,PlayerAndRangers,9,14,18,6.76,7.48,2,4,1,2,False,Pulse,Energy,SelectedTarget,prefab_weapon_common_pulse_projectile,False,0,0
weapon_common_pulse_bronze_L08_01,Импульсная пушка,"Очередь из 3 маленьких голубых импульсов. Лучше показывает частую стрельбу, но слабее за один снаряд. IMG: PNG 512×512, transparent background, centered projectile/VFX sprite, pivot center, no text, no watermark, mobile-friendly, stylized sci-fi, pseudo-3D/top-down readable silhouette.",icon_weapon_common_pulse,8,Bronze,PlayerAndRangers,12,11,14,6.17,6.82,4,6,2,4,False,Pulse,Energy,SelectedTarget,prefab_weapon_common_pulse_projectile,False,0,0
weapon_common_pulse_silver_L08_01,Импульсная пушка,"Очередь из 3 маленьких голубых импульсов. Лучше показывает частую стрельбу, но слабее за один снаряд. IMG: PNG 512×512, transparent background, centered projectile/VFX sprite, pivot center, no text, no watermark, mobile-friendly, stylized sci-fi, pseudo-3D/top-down readable silhouette.",icon_weapon_common_pulse,8,Silver,PlayerAndRangers,11,13,17,6.5,7.18,3,5,1,3,False,Pulse,Energy,SelectedTarget,prefab_weapon_common_pulse_projectile,False,0,0
weapon_common_pulse_gold_L08_01,Импульсная пушка,"Очередь из 3 маленьких голубых импульсов. Лучше показывает частую стрельбу, но слабее за один снаряд. IMG: PNG 512×512, transparent background, centered projectile/VFX sprite, pivot center, no text, no watermark, mobile-friendly, stylized sci-fi, pseudo-3D/top-down readable silhouette.",icon_weapon_common_pulse,8,Gold,PlayerAndRangers,10,15,20,6.89,7.61,2,4,1,2,False,Pulse,Energy,SelectedTarget,prefab_weapon_common_pulse_projectile,False,0,0
weapon_common_pulse_bronze_L09_01,Импульсная пушка,"Очередь из 3 маленьких голубых импульсов. Лучше показывает частую стрельбу, но слабее за один снаряд. IMG: PNG 512×512, transparent background, centered projectile/VFX sprite, pivot center, no text, no watermark, mobile-friendly, stylized sci-fi, pseudo-3D/top-down readable silhouette.",icon_weapon_common_pulse,9,Bronze,PlayerAndRangers,13,13,16,6.28,6.94,4,6,2,4,False,Pulse,Energy,SelectedTarget,prefab_weapon_common_pulse_projectile,False,0,0
weapon_common_pulse_silver_L09_01,Импульсная пушка,"Очередь из 3 маленьких голубых импульсов. Лучше показывает частую стрельбу, но слабее за один снаряд. IMG: PNG 512×512, transparent background, centered projectile/VFX sprite, pivot center, no text, no watermark, mobile-friendly, stylized sci-fi, pseudo-3D/top-down readable silhouette.",icon_weapon_common_pulse,9,Silver,PlayerAndRangers,12,15,19,6.61,7.31,3,5,1,3,False,Pulse,Energy,SelectedTarget,prefab_weapon_common_pulse_projectile,False,0,0
weapon_common_pulse_gold_L09_01,Импульсная пушка,"Очередь из 3 маленьких голубых импульсов. Лучше показывает частую стрельбу, но слабее за один снаряд. IMG: PNG 512×512, transparent background, centered projectile/VFX sprite, pivot center, no text, no watermark, mobile-friendly, stylized sci-fi, pseudo-3D/top-down readable silhouette.",icon_weapon_common_pulse,9,Gold,PlayerAndRangers,11,17,22,7.01,7.75,2,4,1,2,False,Pulse,Energy,SelectedTarget,prefab_weapon_common_pulse_projectile,False,0,0
weapon_common_pulse_bronze_L10_01,Импульсная пушка,"Очередь из 3 маленьких голубых импульсов. Лучше показывает частую стрельбу, но слабее за один снаряд. IMG: PNG 512×512, transparent background, centered projectile/VFX sprite, pivot center, no text, no watermark, mobile-friendly, stylized sci-fi, pseudo-3D/top-down readable silhouette.",icon_weapon_common_pulse,10,Bronze,PlayerAndRangers,14,14,17,6.39,7.06,5,7,2,4,False,Pulse,Energy,SelectedTarget,prefab_weapon_common_pulse_projectile,False,0,0
weapon_common_pulse_silver_L10_01,Импульсная пушка,"Очередь из 3 маленьких голубых импульсов. Лучше показывает частую стрельбу, но слабее за один снаряд. IMG: PNG 512×512, transparent background, centered projectile/VFX sprite, pivot center, no text, no watermark, mobile-friendly, stylized sci-fi, pseudo-3D/top-down readable silhouette.",icon_weapon_common_pulse,10,Silver,PlayerAndRangers,13,16,20,6.73,7.43,4,6,1,3,False,Pulse,Energy,SelectedTarget,prefab_weapon_common_pulse_projectile,False,0,0
weapon_common_pulse_gold_L10_01,Импульсная пушка,"Очередь из 3 маленьких голубых импульсов. Лучше показывает частую стрельбу, но слабее за один снаряд. IMG: PNG 512×512, transparent background, centered projectile/VFX sprite, pivot center, no text, no watermark, mobile-friendly, stylized sci-fi, pseudo-3D/top-down readable silhouette.",icon_weapon_common_pulse,10,Gold,PlayerAndRangers,12,18,23,7.13,7.88,3,5,1,2,False,Pulse,Energy,SelectedTarget,prefab_weapon_common_pulse_projectile,False,0,0
weapon_common_plasma_bronze_L01_01,Плазменная пушка,"Крупный медленный плазменный шар blue/cyan с мягкой аурой. Сильный, но требует дистанции и времени полёта. IMG: PNG 512×512, transparent background, centered projectile/VFX sprite, pivot center, no text, no watermark, mobile-friendly, stylized sci-fi, pseudo-3D/top-down readable silhouette.",icon_weapon_common_plasma,1,Bronze,PlayerAndRangers,6,18,23,4.96,5.49,4,6,4,6,False,Plasma,Energy,SelectedTarget,prefab_weapon_common_plasma_projectile,False,0,0
weapon_common_plasma_silver_L01_01,Плазменная пушка,"Крупный медленный плазменный шар blue/cyan с мягкой аурой. Сильный, но требует дистанции и времени полёта. IMG: PNG 512×512, transparent background, centered projectile/VFX sprite, pivot center, no text, no watermark, mobile-friendly, stylized sci-fi, pseudo-3D/top-down readable silhouette.",icon_weapon_common_plasma,1,Silver,PlayerAndRangers,5,21,27,5.22,5.78,3,5,3,5,False,Plasma,Energy,SelectedTarget,prefab_weapon_common_plasma_projectile,False,0,0
weapon_common_plasma_gold_L01_01,Плазменная пушка,"Крупный медленный плазменный шар blue/cyan с мягкой аурой. Сильный, но требует дистанции и времени полёта. IMG: PNG 512×512, transparent background, centered projectile/VFX sprite, pivot center, no text, no watermark, mobile-friendly, stylized sci-fi, pseudo-3D/top-down readable silhouette.",icon_weapon_common_plasma,1,Gold,PlayerAndRangers,4,24,31,5.53,6.13,2,4,2,4,False,Plasma,Energy,SelectedTarget,prefab_weapon_common_plasma_projectile,False,0,0
weapon_common_plasma_bronze_L02_01,Плазменная пушка,"Крупный медленный плазменный шар blue/cyan с мягкой аурой. Сильный, но требует дистанции и времени полёта. IMG: PNG 512×512, transparent background, centered projectile/VFX sprite, pivot center, no text, no watermark, mobile-friendly, stylized sci-fi, pseudo-3D/top-down readable silhouette.",icon_weapon_common_plasma,2,Bronze,PlayerAndRangers,7,22,27,5.07,5.61,4,6,4,6,False,Plasma,Energy,SelectedTarget,prefab_weapon_common_plasma_projectile,False,0,0
weapon_common_plasma_silver_L02_01,Плазменная пушка,"Крупный медленный плазменный шар blue/cyan с мягкой аурой. Сильный, но требует дистанции и времени полёта. IMG: PNG 512×512, transparent background, centered projectile/VFX sprite, pivot center, no text, no watermark, mobile-friendly, stylized sci-fi, pseudo-3D/top-down readable silhouette.",icon_weapon_common_plasma,2,Silver,PlayerAndRangers,6,26,32,5.34,5.9,3,5,3,5,False,Plasma,Energy,SelectedTarget,prefab_weapon_common_plasma_projectile,False,0,0
weapon_common_plasma_gold_L02_01,Плазменная пушка,"Крупный медленный плазменный шар blue/cyan с мягкой аурой. Сильный, но требует дистанции и времени полёта. IMG: PNG 512×512, transparent background, centered projectile/VFX sprite, pivot center, no text, no watermark, mobile-friendly, stylized sci-fi, pseudo-3D/top-down readable silhouette.",icon_weapon_common_plasma,2,Gold,PlayerAndRangers,5,30,37,5.66,6.25,2,4,2,4,False,Plasma,Energy,SelectedTarget,prefab_weapon_common_plasma_projectile,False,0,0
weapon_common_plasma_bronze_L03_01,Плазменная пушка,"Крупный медленный плазменный шар blue/cyan с мягкой аурой. Сильный, но требует дистанции и времени полёта. IMG: PNG 512×512, transparent background, centered projectile/VFX sprite, pivot center, no text, no watermark, mobile-friendly, stylized sci-fi, pseudo-3D/top-down readable silhouette.",icon_weapon_common_plasma,3,Bronze,PlayerAndRangers,8,26,33,5.18,5.73,4,6,4,6,False,Plasma,Energy,SelectedTarget,prefab_weapon_common_plasma_projectile,False,0,0
weapon_common_plasma_silver_L03_01,Плазменная пушка,"Крупный медленный плазменный шар blue/cyan с мягкой аурой. Сильный, но требует дистанции и времени полёта. IMG: PNG 512×512, transparent background, centered projectile/VFX sprite, pivot center, no text, no watermark, mobile-friendly, stylized sci-fi, pseudo-3D/top-down readable silhouette.",icon_weapon_common_plasma,3,Silver,PlayerAndRangers,7,31,39,5.45,6.03,3,5,3,5,False,Plasma,Energy,SelectedTarget,prefab_weapon_common_plasma_projectile,False,0,0
weapon_common_plasma_gold_L03_01,Плазменная пушка,"Крупный медленный плазменный шар blue/cyan с мягкой аурой. Сильный, но требует дистанции и времени полёта. IMG: PNG 512×512, transparent background, centered projectile/VFX sprite, pivot center, no text, no watermark, mobile-friendly, stylized sci-fi, pseudo-3D/top-down readable silhouette.",icon_weapon_common_plasma,3,Gold,PlayerAndRangers,6,36,45,5.78,6.39,2,4,2,4,False,Plasma,Energy,SelectedTarget,prefab_weapon_common_plasma_projectile,False,0,0
weapon_common_plasma_bronze_L04_01,Плазменная пушка,"Крупный медленный плазменный шар blue/cyan с мягкой аурой. Сильный, но требует дистанции и времени полёта. IMG: PNG 512×512, transparent background, centered projectile/VFX sprite, pivot center, no text, no watermark, mobile-friendly, stylized sci-fi, pseudo-3D/top-down readable silhouette.",icon_weapon_common_plasma,4,Bronze,PlayerAndRangers,9,31,37,5.29,5.84,5,7,4,6,False,Plasma,Energy,SelectedTarget,prefab_weapon_common_plasma_projectile,False,0,0
weapon_common_plasma_silver_L04_01,Плазменная пушка,"Крупный медленный плазменный шар blue/cyan с мягкой аурой. Сильный, но требует дистанции и времени полёта. IMG: PNG 512×512, transparent background, centered projectile/VFX sprite, pivot center, no text, no watermark, mobile-friendly, stylized sci-fi, pseudo-3D/top-down readable silhouette.",icon_weapon_common_plasma,4,Silver,PlayerAndRangers,8,36,44,5.57,6.15,4,6,3,5,False,Plasma,Energy,SelectedTarget,prefab_weapon_common_plasma_projectile,False,0,0
weapon_common_plasma_gold_L04_01,Плазменная пушка,"Крупный медленный плазменный шар blue/cyan с мягкой аурой. Сильный, но требует дистанции и времени полёта. IMG: PNG 512×512, transparent background, centered projectile/VFX sprite, pivot center, no text, no watermark, mobile-friendly, stylized sci-fi, pseudo-3D/top-down readable silhouette.",icon_weapon_common_plasma,4,Gold,PlayerAndRangers,7,41,51,5.9,6.52,3,5,2,4,False,Plasma,Energy,SelectedTarget,prefab_weapon_common_plasma_projectile,False,0,0
weapon_common_plasma_bronze_L05_01,Плазменная пушка,"Крупный медленный плазменный шар blue/cyan с мягкой аурой. Сильный, но требует дистанции и времени полёта. IMG: PNG 512×512, transparent background, centered projectile/VFX sprite, pivot center, no text, no watermark, mobile-friendly, stylized sci-fi, pseudo-3D/top-down readable silhouette.",icon_weapon_common_plasma,5,Bronze,PlayerAndRangers,10,34,42,5.4,5.97,5,7,4,6,False,Plasma,Energy,SelectedTarget,prefab_weapon_common_plasma_projectile,False,0,0
weapon_common_plasma_silver_L05_01,Плазменная пушка,"Крупный медленный плазменный шар blue/cyan с мягкой аурой. Сильный, но требует дистанции и времени полёта. IMG: PNG 512×512, transparent background, centered projectile/VFX sprite, pivot center, no text, no watermark, mobile-friendly, stylized sci-fi, pseudo-3D/top-down readable silhouette.",icon_weapon_common_plasma,5,Silver,PlayerAndRangers,9,40,50,5.68,6.28,4,6,3,5,False,Plasma,Energy,SelectedTarget,prefab_weapon_common_plasma_projectile,False,0,0
weapon_common_plasma_gold_L05_01,Плазменная пушка,"Крупный медленный плазменный шар blue/cyan с мягкой аурой. Сильный, но требует дистанции и времени полёта. IMG: PNG 512×512, transparent background, centered projectile/VFX sprite, pivot center, no text, no watermark, mobile-friendly, stylized sci-fi, pseudo-3D/top-down readable silhouette.",icon_weapon_common_plasma,5,Gold,PlayerAndRangers,8,46,57,6.02,6.66,3,5,2,4,False,Plasma,Energy,SelectedTarget,prefab_weapon_common_plasma_projectile,False,0,0
weapon_common_plasma_bronze_L06_01,Плазменная пушка,"Крупный медленный плазменный шар blue/cyan с мягкой аурой. Сильный, но требует дистанции и времени полёта. IMG: PNG 512×512, transparent background, centered projectile/VFX sprite, pivot center, no text, no watermark, mobile-friendly, stylized sci-fi, pseudo-3D/top-down readable silhouette.",icon_weapon_common_plasma,6,Bronze,PlayerAndRangers,11,38,48,5.5,6.09,5,7,4,6,False,Plasma,Energy,SelectedTarget,prefab_weapon_common_plasma_projectile,False,0,0
weapon_common_plasma_silver_L06_01,Плазменная пушка,"Крупный медленный плазменный шар blue/cyan с мягкой аурой. Сильный, но требует дистанции и времени полёта. IMG: PNG 512×512, transparent background, centered projectile/VFX sprite, pivot center, no text, no watermark, mobile-friendly, stylized sci-fi, pseudo-3D/top-down readable silhouette.",icon_weapon_common_plasma,6,Silver,PlayerAndRangers,10,45,56,5.79,6.41,4,6,3,5,False,Plasma,Energy,SelectedTarget,prefab_weapon_common_plasma_projectile,False,0,0
weapon_common_plasma_gold_L06_01,Плазменная пушка,"Крупный медленный плазменный шар blue/cyan с мягкой аурой. Сильный, но требует дистанции и времени полёта. IMG: PNG 512×512, transparent background, centered projectile/VFX sprite, pivot center, no text, no watermark, mobile-friendly, stylized sci-fi, pseudo-3D/top-down readable silhouette.",icon_weapon_common_plasma,6,Gold,PlayerAndRangers,9,52,64,6.14,6.79,3,5,2,4,False,Plasma,Energy,SelectedTarget,prefab_weapon_common_plasma_projectile,False,0,0
weapon_common_plasma_bronze_L07_01,Плазменная пушка,"Крупный медленный плазменный шар blue/cyan с мягкой аурой. Сильный, но требует дистанции и времени полёта. IMG: PNG 512×512, transparent background, centered projectile/VFX sprite, pivot center, no text, no watermark, mobile-friendly, stylized sci-fi, pseudo-3D/top-down readable silhouette.",icon_weapon_common_plasma,7,Bronze,PlayerAndRangers,12,42,53,5.61,6.2,6,8,4,6,False,Plasma,Energy,SelectedTarget,prefab_weapon_common_plasma_projectile,False,0,0
weapon_common_plasma_silver_L07_01,Плазменная пушка,"Крупный медленный плазменный шар blue/cyan с мягкой аурой. Сильный, но требует дистанции и времени полёта. IMG: PNG 512×512, transparent background, centered projectile/VFX sprite, pivot center, no text, no watermark, mobile-friendly, stylized sci-fi, pseudo-3D/top-down readable silhouette.",icon_weapon_common_plasma,7,Silver,PlayerAndRangers,11,50,62,5.91,6.53,5,7,3,5,False,Plasma,Energy,SelectedTarget,prefab_weapon_common_plasma_projectile,False,0,0
weapon_common_plasma_gold_L07_01,Плазменная пушка,"Крупный медленный плазменный шар blue/cyan с мягкой аурой. Сильный, но требует дистанции и времени полёта. IMG: PNG 512×512, transparent background, centered projectile/VFX sprite, pivot center, no text, no watermark, mobile-friendly, stylized sci-fi, pseudo-3D/top-down readable silhouette.",icon_weapon_common_plasma,7,Gold,PlayerAndRangers,10,57,71,6.26,6.92,4,6,2,4,False,Plasma,Energy,SelectedTarget,prefab_weapon_common_plasma_projectile,False,0,0
weapon_common_plasma_bronze_L08_01,Плазменная пушка,"Крупный медленный плазменный шар blue/cyan с мягкой аурой. Сильный, но требует дистанции и времени полёта. IMG: PNG 512×512, transparent background, centered projectile/VFX sprite, pivot center, no text, no watermark, mobile-friendly, stylized sci-fi, pseudo-3D/top-down readable silhouette.",icon_weapon_common_plasma,8,Bronze,PlayerAndRangers,13,46,58,5.72,6.33,6,8,4,6,False,Plasma,Energy,SelectedTarget,prefab_weapon_common_plasma_projectile,False,0,0
weapon_common_plasma_silver_L08_01,Плазменная пушка,"Крупный медленный плазменный шар blue/cyan с мягкой аурой. Сильный, но требует дистанции и времени полёта. IMG: PNG 512×512, transparent background, centered projectile/VFX sprite, pivot center, no text, no watermark, mobile-friendly, stylized sci-fi, pseudo-3D/top-down readable silhouette.",icon_weapon_common_plasma,8,Silver,PlayerAndRangers,12,54,68,6.02,6.66,5,7,3,5,False,Plasma,Energy,SelectedTarget,prefab_weapon_common_plasma_projectile,False,0,0
weapon_common_plasma_gold_L08_01,Плазменная пушка,"Крупный медленный плазменный шар blue/cyan с мягкой аурой. Сильный, но требует дистанции и времени полёта. IMG: PNG 512×512, transparent background, centered projectile/VFX sprite, pivot center, no text, no watermark, mobile-friendly, stylized sci-fi, pseudo-3D/top-down readable silhouette.",icon_weapon_common_plasma,8,Gold,PlayerAndRangers,11,62,78,6.38,7.06,4,6,2,4,False,Plasma,Energy,SelectedTarget,prefab_weapon_common_plasma_projectile,False,0,0
weapon_common_plasma_bronze_L09_01,Плазменная пушка,"Крупный медленный плазменный шар blue/cyan с мягкой аурой. Сильный, но требует дистанции и времени полёта. IMG: PNG 512×512, transparent background, centered projectile/VFX sprite, pivot center, no text, no watermark, mobile-friendly, stylized sci-fi, pseudo-3D/top-down readable silhouette.",icon_weapon_common_plasma,9,Bronze,PlayerAndRangers,14,50,62,5.83,6.44,6,8,4,6,False,Plasma,Energy,SelectedTarget,prefab_weapon_common_plasma_projectile,False,0,0
weapon_common_plasma_silver_L09_01,Плазменная пушка,"Крупный медленный плазменный шар blue/cyan с мягкой аурой. Сильный, но требует дистанции и времени полёта. IMG: PNG 512×512, transparent background, centered projectile/VFX sprite, pivot center, no text, no watermark, mobile-friendly, stylized sci-fi, pseudo-3D/top-down readable silhouette.",icon_weapon_common_plasma,9,Silver,PlayerAndRangers,13,59,73,6.14,6.78,5,7,3,5,False,Plasma,Energy,SelectedTarget,prefab_weapon_common_plasma_projectile,False,0,0
weapon_common_plasma_gold_L09_01,Плазменная пушка,"Крупный медленный плазменный шар blue/cyan с мягкой аурой. Сильный, но требует дистанции и времени полёта. IMG: PNG 512×512, transparent background, centered projectile/VFX sprite, pivot center, no text, no watermark, mobile-friendly, stylized sci-fi, pseudo-3D/top-down readable silhouette.",icon_weapon_common_plasma,9,Gold,PlayerAndRangers,12,68,84,6.51,7.19,4,6,2,4,False,Plasma,Energy,SelectedTarget,prefab_weapon_common_plasma_projectile,False,0,0
weapon_common_plasma_bronze_L10_01,Плазменная пушка,"Крупный медленный плазменный шар blue/cyan с мягкой аурой. Сильный, но требует дистанции и времени полёта. IMG: PNG 512×512, transparent background, centered projectile/VFX sprite, pivot center, no text, no watermark, mobile-friendly, stylized sci-fi, pseudo-3D/top-down readable silhouette.",icon_weapon_common_plasma,10,Bronze,PlayerAndRangers,15,54,68,5.94,6.56,7,9,4,6,False,Plasma,Energy,SelectedTarget,prefab_weapon_common_plasma_projectile,False,0,0
weapon_common_plasma_silver_L10_01,Плазменная пушка,"Крупный медленный плазменный шар blue/cyan с мягкой аурой. Сильный, но требует дистанции и времени полёта. IMG: PNG 512×512, transparent background, centered projectile/VFX sprite, pivot center, no text, no watermark, mobile-friendly, stylized sci-fi, pseudo-3D/top-down readable silhouette.",icon_weapon_common_plasma,10,Silver,PlayerAndRangers,14,64,80,6.25,6.91,6,8,3,5,False,Plasma,Energy,SelectedTarget,prefab_weapon_common_plasma_projectile,False,0,0
weapon_common_plasma_gold_L10_01,Плазменная пушка,"Крупный медленный плазменный шар blue/cyan с мягкой аурой. Сильный, но требует дистанции и времени полёта. IMG: PNG 512×512, transparent background, centered projectile/VFX sprite, pivot center, no text, no watermark, mobile-friendly, stylized sci-fi, pseudo-3D/top-down readable silhouette.",icon_weapon_common_plasma,10,Gold,PlayerAndRangers,13,74,92,6.62,7.32,5,7,2,4,False,Plasma,Energy,SelectedTarget,prefab_weapon_common_plasma_projectile,False,0,0
weapon_common_railgun_bronze_L01_01,Рельсотрон,"Узкий сверхбыстрый кинетический трассер cyan-white. Дальнобойное точное оружие. IMG: PNG 512×512, transparent background, centered projectile/VFX sprite, pivot center, no text, no watermark, mobile-friendly, stylized sci-fi, pseudo-3D/top-down readable silhouette.",icon_weapon_common_railgun,1,Bronze,PlayerAndRangers,6,24,31,8.12,8.98,5,7,2,4,False,Railgun,Kinetic,SelectedTarget,prefab_weapon_common_railgun_projectile,False,0,0
weapon_common_railgun_silver_L01_01,Рельсотрон,"Узкий сверхбыстрый кинетический трассер cyan-white. Дальнобойное точное оружие. IMG: PNG 512×512, transparent background, centered projectile/VFX sprite, pivot center, no text, no watermark, mobile-friendly, stylized sci-fi, pseudo-3D/top-down readable silhouette.",icon_weapon_common_railgun,1,Silver,PlayerAndRangers,5,28,36,8.55,9.45,4,6,1,3,False,Railgun,Kinetic,SelectedTarget,prefab_weapon_common_railgun_projectile,False,0,0
weapon_common_railgun_gold_L01_01,Рельсотрон,"Узкий сверхбыстрый кинетический трассер cyan-white. Дальнобойное точное оружие. IMG: PNG 512×512, transparent background, centered projectile/VFX sprite, pivot center, no text, no watermark, mobile-friendly, stylized sci-fi, pseudo-3D/top-down readable silhouette.",icon_weapon_common_railgun,1,Gold,PlayerAndRangers,4,32,41,9.06,10.02,3,5,1,2,False,Railgun,Kinetic,SelectedTarget,prefab_weapon_common_railgun_projectile,False,0,0
weapon_common_railgun_bronze_L02_01,Рельсотрон,"Узкий сверхбыстрый кинетический трассер cyan-white. Дальнобойное точное оружие. IMG: PNG 512×512, transparent background, centered projectile/VFX sprite, pivot center, no text, no watermark, mobile-friendly, stylized sci-fi, pseudo-3D/top-down readable silhouette.",icon_weapon_common_railgun,2,Bronze,PlayerAndRangers,7,30,37,8.23,9.1,5,7,2,4,False,Railgun,Kinetic,SelectedTarget,prefab_weapon_common_railgun_projectile,False,0,0
weapon_common_railgun_silver_L02_01,Рельсотрон,"Узкий сверхбыстрый кинетический трассер cyan-white. Дальнобойное точное оружие. IMG: PNG 512×512, transparent background, centered projectile/VFX sprite, pivot center, no text, no watermark, mobile-friendly, stylized sci-fi, pseudo-3D/top-down readable silhouette.",icon_weapon_common_railgun,2,Silver,PlayerAndRangers,6,35,43,8.66,9.58,4,6,1,3,False,Railgun,Kinetic,SelectedTarget,prefab_weapon_common_railgun_projectile,False,0,0
weapon_common_railgun_gold_L02_01,Рельсотрон,"Узкий сверхбыстрый кинетический трассер cyan-white. Дальнобойное точное оружие. IMG: PNG 512×512, transparent background, centered projectile/VFX sprite, pivot center, no text, no watermark, mobile-friendly, stylized sci-fi, pseudo-3D/top-down readable silhouette.",icon_weapon_common_railgun,2,Gold,PlayerAndRangers,5,40,49,9.18,10.15,3,5,1,2,False,Railgun,Kinetic,SelectedTarget,prefab_weapon_common_railgun_projectile,False,0,0
weapon_common_railgun_bronze_L03_01,Рельсотрон,"Узкий сверхбыстрый кинетический трассер cyan-white. Дальнобойное точное оружие. IMG: PNG 512×512, transparent background, centered projectile/VFX sprite, pivot center, no text, no watermark, mobile-friendly, stylized sci-fi, pseudo-3D/top-down readable silhouette.",icon_weapon_common_railgun,3,Bronze,PlayerAndRangers,8,35,43,8.34,9.21,5,7,2,4,False,Railgun,Kinetic,SelectedTarget,prefab_weapon_common_railgun_projectile,False,0,0
weapon_common_railgun_silver_L03_01,Рельсотрон,"Узкий сверхбыстрый кинетический трассер cyan-white. Дальнобойное точное оружие. IMG: PNG 512×512, transparent background, centered projectile/VFX sprite, pivot center, no text, no watermark, mobile-friendly, stylized sci-fi, pseudo-3D/top-down readable silhouette.",icon_weapon_common_railgun,3,Silver,PlayerAndRangers,7,41,51,8.78,9.7,4,6,1,3,False,Railgun,Kinetic,SelectedTarget,prefab_weapon_common_railgun_projectile,False,0,0
weapon_common_railgun_gold_L03_01,Рельсотрон,"Узкий сверхбыстрый кинетический трассер cyan-white. Дальнобойное точное оружие. IMG: PNG 512×512, transparent background, centered projectile/VFX sprite, pivot center, no text, no watermark, mobile-friendly, stylized sci-fi, pseudo-3D/top-down readable silhouette.",icon_weapon_common_railgun,3,Gold,PlayerAndRangers,6,47,59,9.31,10.28,3,5,1,2,False,Railgun,Kinetic,SelectedTarget,prefab_weapon_common_railgun_projectile,False,0,0
weapon_common_railgun_bronze_L04_01,Рельсотрон,"Узкий сверхбыстрый кинетический трассер cyan-white. Дальнобойное точное оружие. IMG: PNG 512×512, transparent background, centered projectile/VFX sprite, pivot center, no text, no watermark, mobile-friendly, stylized sci-fi, pseudo-3D/top-down readable silhouette.",icon_weapon_common_railgun,4,Bronze,PlayerAndRangers,9,40,50,8.45,9.34,6,8,2,4,False,Railgun,Kinetic,SelectedTarget,prefab_weapon_common_railgun_projectile,False,0,0
weapon_common_railgun_silver_L04_01,Рельсотрон,"Узкий сверхбыстрый кинетический трассер cyan-white. Дальнобойное точное оружие. IMG: PNG 512×512, transparent background, centered projectile/VFX sprite, pivot center, no text, no watermark, mobile-friendly, stylized sci-fi, pseudo-3D/top-down readable silhouette.",icon_weapon_common_railgun,4,Silver,PlayerAndRangers,8,47,59,8.89,9.83,5,7,1,3,False,Railgun,Kinetic,SelectedTarget,prefab_weapon_common_railgun_projectile,False,0,0
weapon_common_railgun_gold_L04_01,Рельсотрон,"Узкий сверхбыстрый кинетический трассер cyan-white. Дальнобойное точное оружие. IMG: PNG 512×512, transparent background, centered projectile/VFX sprite, pivot center, no text, no watermark, mobile-friendly, stylized sci-fi, pseudo-3D/top-down readable silhouette.",icon_weapon_common_railgun,4,Gold,PlayerAndRangers,7,54,68,9.42,10.42,4,6,1,2,False,Railgun,Kinetic,SelectedTarget,prefab_weapon_common_railgun_projectile,False,0,0
weapon_common_railgun_bronze_L05_01,Рельсотрон,"Узкий сверхбыстрый кинетический трассер cyan-white. Дальнобойное точное оружие. IMG: PNG 512×512, transparent background, centered projectile/VFX sprite, pivot center, no text, no watermark, mobile-friendly, stylized sci-fi, pseudo-3D/top-down readable silhouette.",icon_weapon_common_railgun,5,Bronze,PlayerAndRangers,10,46,56,8.56,9.45,6,8,2,4,False,Railgun,Kinetic,SelectedTarget,prefab_weapon_common_railgun_projectile,False,0,0
weapon_common_railgun_silver_L05_01,Рельсотрон,"Узкий сверхбыстрый кинетический трассер cyan-white. Дальнобойное точное оружие. IMG: PNG 512×512, transparent background, centered projectile/VFX sprite, pivot center, no text, no watermark, mobile-friendly, stylized sci-fi, pseudo-3D/top-down readable silhouette.",icon_weapon_common_railgun,5,Silver,PlayerAndRangers,9,54,66,9.01,9.95,5,7,1,3,False,Railgun,Kinetic,SelectedTarget,prefab_weapon_common_railgun_projectile,False,0,0
weapon_common_railgun_gold_L05_01,Рельсотрон,"Узкий сверхбыстрый кинетический трассер cyan-white. Дальнобойное точное оружие. IMG: PNG 512×512, transparent background, centered projectile/VFX sprite, pivot center, no text, no watermark, mobile-friendly, stylized sci-fi, pseudo-3D/top-down readable silhouette.",icon_weapon_common_railgun,5,Gold,PlayerAndRangers,8,62,76,9.55,10.55,4,6,1,2,False,Railgun,Kinetic,SelectedTarget,prefab_weapon_common_railgun_projectile,False,0,0
weapon_common_railgun_bronze_L06_01,Рельсотрон,"Узкий сверхбыстрый кинетический трассер cyan-white. Дальнобойное точное оружие. IMG: PNG 512×512, transparent background, centered projectile/VFX sprite, pivot center, no text, no watermark, mobile-friendly, stylized sci-fi, pseudo-3D/top-down readable silhouette.",icon_weapon_common_railgun,6,Bronze,PlayerAndRangers,11,51,63,8.66,9.58,6,8,2,4,False,Railgun,Kinetic,SelectedTarget,prefab_weapon_common_railgun_projectile,False,0,0
weapon_common_railgun_silver_L06_01,Рельсотрон,"Узкий сверхбыстрый кинетический трассер cyan-white. Дальнобойное точное оружие. IMG: PNG 512×512, transparent background, centered projectile/VFX sprite, pivot center, no text, no watermark, mobile-friendly, stylized sci-fi, pseudo-3D/top-down readable silhouette.",icon_weapon_common_railgun,6,Silver,PlayerAndRangers,10,60,74,9.12,10.08,5,7,1,3,False,Railgun,Kinetic,SelectedTarget,prefab_weapon_common_railgun_projectile,False,0,0
weapon_common_railgun_gold_L06_01,Рельсотрон,"Узкий сверхбыстрый кинетический трассер cyan-white. Дальнобойное точное оружие. IMG: PNG 512×512, transparent background, centered projectile/VFX sprite, pivot center, no text, no watermark, mobile-friendly, stylized sci-fi, pseudo-3D/top-down readable silhouette.",icon_weapon_common_railgun,6,Gold,PlayerAndRangers,9,69,85,9.67,10.68,4,6,1,2,False,Railgun,Kinetic,SelectedTarget,prefab_weapon_common_railgun_projectile,False,0,0
weapon_common_railgun_bronze_L07_01,Рельсотрон,"Узкий сверхбыстрый кинетический трассер cyan-white. Дальнобойное точное оружие. IMG: PNG 512×512, transparent background, centered projectile/VFX sprite, pivot center, no text, no watermark, mobile-friendly, stylized sci-fi, pseudo-3D/top-down readable silhouette.",icon_weapon_common_railgun,7,Bronze,PlayerAndRangers,12,56,70,8.77,9.7,7,9,2,4,False,Railgun,Kinetic,SelectedTarget,prefab_weapon_common_railgun_projectile,False,0,0
weapon_common_railgun_silver_L07_01,Рельсотрон,"Узкий сверхбыстрый кинетический трассер cyan-white. Дальнобойное точное оружие. IMG: PNG 512×512, transparent background, centered projectile/VFX sprite, pivot center, no text, no watermark, mobile-friendly, stylized sci-fi, pseudo-3D/top-down readable silhouette.",icon_weapon_common_railgun,7,Silver,PlayerAndRangers,11,66,82,9.23,10.21,6,8,1,3,False,Railgun,Kinetic,SelectedTarget,prefab_weapon_common_railgun_projectile,False,0,0
weapon_common_railgun_gold_L07_01,Рельсотрон,"Узкий сверхбыстрый кинетический трассер cyan-white. Дальнобойное точное оружие. IMG: PNG 512×512, transparent background, centered projectile/VFX sprite, pivot center, no text, no watermark, mobile-friendly, stylized sci-fi, pseudo-3D/top-down readable silhouette.",icon_weapon_common_railgun,7,Gold,PlayerAndRangers,10,76,94,9.78,10.82,5,7,1,2,False,Railgun,Kinetic,SelectedTarget,prefab_weapon_common_railgun_projectile,False,0,0
weapon_common_railgun_bronze_L08_01,Рельсотрон,"Узкий сверхбыстрый кинетический трассер cyan-white. Дальнобойное точное оружие. IMG: PNG 512×512, transparent background, centered projectile/VFX sprite, pivot center, no text, no watermark, mobile-friendly, stylized sci-fi, pseudo-3D/top-down readable silhouette.",icon_weapon_common_railgun,8,Bronze,PlayerAndRangers,13,61,76,8.88,9.81,7,9,2,4,False,Railgun,Kinetic,SelectedTarget,prefab_weapon_common_railgun_projectile,False,0,0
weapon_common_railgun_silver_L08_01,Рельсотрон,"Узкий сверхбыстрый кинетический трассер cyan-white. Дальнобойное точное оружие. IMG: PNG 512×512, transparent background, centered projectile/VFX sprite, pivot center, no text, no watermark, mobile-friendly, stylized sci-fi, pseudo-3D/top-down readable silhouette.",icon_weapon_common_railgun,8,Silver,PlayerAndRangers,12,72,90,9.35,10.33,6,8,1,3,False,Railgun,Kinetic,SelectedTarget,prefab_weapon_common_railgun_projectile,False,0,0
weapon_common_railgun_gold_L08_01,Рельсотрон,"Узкий сверхбыстрый кинетический трассер cyan-white. Дальнобойное точное оружие. IMG: PNG 512×512, transparent background, centered projectile/VFX sprite, pivot center, no text, no watermark, mobile-friendly, stylized sci-fi, pseudo-3D/top-down readable silhouette.",icon_weapon_common_railgun,8,Gold,PlayerAndRangers,11,83,103,9.91,10.95,5,7,1,2,False,Railgun,Kinetic,SelectedTarget,prefab_weapon_common_railgun_projectile,False,0,0
weapon_common_railgun_bronze_L09_01,Рельсотрон,"Узкий сверхбыстрый кинетический трассер cyan-white. Дальнобойное точное оружие. IMG: PNG 512×512, transparent background, centered projectile/VFX sprite, pivot center, no text, no watermark, mobile-friendly, stylized sci-fi, pseudo-3D/top-down readable silhouette.",icon_weapon_common_railgun,9,Bronze,PlayerAndRangers,14,67,82,8.99,9.94,7,9,2,4,False,Railgun,Kinetic,SelectedTarget,prefab_weapon_common_railgun_projectile,False,0,0
weapon_common_railgun_silver_L09_01,Рельсотрон,"Узкий сверхбыстрый кинетический трассер cyan-white. Дальнобойное точное оружие. IMG: PNG 512×512, transparent background, centered projectile/VFX sprite, pivot center, no text, no watermark, mobile-friendly, stylized sci-fi, pseudo-3D/top-down readable silhouette.",icon_weapon_common_railgun,9,Silver,PlayerAndRangers,13,79,97,9.46,10.46,6,8,1,3,False,Railgun,Kinetic,SelectedTarget,prefab_weapon_common_railgun_projectile,False,0,0
weapon_common_railgun_gold_L09_01,Рельсотрон,"Узкий сверхбыстрый кинетический трассер cyan-white. Дальнобойное точное оружие. IMG: PNG 512×512, transparent background, centered projectile/VFX sprite, pivot center, no text, no watermark, mobile-friendly, stylized sci-fi, pseudo-3D/top-down readable silhouette.",icon_weapon_common_railgun,9,Gold,PlayerAndRangers,12,91,112,10.03,11.09,5,7,1,2,False,Railgun,Kinetic,SelectedTarget,prefab_weapon_common_railgun_projectile,False,0,0
weapon_common_railgun_bronze_L10_01,Рельсотрон,"Узкий сверхбыстрый кинетический трассер cyan-white. Дальнобойное точное оружие. IMG: PNG 512×512, transparent background, centered projectile/VFX sprite, pivot center, no text, no watermark, mobile-friendly, stylized sci-fi, pseudo-3D/top-down readable silhouette.",icon_weapon_common_railgun,10,Bronze,PlayerAndRangers,15,72,89,9.1,10.05,8,10,2,4,False,Railgun,Kinetic,SelectedTarget,prefab_weapon_common_railgun_projectile,False,0,0
weapon_common_railgun_silver_L10_01,Рельсотрон,"Узкий сверхбыстрый кинетический трассер cyan-white. Дальнобойное точное оружие. IMG: PNG 512×512, transparent background, centered projectile/VFX sprite, pivot center, no text, no watermark, mobile-friendly, stylized sci-fi, pseudo-3D/top-down readable silhouette.",icon_weapon_common_railgun,10,Silver,PlayerAndRangers,14,85,105,9.58,10.58,7,9,1,3,False,Railgun,Kinetic,SelectedTarget,prefab_weapon_common_railgun_projectile,False,0,0
weapon_common_railgun_gold_L10_01,Рельсотрон,"Узкий сверхбыстрый кинетический трассер cyan-white. Дальнобойное точное оружие. IMG: PNG 512×512, transparent background, centered projectile/VFX sprite, pivot center, no text, no watermark, mobile-friendly, stylized sci-fi, pseudo-3D/top-down readable silhouette.",icon_weapon_common_railgun,10,Gold,PlayerAndRangers,13,98,121,10.15,11.21,6,8,1,2,False,Railgun,Kinetic,SelectedTarget,prefab_weapon_common_railgun_projectile,False,0,0
weapon_common_missile_bronze_L01_01,Ракетная установка,"Одна управляемая ракета с голубым двигателем и коротким хвостом. Медленная, но сильная. IMG: PNG 512×512, transparent background, centered projectile/VFX sprite, pivot center, no text, no watermark, mobile-friendly, stylized sci-fi, pseudo-3D/top-down readable silhouette.",icon_weapon_common_missile,1,Bronze,PlayerAndRangers,7,34,42,7.22,7.98,6,8,5,7,False,Missile,Explosive,SelectedTarget,prefab_weapon_common_missile_projectile,True,19,28
weapon_common_missile_silver_L01_01,Ракетная установка,"Одна управляемая ракета с голубым двигателем и коротким хвостом. Медленная, но сильная. IMG: PNG 512×512, transparent background, centered projectile/VFX sprite, pivot center, no text, no watermark, mobile-friendly, stylized sci-fi, pseudo-3D/top-down readable silhouette.",icon_weapon_common_missile,1,Silver,PlayerAndRangers,6,40,50,7.6,8.4,5,7,4,6,False,Missile,Explosive,SelectedTarget,prefab_weapon_common_missile_projectile,True,22,33
weapon_common_missile_gold_L01_01,Ракетная установка,"Одна управляемая ракета с голубым двигателем и коротким хвостом. Медленная, но сильная. IMG: PNG 512×512, transparent background, centered projectile/VFX sprite, pivot center, no text, no watermark, mobile-friendly, stylized sci-fi, pseudo-3D/top-down readable silhouette.",icon_weapon_common_missile,1,Gold,PlayerAndRangers,5,46,57,8.06,8.9,4,6,3,5,False,Missile,Explosive,SelectedTarget,prefab_weapon_common_missile_projectile,True,25,38
weapon_common_missile_bronze_L02_01,Ракетная установка,"Одна управляемая ракета с голубым двигателем и коротким хвостом. Медленная, но сильная. IMG: PNG 512×512, transparent background, centered projectile/VFX sprite, pivot center, no text, no watermark, mobile-friendly, stylized sci-fi, pseudo-3D/top-down readable silhouette.",icon_weapon_common_missile,2,Bronze,PlayerAndRangers,8,42,52,7.32,8.1,6,8,5,7,False,Missile,Explosive,SelectedTarget,prefab_weapon_common_missile_projectile,True,20,31
weapon_common_missile_silver_L02_01,Ракетная установка,"Одна управляемая ракета с голубым двигателем и коротким хвостом. Медленная, но сильная. IMG: PNG 512×512, transparent background, centered projectile/VFX sprite, pivot center, no text, no watermark, mobile-friendly, stylized sci-fi, pseudo-3D/top-down readable silhouette.",icon_weapon_common_missile,2,Silver,PlayerAndRangers,7,49,61,7.71,8.53,5,7,4,6,False,Missile,Explosive,SelectedTarget,prefab_weapon_common_missile_projectile,True,24,36
weapon_common_missile_gold_L02_01,Ракетная установка,"Одна управляемая ракета с голубым двигателем и коротким хвостом. Медленная, но сильная. IMG: PNG 512×512, transparent background, centered projectile/VFX sprite, pivot center, no text, no watermark, mobile-friendly, stylized sci-fi, pseudo-3D/top-down readable silhouette.",icon_weapon_common_missile,2,Gold,PlayerAndRangers,6,56,70,8.17,9.04,4,6,3,5,False,Missile,Explosive,SelectedTarget,prefab_weapon_common_missile_projectile,True,28,41
weapon_common_missile_bronze_L03_01,Ракетная установка,"Одна управляемая ракета с голубым двигателем и коротким хвостом. Медленная, но сильная. IMG: PNG 512×512, transparent background, centered projectile/VFX sprite, pivot center, no text, no watermark, mobile-friendly, stylized sci-fi, pseudo-3D/top-down readable silhouette.",icon_weapon_common_missile,3,Bronze,PlayerAndRangers,9,49,61,7.44,8.22,6,8,5,7,False,Missile,Explosive,SelectedTarget,prefab_weapon_common_missile_projectile,True,22,33
weapon_common_missile_silver_L03_01,Ракетная установка,"Одна управляемая ракета с голубым двигателем и коротким хвостом. Медленная, но сильная. IMG: PNG 512×512, transparent background, centered projectile/VFX sprite, pivot center, no text, no watermark, mobile-friendly, stylized sci-fi, pseudo-3D/top-down readable silhouette.",icon_weapon_common_missile,3,Silver,PlayerAndRangers,8,58,72,7.83,8.65,5,7,4,6,False,Missile,Explosive,SelectedTarget,prefab_weapon_common_missile_projectile,True,26,39
weapon_common_missile_gold_L03_01,Ракетная установка,"Одна управляемая ракета с голубым двигателем и коротким хвостом. Медленная, но сильная. IMG: PNG 512×512, transparent background, centered projectile/VFX sprite, pivot center, no text, no watermark, mobile-friendly, stylized sci-fi, pseudo-3D/top-down readable silhouette.",icon_weapon_common_missile,3,Gold,PlayerAndRangers,7,67,83,8.3,9.17,4,6,3,5,False,Missile,Explosive,SelectedTarget,prefab_weapon_common_missile_projectile,True,30,45
weapon_common_missile_bronze_L04_01,Ракетная установка,"Одна управляемая ракета с голубым двигателем и коротким хвостом. Медленная, но сильная. IMG: PNG 512×512, transparent background, centered projectile/VFX sprite, pivot center, no text, no watermark, mobile-friendly, stylized sci-fi, pseudo-3D/top-down readable silhouette.",icon_weapon_common_missile,4,Bronze,PlayerAndRangers,10,57,71,7.54,8.34,7,9,5,7,False,Missile,Explosive,SelectedTarget,prefab_weapon_common_missile_projectile,True,24,36
weapon_common_missile_silver_L04_01,Ракетная установка,"Одна управляемая ракета с голубым двигателем и коротким хвостом. Медленная, но сильная. IMG: PNG 512×512, transparent background, centered projectile/VFX sprite, pivot center, no text, no watermark, mobile-friendly, stylized sci-fi, pseudo-3D/top-down readable silhouette.",icon_weapon_common_missile,4,Silver,PlayerAndRangers,9,67,83,7.94,8.78,6,8,4,6,False,Missile,Explosive,SelectedTarget,prefab_weapon_common_missile_projectile,True,28,42
weapon_common_missile_gold_L04_01,Ракетная установка,"Одна управляемая ракета с голубым двигателем и коротким хвостом. Медленная, но сильная. IMG: PNG 512×512, transparent background, centered projectile/VFX sprite, pivot center, no text, no watermark, mobile-friendly, stylized sci-fi, pseudo-3D/top-down readable silhouette.",icon_weapon_common_missile,4,Gold,PlayerAndRangers,8,77,95,8.42,9.31,5,7,3,5,False,Missile,Explosive,SelectedTarget,prefab_weapon_common_missile_projectile,True,32,48
weapon_common_missile_bronze_L05_01,Ракетная установка,"Одна управляемая ракета с голубым двигателем и коротким хвостом. Медленная, но сильная. IMG: PNG 512×512, transparent background, centered projectile/VFX sprite, pivot center, no text, no watermark, mobile-friendly, stylized sci-fi, pseudo-3D/top-down readable silhouette.",icon_weapon_common_missile,5,Bronze,PlayerAndRangers,11,65,80,7.66,8.46,7,9,5,7,False,Missile,Explosive,SelectedTarget,prefab_weapon_common_missile_projectile,True,26,38
weapon_common_missile_silver_L05_01,Ракетная установка,"Одна управляемая ракета с голубым двигателем и коротким хвостом. Медленная, но сильная. IMG: PNG 512×512, transparent background, centered projectile/VFX sprite, pivot center, no text, no watermark, mobile-friendly, stylized sci-fi, pseudo-3D/top-down readable silhouette.",icon_weapon_common_missile,5,Silver,PlayerAndRangers,10,76,94,8.06,8.9,6,8,4,6,False,Missile,Explosive,SelectedTarget,prefab_weapon_common_missile_projectile,True,30,45
weapon_common_missile_gold_L05_01,Ракетная установка,"Одна управляемая ракета с голубым двигателем и коротким хвостом. Медленная, но сильная. IMG: PNG 512×512, transparent background, centered projectile/VFX sprite, pivot center, no text, no watermark, mobile-friendly, stylized sci-fi, pseudo-3D/top-down readable silhouette.",icon_weapon_common_missile,5,Gold,PlayerAndRangers,9,87,108,8.54,9.43,5,7,3,5,False,Missile,Explosive,SelectedTarget,prefab_weapon_common_missile_projectile,True,34,52
weapon_common_missile_bronze_L06_01,Ракетная установка,"Одна управляемая ракета с голубым двигателем и коротким хвостом. Медленная, но сильная. IMG: PNG 512×512, transparent background, centered projectile/VFX sprite, pivot center, no text, no watermark, mobile-friendly, stylized sci-fi, pseudo-3D/top-down readable silhouette.",icon_weapon_common_missile,6,Bronze,PlayerAndRangers,12,71,88,7.76,8.58,7,9,5,7,False,Missile,Explosive,SelectedTarget,prefab_weapon_common_missile_projectile,True,27,41
weapon_common_missile_silver_L06_01,Ракетная установка,"Одна управляемая ракета с голубым двигателем и коротким хвостом. Медленная, но сильная. IMG: PNG 512×512, transparent background, centered projectile/VFX sprite, pivot center, no text, no watermark, mobile-friendly, stylized sci-fi, pseudo-3D/top-down readable silhouette.",icon_weapon_common_missile,6,Silver,PlayerAndRangers,11,84,104,8.17,9.03,6,8,4,6,False,Missile,Explosive,SelectedTarget,prefab_weapon_common_missile_projectile,True,32,48
weapon_common_missile_gold_L06_01,Ракетная установка,"Одна управляемая ракета с голубым двигателем и коротким хвостом. Медленная, но сильная. IMG: PNG 512×512, transparent background, centered projectile/VFX sprite, pivot center, no text, no watermark, mobile-friendly, stylized sci-fi, pseudo-3D/top-down readable silhouette.",icon_weapon_common_missile,6,Gold,PlayerAndRangers,10,97,120,8.66,9.57,5,7,3,5,False,Missile,Explosive,SelectedTarget,prefab_weapon_common_missile_projectile,True,37,55
weapon_common_missile_bronze_L07_01,Ракетная установка,"Одна управляемая ракета с голубым двигателем и коротким хвостом. Медленная, но сильная. IMG: PNG 512×512, transparent background, centered projectile/VFX sprite, pivot center, no text, no watermark, mobile-friendly, stylized sci-fi, pseudo-3D/top-down readable silhouette.",icon_weapon_common_missile,7,Bronze,PlayerAndRangers,13,79,98,7.87,8.7,8,10,5,7,False,Missile,Explosive,SelectedTarget,prefab_weapon_common_missile_projectile,True,29,43
weapon_common_missile_silver_L07_01,Ракетная установка,"Одна управляемая ракета с голубым двигателем и коротким хвостом. Медленная, но сильная. IMG: PNG 512×512, transparent background, centered projectile/VFX sprite, pivot center, no text, no watermark, mobile-friendly, stylized sci-fi, pseudo-3D/top-down readable silhouette.",icon_weapon_common_missile,7,Silver,PlayerAndRangers,12,93,115,8.28,9.16,7,9,4,6,False,Missile,Explosive,SelectedTarget,prefab_weapon_common_missile_projectile,True,34,51
weapon_common_missile_gold_L07_01,Ракетная установка,"Одна управляемая ракета с голубым двигателем и коротким хвостом. Медленная, но сильная. IMG: PNG 512×512, transparent background, centered projectile/VFX sprite, pivot center, no text, no watermark, mobile-friendly, stylized sci-fi, pseudo-3D/top-down readable silhouette.",icon_weapon_common_missile,7,Gold,PlayerAndRangers,11,107,132,8.78,9.71,6,8,3,5,False,Missile,Explosive,SelectedTarget,prefab_weapon_common_missile_projectile,True,39,59
weapon_common_missile_bronze_L08_01,Ракетная установка,"Одна управляемая ракета с голубым двигателем и коротким хвостом. Медленная, но сильная. IMG: PNG 512×512, transparent background, centered projectile/VFX sprite, pivot center, no text, no watermark, mobile-friendly, stylized sci-fi, pseudo-3D/top-down readable silhouette.",icon_weapon_common_missile,8,Bronze,PlayerAndRangers,14,87,107,7.98,8.82,8,10,5,7,False,Missile,Explosive,SelectedTarget,prefab_weapon_common_missile_projectile,True,31,46
weapon_common_missile_silver_L08_01,Ракетная установка,"Одна управляемая ракета с голубым двигателем и коротким хвостом. Медленная, но сильная. IMG: PNG 512×512, transparent background, centered projectile/VFX sprite, pivot center, no text, no watermark, mobile-friendly, stylized sci-fi, pseudo-3D/top-down readable silhouette.",icon_weapon_common_missile,8,Silver,PlayerAndRangers,13,102,126,8.4,9.28,7,9,4,6,False,Missile,Explosive,SelectedTarget,prefab_weapon_common_missile_projectile,True,36,54
weapon_common_missile_gold_L08_01,Ракетная установка,"Одна управляемая ракета с голубым двигателем и коротким хвостом. Медленная, но сильная. IMG: PNG 512×512, transparent background, centered projectile/VFX sprite, pivot center, no text, no watermark, mobile-friendly, stylized sci-fi, pseudo-3D/top-down readable silhouette.",icon_weapon_common_missile,8,Gold,PlayerAndRangers,12,117,145,8.9,9.84,6,8,3,5,False,Missile,Explosive,SelectedTarget,prefab_weapon_common_missile_projectile,True,41,62
weapon_common_missile_bronze_L09_01,Ракетная установка,"Одна управляемая ракета с голубым двигателем и коротким хвостом. Медленная, но сильная. IMG: PNG 512×512, transparent background, centered projectile/VFX sprite, pivot center, no text, no watermark, mobile-friendly, stylized sci-fi, pseudo-3D/top-down readable silhouette.",icon_weapon_common_missile,9,Bronze,PlayerAndRangers,15,94,116,8.08,8.94,8,10,5,7,False,Missile,Explosive,SelectedTarget,prefab_weapon_common_missile_projectile,True,32,48
weapon_common_missile_silver_L09_01,Ракетная установка,"Одна управляемая ракета с голубым двигателем и коротким хвостом. Медленная, но сильная. IMG: PNG 512×512, transparent background, centered projectile/VFX sprite, pivot center, no text, no watermark, mobile-friendly, stylized sci-fi, pseudo-3D/top-down readable silhouette.",icon_weapon_common_missile,9,Silver,PlayerAndRangers,14,111,137,8.51,9.41,7,9,4,6,False,Missile,Explosive,SelectedTarget,prefab_weapon_common_missile_projectile,True,38,57
weapon_common_missile_gold_L09_01,Ракетная установка,"Одна управляемая ракета с голубым двигателем и коротким хвостом. Медленная, но сильная. IMG: PNG 512×512, transparent background, centered projectile/VFX sprite, pivot center, no text, no watermark, mobile-friendly, stylized sci-fi, pseudo-3D/top-down readable silhouette.",icon_weapon_common_missile,9,Gold,PlayerAndRangers,13,128,158,9.02,9.97,6,8,3,5,False,Missile,Explosive,SelectedTarget,prefab_weapon_common_missile_projectile,True,44,66
weapon_common_missile_bronze_L10_01,Ракетная установка,"Одна управляемая ракета с голубым двигателем и коротким хвостом. Медленная, но сильная. IMG: PNG 512×512, transparent background, centered projectile/VFX sprite, pivot center, no text, no watermark, mobile-friendly, stylized sci-fi, pseudo-3D/top-down readable silhouette.",icon_weapon_common_missile,10,Bronze,PlayerAndRangers,16,102,126,8.2,9.05,9,11,5,7,False,Missile,Explosive,SelectedTarget,prefab_weapon_common_missile_projectile,True,34,51
weapon_common_missile_silver_L10_01,Ракетная установка,"Одна управляемая ракета с голубым двигателем и коротким хвостом. Медленная, но сильная. IMG: PNG 512×512, transparent background, centered projectile/VFX sprite, pivot center, no text, no watermark, mobile-friendly, stylized sci-fi, pseudo-3D/top-down readable silhouette.",icon_weapon_common_missile,10,Silver,PlayerAndRangers,15,120,148,8.63,9.53,8,10,4,6,False,Missile,Explosive,SelectedTarget,prefab_weapon_common_missile_projectile,True,40,60
weapon_common_missile_gold_L10_01,Ракетная установка,"Одна управляемая ракета с голубым двигателем и коротким хвостом. Медленная, но сильная. IMG: PNG 512×512, transparent background, centered projectile/VFX sprite, pivot center, no text, no watermark, mobile-friendly, stylized sci-fi, pseudo-3D/top-down readable silhouette.",icon_weapon_common_missile,10,Gold,PlayerAndRangers,14,138,170,9.15,10.1,7,9,3,5,False,Missile,Explosive,SelectedTarget,prefab_weapon_common_missile_projectile,True,46,69
weapon_ai_laser_silver_L01_01,Прецизионный лазер,"Ровный красный машинный лазер. Выглядит холодно и точно, без органики. IMG: PNG 512×512, transparent background, centered projectile/VFX sprite, pivot center, no text, no watermark, mobile-friendly, stylized sci-fi, pseudo-3D/top-down readable silhouette.",icon_weapon_ai_laser,1,Silver,AI,3,9,13,7.12,7.88,1,3,1,1,True,Laser,Energy,SelectedTarget,prefab_weapon_ai_laser_projectile,False,0,0
weapon_ai_laser_silver_L02_01,Прецизионный лазер,"Ровный красный машинный лазер. Выглядит холодно и точно, без органики. IMG: PNG 512×512, transparent background, centered projectile/VFX sprite, pivot center, no text, no watermark, mobile-friendly, stylized sci-fi, pseudo-3D/top-down readable silhouette.",icon_weapon_ai_laser,2,Silver,AI,4,11,15,7.24,8,1,3,1,1,True,Laser,Energy,SelectedTarget,prefab_weapon_ai_laser_projectile,False,0,0
weapon_ai_laser_silver_L03_01,Прецизионный лазер,"Ровный красный машинный лазер. Выглядит холодно и точно, без органики. IMG: PNG 512×512, transparent background, centered projectile/VFX sprite, pivot center, no text, no watermark, mobile-friendly, stylized sci-fi, pseudo-3D/top-down readable silhouette.",icon_weapon_ai_laser,3,Silver,AI,5,14,18,7.35,8.13,1,3,1,1,True,Laser,Energy,SelectedTarget,prefab_weapon_ai_laser_projectile,False,0,0
weapon_ai_laser_silver_L04_01,Прецизионный лазер,"Ровный красный машинный лазер. Выглядит холодно и точно, без органики. IMG: PNG 512×512, transparent background, centered projectile/VFX sprite, pivot center, no text, no watermark, mobile-friendly, stylized sci-fi, pseudo-3D/top-down readable silhouette.",icon_weapon_ai_laser,4,Silver,AI,6,16,20,7.47,8.25,2,4,1,1,True,Laser,Energy,SelectedTarget,prefab_weapon_ai_laser_projectile,False,0,0
weapon_ai_laser_silver_L05_01,Прецизионный лазер,"Ровный красный машинный лазер. Выглядит холодно и точно, без органики. IMG: PNG 512×512, transparent background, centered projectile/VFX sprite, pivot center, no text, no watermark, mobile-friendly, stylized sci-fi, pseudo-3D/top-down readable silhouette.",icon_weapon_ai_laser,5,Silver,AI,7,18,24,7.58,8.38,2,4,1,1,True,Laser,Energy,SelectedTarget,prefab_weapon_ai_laser_projectile,False,0,0
weapon_ai_laser_silver_L06_01,Прецизионный лазер,"Ровный красный машинный лазер. Выглядит холодно и точно, без органики. IMG: PNG 512×512, transparent background, centered projectile/VFX sprite, pivot center, no text, no watermark, mobile-friendly, stylized sci-fi, pseudo-3D/top-down readable silhouette.",icon_weapon_ai_laser,6,Silver,AI,8,20,26,7.69,8.51,2,4,1,1,True,Laser,Energy,SelectedTarget,prefab_weapon_ai_laser_projectile,False,0,0
weapon_ai_laser_silver_L07_01,Прецизионный лазер,"Ровный красный машинный лазер. Выглядит холодно и точно, без органики. IMG: PNG 512×512, transparent background, centered projectile/VFX sprite, pivot center, no text, no watermark, mobile-friendly, stylized sci-fi, pseudo-3D/top-down readable silhouette.",icon_weapon_ai_laser,7,Silver,AI,9,23,29,7.81,8.63,3,5,1,1,True,Laser,Energy,SelectedTarget,prefab_weapon_ai_laser_projectile,False,0,0
weapon_ai_laser_silver_L08_01,Прецизионный лазер,"Ровный красный машинный лазер. Выглядит холодно и точно, без органики. IMG: PNG 512×512, transparent background, centered projectile/VFX sprite, pivot center, no text, no watermark, mobile-friendly, stylized sci-fi, pseudo-3D/top-down readable silhouette.",icon_weapon_ai_laser,8,Silver,AI,10,25,31,7.92,8.76,3,5,1,1,True,Laser,Energy,SelectedTarget,prefab_weapon_ai_laser_projectile,False,0,0
weapon_ai_laser_silver_L09_01,Прецизионный лазер,"Ровный красный машинный лазер. Выглядит холодно и точно, без органики. IMG: PNG 512×512, transparent background, centered projectile/VFX sprite, pivot center, no text, no watermark, mobile-friendly, stylized sci-fi, pseudo-3D/top-down readable silhouette.",icon_weapon_ai_laser,9,Silver,AI,11,27,33,8.04,8.88,3,5,1,1,True,Laser,Energy,SelectedTarget,prefab_weapon_ai_laser_projectile,False,0,0
weapon_ai_laser_silver_L10_01,Прецизионный лазер,"Ровный красный машинный лазер. Выглядит холодно и точно, без органики. IMG: PNG 512×512, transparent background, centered projectile/VFX sprite, pivot center, no text, no watermark, mobile-friendly, stylized sci-fi, pseudo-3D/top-down readable silhouette.",icon_weapon_ai_laser,10,Silver,AI,12,29,37,8.15,9.01,4,6,1,1,True,Laser,Energy,SelectedTarget,prefab_weapon_ai_laser_projectile,False,0,0
weapon_ai_pulse_silver_L01_01,Геометрический импульс,"Серия из 4 красно-пурпурных геометричных импульсов, квадратных или шестигранных. IMG: PNG 512×512, transparent background, centered projectile/VFX sprite, pivot center, no text, no watermark, mobile-friendly, stylized sci-fi, pseudo-3D/top-down readable silhouette.",icon_weapon_ai_pulse,1,Silver,AI,4,4,6,6.17,6.83,1,3,2,4,False,Pulse,Energy,SelectedTarget,prefab_weapon_ai_pulse_projectile,False,0,0
weapon_ai_pulse_silver_L02_01,Геометрический импульс,"Серия из 4 красно-пурпурных геометричных импульсов, квадратных или шестигранных. IMG: PNG 512×512, transparent background, centered projectile/VFX sprite, pivot center, no text, no watermark, mobile-friendly, stylized sci-fi, pseudo-3D/top-down readable silhouette.",icon_weapon_ai_pulse,2,Silver,AI,5,5,7,6.29,6.95,1,3,2,4,False,Pulse,Energy,SelectedTarget,prefab_weapon_ai_pulse_projectile,False,0,0
weapon_ai_pulse_silver_L03_01,Геометрический импульс,"Серия из 4 красно-пурпурных геометричных импульсов, квадратных или шестигранных. IMG: PNG 512×512, transparent background, centered projectile/VFX sprite, pivot center, no text, no watermark, mobile-friendly, stylized sci-fi, pseudo-3D/top-down readable silhouette.",icon_weapon_ai_pulse,3,Silver,AI,6,6,8,6.4,7.08,1,3,2,4,False,Pulse,Energy,SelectedTarget,prefab_weapon_ai_pulse_projectile,False,0,0
weapon_ai_pulse_silver_L04_01,Геометрический импульс,"Серия из 4 красно-пурпурных геометричных импульсов, квадратных или шестигранных. IMG: PNG 512×512, transparent background, centered projectile/VFX sprite, pivot center, no text, no watermark, mobile-friendly, stylized sci-fi, pseudo-3D/top-down readable silhouette.",icon_weapon_ai_pulse,4,Silver,AI,7,7,9,6.52,7.2,2,4,1,3,False,Pulse,Energy,SelectedTarget,prefab_weapon_ai_pulse_projectile,False,0,0
weapon_ai_pulse_silver_L05_01,Геометрический импульс,"Серия из 4 красно-пурпурных геометричных импульсов, квадратных или шестигранных. IMG: PNG 512×512, transparent background, centered projectile/VFX sprite, pivot center, no text, no watermark, mobile-friendly, stylized sci-fi, pseudo-3D/top-down readable silhouette.",icon_weapon_ai_pulse,5,Silver,AI,8,8,10,6.63,7.33,2,4,1,3,False,Pulse,Energy,SelectedTarget,prefab_weapon_ai_pulse_projectile,False,0,0
weapon_ai_pulse_silver_L06_01,Геометрический импульс,"Серия из 4 красно-пурпурных геометричных импульсов, квадратных или шестигранных. IMG: PNG 512×512, transparent background, centered projectile/VFX sprite, pivot center, no text, no watermark, mobile-friendly, stylized sci-fi, pseudo-3D/top-down readable silhouette.",icon_weapon_ai_pulse,6,Silver,AI,9,9,11,6.74,7.46,2,4,1,3,False,Pulse,Energy,SelectedTarget,prefab_weapon_ai_pulse_projectile,False,0,0
weapon_ai_pulse_silver_L07_01,Геометрический импульс,"Серия из 4 красно-пурпурных геометричных импульсов, квадратных или шестигранных. IMG: PNG 512×512, transparent background, centered projectile/VFX sprite, pivot center, no text, no watermark, mobile-friendly, stylized sci-fi, pseudo-3D/top-down readable silhouette.",icon_weapon_ai_pulse,7,Silver,AI,10,10,14,6.86,7.58,3,5,1,3,False,Pulse,Energy,SelectedTarget,prefab_weapon_ai_pulse_projectile,False,0,0
weapon_ai_pulse_silver_L08_01,Геометрический импульс,"Серия из 4 красно-пурпурных геометричных импульсов, квадратных или шестигранных. IMG: PNG 512×512, transparent background, centered projectile/VFX sprite, pivot center, no text, no watermark, mobile-friendly, stylized sci-fi, pseudo-3D/top-down readable silhouette.",icon_weapon_ai_pulse,8,Silver,AI,11,11,15,6.97,7.71,3,5,1,3,False,Pulse,Energy,SelectedTarget,prefab_weapon_ai_pulse_projectile,False,0,0
weapon_ai_pulse_silver_L09_01,Геометрический импульс,"Серия из 4 красно-пурпурных геометричных импульсов, квадратных или шестигранных. IMG: PNG 512×512, transparent background, centered projectile/VFX sprite, pivot center, no text, no watermark, mobile-friendly, stylized sci-fi, pseudo-3D/top-down readable silhouette.",icon_weapon_ai_pulse,9,Silver,AI,12,12,16,7.09,7.83,3,5,1,3,False,Pulse,Energy,SelectedTarget,prefab_weapon_ai_pulse_projectile,False,0,0
weapon_ai_pulse_silver_L10_01,Геометрический импульс,"Серия из 4 красно-пурпурных геометричных импульсов, квадратных или шестигранных. IMG: PNG 512×512, transparent background, centered projectile/VFX sprite, pivot center, no text, no watermark, mobile-friendly, stylized sci-fi, pseudo-3D/top-down readable silhouette.",icon_weapon_ai_pulse,10,Silver,AI,13,13,17,7.2,7.96,4,6,1,3,False,Pulse,Energy,SelectedTarget,prefab_weapon_ai_pulse_projectile,False,0,0
weapon_ai_disruptor_silver_L01_01,Дестабилизатор,"Ломанный glitch-разряд magenta/red. Должен ощущаться как цифровой сбой. IMG: PNG 512×512, transparent background, centered projectile/VFX sprite, pivot center, no text, no watermark, mobile-friendly, stylized sci-fi, pseudo-3D/top-down readable silhouette.",icon_weapon_ai_disruptor,1,Silver,AI,4,23,29,5.7,6.3,3,5,2,4,False,Disruptor,Energy,SelectedTarget,prefab_weapon_ai_disruptor_projectile,False,0,0
weapon_ai_disruptor_silver_L02_01,Дестабилизатор,"Ломанный glitch-разряд magenta/red. Должен ощущаться как цифровой сбой. IMG: PNG 512×512, transparent background, centered projectile/VFX sprite, pivot center, no text, no watermark, mobile-friendly, stylized sci-fi, pseudo-3D/top-down readable silhouette.",icon_weapon_ai_disruptor,2,Silver,AI,5,28,36,5.81,6.43,3,5,2,4,False,Disruptor,Energy,SelectedTarget,prefab_weapon_ai_disruptor_projectile,False,0,0
weapon_ai_disruptor_silver_L03_01,Дестабилизатор,"Ломанный glitch-разряд magenta/red. Должен ощущаться как цифровой сбой. IMG: PNG 512×512, transparent background, centered projectile/VFX sprite, pivot center, no text, no watermark, mobile-friendly, stylized sci-fi, pseudo-3D/top-down readable silhouette.",icon_weapon_ai_disruptor,3,Silver,AI,6,33,41,5.93,6.55,3,5,2,4,False,Disruptor,Energy,SelectedTarget,prefab_weapon_ai_disruptor_projectile,False,0,0
weapon_ai_disruptor_silver_L04_01,Дестабилизатор,"Ломанный glitch-разряд magenta/red. Должен ощущаться как цифровой сбой. IMG: PNG 512×512, transparent background, centered projectile/VFX sprite, pivot center, no text, no watermark, mobile-friendly, stylized sci-fi, pseudo-3D/top-down readable silhouette.",icon_weapon_ai_disruptor,4,Silver,AI,7,38,48,6.04,6.68,4,6,2,4,False,Disruptor,Energy,SelectedTarget,prefab_weapon_ai_disruptor_projectile,False,0,0
weapon_ai_disruptor_silver_L05_01,Дестабилизатор,"Ломанный glitch-разряд magenta/red. Должен ощущаться как цифровой сбой. IMG: PNG 512×512, transparent background, centered projectile/VFX sprite, pivot center, no text, no watermark, mobile-friendly, stylized sci-fi, pseudo-3D/top-down readable silhouette.",icon_weapon_ai_disruptor,5,Silver,AI,8,44,54,6.16,6.8,4,6,2,4,False,Disruptor,Energy,SelectedTarget,prefab_weapon_ai_disruptor_projectile,False,0,0
weapon_ai_disruptor_silver_L06_01,Дестабилизатор,"Ломанный glitch-разряд magenta/red. Должен ощущаться как цифровой сбой. IMG: PNG 512×512, transparent background, centered projectile/VFX sprite, pivot center, no text, no watermark, mobile-friendly, stylized sci-fi, pseudo-3D/top-down readable silhouette.",icon_weapon_ai_disruptor,6,Silver,AI,9,49,61,6.27,6.93,4,6,2,4,False,Disruptor,Energy,SelectedTarget,prefab_weapon_ai_disruptor_projectile,False,0,0
weapon_ai_disruptor_silver_L07_01,Дестабилизатор,"Ломанный glitch-разряд magenta/red. Должен ощущаться как цифровой сбой. IMG: PNG 512×512, transparent background, centered projectile/VFX sprite, pivot center, no text, no watermark, mobile-friendly, stylized sci-fi, pseudo-3D/top-down readable silhouette.",icon_weapon_ai_disruptor,7,Silver,AI,10,54,66,6.38,7.06,5,7,2,4,False,Disruptor,Energy,SelectedTarget,prefab_weapon_ai_disruptor_projectile,False,0,0
weapon_ai_disruptor_silver_L08_01,Дестабилизатор,"Ломанный glitch-разряд magenta/red. Должен ощущаться как цифровой сбой. IMG: PNG 512×512, transparent background, centered projectile/VFX sprite, pivot center, no text, no watermark, mobile-friendly, stylized sci-fi, pseudo-3D/top-down readable silhouette.",icon_weapon_ai_disruptor,8,Silver,AI,11,59,73,6.5,7.18,5,7,2,4,False,Disruptor,Energy,SelectedTarget,prefab_weapon_ai_disruptor_projectile,False,0,0
weapon_ai_disruptor_silver_L09_01,Дестабилизатор,"Ломанный glitch-разряд magenta/red. Должен ощущаться как цифровой сбой. IMG: PNG 512×512, transparent background, centered projectile/VFX sprite, pivot center, no text, no watermark, mobile-friendly, stylized sci-fi, pseudo-3D/top-down readable silhouette.",icon_weapon_ai_disruptor,9,Silver,AI,12,64,80,6.61,7.31,5,7,2,4,False,Disruptor,Energy,SelectedTarget,prefab_weapon_ai_disruptor_projectile,False,0,0
weapon_ai_disruptor_silver_L10_01,Дестабилизатор,"Ломанный glitch-разряд magenta/red. Должен ощущаться как цифровой сбой. IMG: PNG 512×512, transparent background, centered projectile/VFX sprite, pivot center, no text, no watermark, mobile-friendly, stylized sci-fi, pseudo-3D/top-down readable silhouette.",icon_weapon_ai_disruptor,10,Silver,AI,13,69,85,6.73,7.43,6,8,2,4,False,Disruptor,Energy,SelectedTarget,prefab_weapon_ai_disruptor_projectile,False,0,0
weapon_ai_rail_silver_L01_01,Игольчатый рельсотрон,"Игольчатый красный снайперский трассер. Быстрее и опаснее обычного лазера. IMG: PNG 512×512, transparent background, centered projectile/VFX sprite, pivot center, no text, no watermark, mobile-friendly, stylized sci-fi, pseudo-3D/top-down readable silhouette.",icon_weapon_ai_rail,1,Silver,AI,5,30,38,9.03,9.97,4,6,1,3,False,Railgun,Kinetic,SelectedTarget,prefab_weapon_ai_rail_projectile,False,0,0
weapon_ai_rail_silver_L02_01,Игольчатый рельсотрон,"Игольчатый красный снайперский трассер. Быстрее и опаснее обычного лазера. IMG: PNG 512×512, transparent background, centered projectile/VFX sprite, pivot center, no text, no watermark, mobile-friendly, stylized sci-fi, pseudo-3D/top-down readable silhouette.",icon_weapon_ai_rail,2,Silver,AI,6,36,46,9.14,10.1,4,6,1,3,False,Railgun,Kinetic,SelectedTarget,prefab_weapon_ai_rail_projectile,False,0,0
weapon_ai_rail_silver_L03_01,Игольчатый рельсотрон,"Игольчатый красный снайперский трассер. Быстрее и опаснее обычного лазера. IMG: PNG 512×512, transparent background, centered projectile/VFX sprite, pivot center, no text, no watermark, mobile-friendly, stylized sci-fi, pseudo-3D/top-down readable silhouette.",icon_weapon_ai_rail,3,Silver,AI,7,44,54,9.25,10.23,4,6,1,3,False,Railgun,Kinetic,SelectedTarget,prefab_weapon_ai_rail_projectile,False,0,0
weapon_ai_rail_silver_L04_01,Игольчатый рельсотрон,"Игольчатый красный снайперский трассер. Быстрее и опаснее обычного лазера. IMG: PNG 512×512, transparent background, centered projectile/VFX sprite, pivot center, no text, no watermark, mobile-friendly, stylized sci-fi, pseudo-3D/top-down readable silhouette.",icon_weapon_ai_rail,4,Silver,AI,8,50,62,9.37,10.35,5,7,1,3,False,Railgun,Kinetic,SelectedTarget,prefab_weapon_ai_rail_projectile,False,0,0
weapon_ai_rail_silver_L05_01,Игольчатый рельсотрон,"Игольчатый красный снайперский трассер. Быстрее и опаснее обычного лазера. IMG: PNG 512×512, transparent background, centered projectile/VFX sprite, pivot center, no text, no watermark, mobile-friendly, stylized sci-fi, pseudo-3D/top-down readable silhouette.",icon_weapon_ai_rail,5,Silver,AI,9,57,71,9.48,10.48,5,7,1,3,False,Railgun,Kinetic,SelectedTarget,prefab_weapon_ai_rail_projectile,False,0,0
weapon_ai_rail_silver_L06_01,Игольчатый рельсотрон,"Игольчатый красный снайперский трассер. Быстрее и опаснее обычного лазера. IMG: PNG 512×512, transparent background, centered projectile/VFX sprite, pivot center, no text, no watermark, mobile-friendly, stylized sci-fi, pseudo-3D/top-down readable silhouette.",icon_weapon_ai_rail,6,Silver,AI,10,63,79,9.59,10.61,5,7,1,3,False,Railgun,Kinetic,SelectedTarget,prefab_weapon_ai_rail_projectile,False,0,0
weapon_ai_rail_silver_L07_01,Игольчатый рельсотрон,"Игольчатый красный снайперский трассер. Быстрее и опаснее обычного лазера. IMG: PNG 512×512, transparent background, centered projectile/VFX sprite, pivot center, no text, no watermark, mobile-friendly, stylized sci-fi, pseudo-3D/top-down readable silhouette.",icon_weapon_ai_rail,7,Silver,AI,11,71,87,9.71,10.73,6,8,1,3,False,Railgun,Kinetic,SelectedTarget,prefab_weapon_ai_rail_projectile,False,0,0
weapon_ai_rail_silver_L08_01,Игольчатый рельсотрон,"Игольчатый красный снайперский трассер. Быстрее и опаснее обычного лазера. IMG: PNG 512×512, transparent background, centered projectile/VFX sprite, pivot center, no text, no watermark, mobile-friendly, stylized sci-fi, pseudo-3D/top-down readable silhouette.",icon_weapon_ai_rail,8,Silver,AI,12,77,95,9.82,10.86,6,8,1,3,False,Railgun,Kinetic,SelectedTarget,prefab_weapon_ai_rail_projectile,False,0,0
weapon_ai_rail_silver_L09_01,Игольчатый рельсотрон,"Игольчатый красный снайперский трассер. Быстрее и опаснее обычного лазера. IMG: PNG 512×512, transparent background, centered projectile/VFX sprite, pivot center, no text, no watermark, mobile-friendly, stylized sci-fi, pseudo-3D/top-down readable silhouette.",icon_weapon_ai_rail,9,Silver,AI,13,84,104,9.94,10.98,6,8,1,3,False,Railgun,Kinetic,SelectedTarget,prefab_weapon_ai_rail_projectile,False,0,0
weapon_ai_rail_silver_L10_01,Игольчатый рельсотрон,"Игольчатый красный снайперский трассер. Быстрее и опаснее обычного лазера. IMG: PNG 512×512, transparent background, centered projectile/VFX sprite, pivot center, no text, no watermark, mobile-friendly, stylized sci-fi, pseudo-3D/top-down readable silhouette.",icon_weapon_ai_rail,10,Silver,AI,14,90,112,10.05,11.11,7,9,1,3,False,Railgun,Kinetic,SelectedTarget,prefab_weapon_ai_rail_projectile,False,0,0
weapon_ai_swarm_missile_silver_L01_01,Рой мини-ракет,"Веер из 5 мини-ракет красного ИИ. Опасен количеством, а не одним большим ударом. IMG: PNG 512×512, transparent background, centered projectile/VFX sprite, pivot center, no text, no watermark, mobile-friendly, stylized sci-fi, pseudo-3D/top-down readable silhouette.",icon_weapon_ai_swarm_missile,1,Silver,AI,6,10,14,7.6,8.4,5,7,4,6,False,Missile,Explosive,SelectedTarget,prefab_weapon_ai_swarm_missile_projectile,True,22,33
weapon_ai_swarm_missile_silver_L02_01,Рой мини-ракет,"Веер из 5 мини-ракет красного ИИ. Опасен количеством, а не одним большим ударом. IMG: PNG 512×512, transparent background, centered projectile/VFX sprite, pivot center, no text, no watermark, mobile-friendly, stylized sci-fi, pseudo-3D/top-down readable silhouette.",icon_weapon_ai_swarm_missile,2,Silver,AI,7,13,17,7.71,8.53,5,7,4,6,False,Missile,Explosive,SelectedTarget,prefab_weapon_ai_swarm_missile_projectile,True,24,36
weapon_ai_swarm_missile_silver_L03_01,Рой мини-ракет,"Веер из 5 мини-ракет красного ИИ. Опасен количеством, а не одним большим ударом. IMG: PNG 512×512, transparent background, centered projectile/VFX sprite, pivot center, no text, no watermark, mobile-friendly, stylized sci-fi, pseudo-3D/top-down readable silhouette.",icon_weapon_ai_swarm_missile,3,Silver,AI,8,15,19,7.83,8.65,5,7,4,6,False,Missile,Explosive,SelectedTarget,prefab_weapon_ai_swarm_missile_projectile,True,26,39
weapon_ai_swarm_missile_silver_L04_01,Рой мини-ракет,"Веер из 5 мини-ракет красного ИИ. Опасен количеством, а не одним большим ударом. IMG: PNG 512×512, transparent background, centered projectile/VFX sprite, pivot center, no text, no watermark, mobile-friendly, stylized sci-fi, pseudo-3D/top-down readable silhouette.",icon_weapon_ai_swarm_missile,4,Silver,AI,9,18,22,7.94,8.78,6,8,4,6,False,Missile,Explosive,SelectedTarget,prefab_weapon_ai_swarm_missile_projectile,True,28,42
weapon_ai_swarm_missile_silver_L05_01,Рой мини-ракет,"Веер из 5 мини-ракет красного ИИ. Опасен количеством, а не одним большим ударом. IMG: PNG 512×512, transparent background, centered projectile/VFX sprite, pivot center, no text, no watermark, mobile-friendly, stylized sci-fi, pseudo-3D/top-down readable silhouette.",icon_weapon_ai_swarm_missile,5,Silver,AI,10,20,26,8.06,8.9,6,8,4,6,False,Missile,Explosive,SelectedTarget,prefab_weapon_ai_swarm_missile_projectile,True,30,45
weapon_ai_swarm_missile_silver_L06_01,Рой мини-ракет,"Веер из 5 мини-ракет красного ИИ. Опасен количеством, а не одним большим ударом. IMG: PNG 512×512, transparent background, centered projectile/VFX sprite, pivot center, no text, no watermark, mobile-friendly, stylized sci-fi, pseudo-3D/top-down readable silhouette.",icon_weapon_ai_swarm_missile,6,Silver,AI,11,22,28,8.17,9.03,6,8,4,6,False,Missile,Explosive,SelectedTarget,prefab_weapon_ai_swarm_missile_projectile,True,32,48
weapon_ai_swarm_missile_silver_L07_01,Рой мини-ракет,"Веер из 5 мини-ракет красного ИИ. Опасен количеством, а не одним большим ударом. IMG: PNG 512×512, transparent background, centered projectile/VFX sprite, pivot center, no text, no watermark, mobile-friendly, stylized sci-fi, pseudo-3D/top-down readable silhouette.",icon_weapon_ai_swarm_missile,7,Silver,AI,12,25,31,8.28,9.16,7,9,4,6,False,Missile,Explosive,SelectedTarget,prefab_weapon_ai_swarm_missile_projectile,True,34,51
weapon_ai_swarm_missile_silver_L08_01,Рой мини-ракет,"Веер из 5 мини-ракет красного ИИ. Опасен количеством, а не одним большим ударом. IMG: PNG 512×512, transparent background, centered projectile/VFX sprite, pivot center, no text, no watermark, mobile-friendly, stylized sci-fi, pseudo-3D/top-down readable silhouette.",icon_weapon_ai_swarm_missile,8,Silver,AI,13,27,33,8.4,9.28,7,9,4,6,False,Missile,Explosive,SelectedTarget,prefab_weapon_ai_swarm_missile_projectile,True,36,54
weapon_ai_swarm_missile_silver_L09_01,Рой мини-ракет,"Веер из 5 мини-ракет красного ИИ. Опасен количеством, а не одним большим ударом. IMG: PNG 512×512, transparent background, centered projectile/VFX sprite, pivot center, no text, no watermark, mobile-friendly, stylized sci-fi, pseudo-3D/top-down readable silhouette.",icon_weapon_ai_swarm_missile,9,Silver,AI,14,29,37,8.51,9.41,7,9,4,6,False,Missile,Explosive,SelectedTarget,prefab_weapon_ai_swarm_missile_projectile,True,38,57
weapon_ai_swarm_missile_silver_L10_01,Рой мини-ракет,"Веер из 5 мини-ракет красного ИИ. Опасен количеством, а не одним большим ударом. IMG: PNG 512×512, transparent background, centered projectile/VFX sprite, pivot center, no text, no watermark, mobile-friendly, stylized sci-fi, pseudo-3D/top-down readable silhouette.",icon_weapon_ai_swarm_missile,10,Silver,AI,15,32,40,8.63,9.53,8,10,4,6,False,Missile,Explosive,SelectedTarget,prefab_weapon_ai_swarm_missile_projectile,True,40,60
weapon_ancient_beam_silver_L01_01,Энергетический луч,"Толстый red/gold/violet энергетический луч с кольцами энергии. Ощущается как древняя технология. IMG: PNG 512×512, transparent background, centered projectile/VFX sprite, pivot center, no text, no watermark, mobile-friendly, stylized sci-fi, pseudo-3D/top-down readable silhouette.",icon_weapon_ancient_beam,1,Silver,Ancients,3,37,47,8.55,9.45,7,9,1,1,True,Beam,Energy,SelectedTarget,prefab_weapon_ancient_beam_projectile,False,0,0
weapon_ancient_beam_silver_L02_01,Энергетический луч,"Толстый red/gold/violet энергетический луч с кольцами энергии. Ощущается как древняя технология. IMG: PNG 512×512, transparent background, centered projectile/VFX sprite, pivot center, no text, no watermark, mobile-friendly, stylized sci-fi, pseudo-3D/top-down readable silhouette.",icon_weapon_ancient_beam,2,Silver,Ancients,4,45,57,8.66,9.58,7,9,1,1,True,Beam,Energy,SelectedTarget,prefab_weapon_ancient_beam_projectile,False,0,0
weapon_ancient_beam_silver_L03_01,Энергетический луч,"Толстый red/gold/violet энергетический луч с кольцами энергии. Ощущается как древняя технология. IMG: PNG 512×512, transparent background, centered projectile/VFX sprite, pivot center, no text, no watermark, mobile-friendly, stylized sci-fi, pseudo-3D/top-down readable silhouette.",icon_weapon_ancient_beam,3,Silver,Ancients,5,54,66,8.78,9.7,7,9,1,1,True,Beam,Energy,SelectedTarget,prefab_weapon_ancient_beam_projectile,False,0,0
weapon_ancient_beam_silver_L04_01,Энергетический луч,"Толстый red/gold/violet энергетический луч с кольцами энергии. Ощущается как древняя технология. IMG: PNG 512×512, transparent background, centered projectile/VFX sprite, pivot center, no text, no watermark, mobile-friendly, stylized sci-fi, pseudo-3D/top-down readable silhouette.",icon_weapon_ancient_beam,4,Silver,Ancients,6,63,77,8.89,9.83,8,10,1,1,True,Beam,Energy,SelectedTarget,prefab_weapon_ancient_beam_projectile,False,0,0
weapon_ancient_beam_silver_L05_01,Энергетический луч,"Толстый red/gold/violet энергетический луч с кольцами энергии. Ощущается как древняя технология. IMG: PNG 512×512, transparent background, centered projectile/VFX sprite, pivot center, no text, no watermark, mobile-friendly, stylized sci-fi, pseudo-3D/top-down readable silhouette.",icon_weapon_ancient_beam,5,Silver,Ancients,7,71,87,9.01,9.95,8,10,1,1,True,Beam,Energy,SelectedTarget,prefab_weapon_ancient_beam_projectile,False,0,0
weapon_ancient_beam_silver_L06_01,Энергетический луч,"Толстый red/gold/violet энергетический луч с кольцами энергии. Ощущается как древняя технология. IMG: PNG 512×512, transparent background, centered projectile/VFX sprite, pivot center, no text, no watermark, mobile-friendly, stylized sci-fi, pseudo-3D/top-down readable silhouette.",icon_weapon_ancient_beam,6,Silver,Ancients,8,79,97,9.12,10.08,8,10,1,1,True,Beam,Energy,SelectedTarget,prefab_weapon_ancient_beam_projectile,False,0,0
weapon_ancient_beam_silver_L07_01,Энергетический луч,"Толстый red/gold/violet энергетический луч с кольцами энергии. Ощущается как древняя технология. IMG: PNG 512×512, transparent background, centered projectile/VFX sprite, pivot center, no text, no watermark, mobile-friendly, stylized sci-fi, pseudo-3D/top-down readable silhouette.",icon_weapon_ancient_beam,7,Silver,Ancients,9,87,107,9.23,10.21,9,11,1,1,True,Beam,Energy,SelectedTarget,prefab_weapon_ancient_beam_projectile,False,0,0
weapon_ancient_beam_silver_L08_01,Энергетический луч,"Толстый red/gold/violet энергетический луч с кольцами энергии. Ощущается как древняя технология. IMG: PNG 512×512, transparent background, centered projectile/VFX sprite, pivot center, no text, no watermark, mobile-friendly, stylized sci-fi, pseudo-3D/top-down readable silhouette.",icon_weapon_ancient_beam,8,Silver,Ancients,10,96,118,9.35,10.33,9,11,1,1,True,Beam,Energy,SelectedTarget,prefab_weapon_ancient_beam_projectile,False,0,0
weapon_ancient_beam_silver_L09_01,Энергетический луч,"Толстый red/gold/violet энергетический луч с кольцами энергии. Ощущается как древняя технология. IMG: PNG 512×512, transparent background, centered projectile/VFX sprite, pivot center, no text, no watermark, mobile-friendly, stylized sci-fi, pseudo-3D/top-down readable silhouette.",icon_weapon_ancient_beam,9,Silver,Ancients,11,104,128,9.46,10.46,9,11,1,1,True,Beam,Energy,SelectedTarget,prefab_weapon_ancient_beam_projectile,False,0,0
weapon_ancient_beam_silver_L10_01,Энергетический луч,"Толстый red/gold/violet энергетический луч с кольцами энергии. Ощущается как древняя технология. IMG: PNG 512×512, transparent background, centered projectile/VFX sprite, pivot center, no text, no watermark, mobile-friendly, stylized sci-fi, pseudo-3D/top-down readable silhouette.",icon_weapon_ancient_beam,10,Silver,Ancients,12,112,138,9.58,10.58,10,12,1,1,True,Beam,Energy,SelectedTarget,prefab_weapon_ancient_beam_projectile,False,0,0
weapon_ancient_plasma_silver_L01_01,Тяжёлая плазма,"Тяжёлый плазменный шар с древним узором внутри. Медленный, но очень мощный. IMG: PNG 512×512, transparent background, centered projectile/VFX sprite, pivot center, no text, no watermark, mobile-friendly, stylized sci-fi, pseudo-3D/top-down readable silhouette.",icon_weapon_ancient_plasma,1,Silver,Ancients,5,49,61,6.17,6.83,8,10,5,7,False,Plasma,Energy,SelectedTarget,prefab_weapon_ancient_plasma_projectile,False,0,0
weapon_ancient_plasma_silver_L02_01,Тяжёлая плазма,"Тяжёлый плазменный шар с древним узором внутри. Медленный, но очень мощный. IMG: PNG 512×512, transparent background, centered projectile/VFX sprite, pivot center, no text, no watermark, mobile-friendly, stylized sci-fi, pseudo-3D/top-down readable silhouette.",icon_weapon_ancient_plasma,2,Silver,Ancients,6,60,74,6.29,6.95,8,10,5,7,False,Plasma,Energy,SelectedTarget,prefab_weapon_ancient_plasma_projectile,False,0,0
weapon_ancient_plasma_silver_L03_01,Тяжёлая плазма,"Тяжёлый плазменный шар с древним узором внутри. Медленный, но очень мощный. IMG: PNG 512×512, transparent background, centered projectile/VFX sprite, pivot center, no text, no watermark, mobile-friendly, stylized sci-fi, pseudo-3D/top-down readable silhouette.",icon_weapon_ancient_plasma,3,Silver,Ancients,7,71,87,6.4,7.08,8,10,5,7,False,Plasma,Energy,SelectedTarget,prefab_weapon_ancient_plasma_projectile,False,0,0
weapon_ancient_plasma_silver_L04_01,Тяжёлая плазма,"Тяжёлый плазменный шар с древним узором внутри. Медленный, но очень мощный. IMG: PNG 512×512, transparent background, centered projectile/VFX sprite, pivot center, no text, no watermark, mobile-friendly, stylized sci-fi, pseudo-3D/top-down readable silhouette.",icon_weapon_ancient_plasma,4,Silver,Ancients,8,81,101,6.52,7.2,9,11,5,7,False,Plasma,Energy,SelectedTarget,prefab_weapon_ancient_plasma_projectile,False,0,0
weapon_ancient_plasma_silver_L05_01,Тяжёлая плазма,"Тяжёлый плазменный шар с древним узором внутри. Медленный, но очень мощный. IMG: PNG 512×512, transparent background, centered projectile/VFX sprite, pivot center, no text, no watermark, mobile-friendly, stylized sci-fi, pseudo-3D/top-down readable silhouette.",icon_weapon_ancient_plasma,5,Silver,Ancients,9,92,114,6.63,7.33,9,11,4,6,False,Plasma,Energy,SelectedTarget,prefab_weapon_ancient_plasma_projectile,False,0,0
weapon_ancient_plasma_silver_L06_01,Тяжёлая плазма,"Тяжёлый плазменный шар с древним узором внутри. Медленный, но очень мощный. IMG: PNG 512×512, transparent background, centered projectile/VFX sprite, pivot center, no text, no watermark, mobile-friendly, stylized sci-fi, pseudo-3D/top-down readable silhouette.",icon_weapon_ancient_plasma,6,Silver,Ancients,10,104,128,6.74,7.46,9,11,4,6,False,Plasma,Energy,SelectedTarget,prefab_weapon_ancient_plasma_projectile,False,0,0
weapon_ancient_plasma_silver_L07_01,Тяжёлая плазма,"Тяжёлый плазменный шар с древним узором внутри. Медленный, но очень мощный. IMG: PNG 512×512, transparent background, centered projectile/VFX sprite, pivot center, no text, no watermark, mobile-friendly, stylized sci-fi, pseudo-3D/top-down readable silhouette.",icon_weapon_ancient_plasma,7,Silver,Ancients,11,115,141,6.86,7.58,10,12,4,6,False,Plasma,Energy,SelectedTarget,prefab_weapon_ancient_plasma_projectile,False,0,0
weapon_ancient_plasma_silver_L08_01,Тяжёлая плазма,"Тяжёлый плазменный шар с древним узором внутри. Медленный, но очень мощный. IMG: PNG 512×512, transparent background, centered projectile/VFX sprite, pivot center, no text, no watermark, mobile-friendly, stylized sci-fi, pseudo-3D/top-down readable silhouette.",icon_weapon_ancient_plasma,8,Silver,Ancients,12,126,154,6.97,7.71,10,12,4,6,False,Plasma,Energy,SelectedTarget,prefab_weapon_ancient_plasma_projectile,False,0,0
weapon_ancient_plasma_silver_L09_01,Тяжёлая плазма,"Тяжёлый плазменный шар с древним узором внутри. Медленный, но очень мощный. IMG: PNG 512×512, transparent background, centered projectile/VFX sprite, pivot center, no text, no watermark, mobile-friendly, stylized sci-fi, pseudo-3D/top-down readable silhouette.",icon_weapon_ancient_plasma,9,Silver,Ancients,13,136,168,7.09,7.83,10,12,4,6,False,Plasma,Energy,SelectedTarget,prefab_weapon_ancient_plasma_projectile,False,0,0
weapon_ancient_plasma_silver_L10_01,Тяжёлая плазма,"Тяжёлый плазменный шар с древним узором внутри. Медленный, но очень мощный. IMG: PNG 512×512, transparent background, centered projectile/VFX sprite, pivot center, no text, no watermark, mobile-friendly, stylized sci-fi, pseudo-3D/top-down readable silhouette.",icon_weapon_ancient_plasma,10,Silver,Ancients,14,147,181,7.2,7.96,11,13,4,6,False,Plasma,Energy,SelectedTarget,prefab_weapon_ancient_plasma_projectile,False,0,0
weapon_ancient_lance_silver_L01_01,Энергетическое копьё,"Длинное энергетическое копьё. Визуально отличается от railgun тем, что это не тонкая игла, а вытянутый клинок энергии. IMG: PNG 512×512, transparent background, centered projectile/VFX sprite, pivot center, no text, no watermark, mobile-friendly, stylized sci-fi, pseudo-3D/top-down readable silhouette.",icon_weapon_ancient_lance,1,Silver,Ancients,5,43,53,9.5,10.5,7,9,1,3,False,Lance,Energy,SelectedTarget,prefab_weapon_ancient_lance_projectile,False,0,0
weapon_ancient_lance_silver_L02_01,Энергетическое копьё,"Длинное энергетическое копьё. Визуально отличается от railgun тем, что это не тонкая игла, а вытянутый клинок энергии. IMG: PNG 512×512, transparent background, centered projectile/VFX sprite, pivot center, no text, no watermark, mobile-friendly, stylized sci-fi, pseudo-3D/top-down readable silhouette.",icon_weapon_ancient_lance,2,Silver,Ancients,6,53,65,9.61,10.63,7,9,1,3,False,Lance,Energy,SelectedTarget,prefab_weapon_ancient_lance_projectile,False,0,0
weapon_ancient_lance_silver_L03_01,Энергетическое копьё,"Длинное энергетическое копьё. Визуально отличается от railgun тем, что это не тонкая игла, а вытянутый клинок энергии. IMG: PNG 512×512, transparent background, centered projectile/VFX sprite, pivot center, no text, no watermark, mobile-friendly, stylized sci-fi, pseudo-3D/top-down readable silhouette.",icon_weapon_ancient_lance,3,Silver,Ancients,7,62,76,9.73,10.75,7,9,1,3,False,Lance,Energy,SelectedTarget,prefab_weapon_ancient_lance_projectile,False,0,0
weapon_ancient_lance_silver_L04_01,Энергетическое копьё,"Длинное энергетическое копьё. Визуально отличается от railgun тем, что это не тонкая игла, а вытянутый клинок энергии. IMG: PNG 512×512, transparent background, centered projectile/VFX sprite, pivot center, no text, no watermark, mobile-friendly, stylized sci-fi, pseudo-3D/top-down readable silhouette.",icon_weapon_ancient_lance,4,Silver,Ancients,8,72,88,9.84,10.88,8,10,1,3,False,Lance,Energy,SelectedTarget,prefab_weapon_ancient_lance_projectile,False,0,0
weapon_ancient_lance_silver_L05_01,Энергетическое копьё,"Длинное энергетическое копьё. Визуально отличается от railgun тем, что это не тонкая игла, а вытянутый клинок энергии. IMG: PNG 512×512, transparent background, centered projectile/VFX sprite, pivot center, no text, no watermark, mobile-friendly, stylized sci-fi, pseudo-3D/top-down readable silhouette.",icon_weapon_ancient_lance,5,Silver,Ancients,9,81,100,9.96,11,8,10,1,3,False,Lance,Energy,SelectedTarget,prefab_weapon_ancient_lance_projectile,False,0,0
weapon_ancient_lance_silver_L06_01,Энергетическое копьё,"Длинное энергетическое копьё. Визуально отличается от railgun тем, что это не тонкая игла, а вытянутый клинок энергии. IMG: PNG 512×512, transparent background, centered projectile/VFX sprite, pivot center, no text, no watermark, mobile-friendly, stylized sci-fi, pseudo-3D/top-down readable silhouette.",icon_weapon_ancient_lance,6,Silver,Ancients,10,90,112,10.07,11.13,8,10,1,3,False,Lance,Energy,SelectedTarget,prefab_weapon_ancient_lance_projectile,False,0,0
weapon_ancient_lance_silver_L07_01,Энергетическое копьё,"Длинное энергетическое копьё. Визуально отличается от railgun тем, что это не тонкая игла, а вытянутый клинок энергии. IMG: PNG 512×512, transparent background, centered projectile/VFX sprite, pivot center, no text, no watermark, mobile-friendly, stylized sci-fi, pseudo-3D/top-down readable silhouette.",icon_weapon_ancient_lance,7,Silver,Ancients,11,99,123,10.18,11.26,9,11,1,3,False,Lance,Energy,SelectedTarget,prefab_weapon_ancient_lance_projectile,False,0,0
weapon_ancient_lance_silver_L08_01,Энергетическое копьё,"Длинное энергетическое копьё. Визуально отличается от railgun тем, что это не тонкая игла, а вытянутый клинок энергии. IMG: PNG 512×512, transparent background, centered projectile/VFX sprite, pivot center, no text, no watermark, mobile-friendly, stylized sci-fi, pseudo-3D/top-down readable silhouette.",icon_weapon_ancient_lance,8,Silver,Ancients,12,109,135,10.3,11.38,9,11,1,3,False,Lance,Energy,SelectedTarget,prefab_weapon_ancient_lance_projectile,False,0,0
weapon_ancient_lance_silver_L09_01,Энергетическое копьё,"Длинное энергетическое копьё. Визуально отличается от railgun тем, что это не тонкая игла, а вытянутый клинок энергии. IMG: PNG 512×512, transparent background, centered projectile/VFX sprite, pivot center, no text, no watermark, mobile-friendly, stylized sci-fi, pseudo-3D/top-down readable silhouette.",icon_weapon_ancient_lance,9,Silver,Ancients,13,118,146,10.41,11.51,9,11,1,3,False,Lance,Energy,SelectedTarget,prefab_weapon_ancient_lance_projectile,False,0,0
weapon_ancient_lance_silver_L10_01,Энергетическое копьё,"Длинное энергетическое копьё. Визуально отличается от railgun тем, что это не тонкая игла, а вытянутый клинок энергии. IMG: PNG 512×512, transparent background, centered projectile/VFX sprite, pivot center, no text, no watermark, mobile-friendly, stylized sci-fi, pseudo-3D/top-down readable silhouette.",icon_weapon_ancient_lance,10,Silver,Ancients,14,128,158,10.53,11.63,10,12,1,3,False,Lance,Energy,SelectedTarget,prefab_weapon_ancient_lance_projectile,False,0,0
weapon_ancient_orb_silver_L01_01,Орбитальная сфера,"Сфера с вращающимся кольцом вокруг. Более “магическая” и технологичная, чем обычная плазма. IMG: PNG 512×512, transparent background, centered projectile/VFX sprite, pivot center, no text, no watermark, mobile-friendly, stylized sci-fi, pseudo-3D/top-down readable silhouette.",icon_weapon_ancient_orb,1,Silver,Ancients,6,32,40,6.65,7.35,6,8,3,5,False,Orb,Energy,SelectedTarget,prefab_weapon_ancient_orb_projectile,False,0,0
weapon_ancient_orb_silver_L02_01,Орбитальная сфера,"Сфера с вращающимся кольцом вокруг. Более “магическая” и технологичная, чем обычная плазма. IMG: PNG 512×512, transparent background, centered projectile/VFX sprite, pivot center, no text, no watermark, mobile-friendly, stylized sci-fi, pseudo-3D/top-down readable silhouette.",icon_weapon_ancient_orb,2,Silver,Ancients,7,39,49,6.76,7.48,6,8,3,5,False,Orb,Energy,SelectedTarget,prefab_weapon_ancient_orb_projectile,False,0,0
weapon_ancient_orb_silver_L03_01,Орбитальная сфера,"Сфера с вращающимся кольцом вокруг. Более “магическая” и технологичная, чем обычная плазма. IMG: PNG 512×512, transparent background, centered projectile/VFX sprite, pivot center, no text, no watermark, mobile-friendly, stylized sci-fi, pseudo-3D/top-down readable silhouette.",icon_weapon_ancient_orb,3,Silver,Ancients,8,46,58,6.88,7.6,6,8,3,5,False,Orb,Energy,SelectedTarget,prefab_weapon_ancient_orb_projectile,False,0,0
weapon_ancient_orb_silver_L04_01,Орбитальная сфера,"Сфера с вращающимся кольцом вокруг. Более “магическая” и технологичная, чем обычная плазма. IMG: PNG 512×512, transparent background, centered projectile/VFX sprite, pivot center, no text, no watermark, mobile-friendly, stylized sci-fi, pseudo-3D/top-down readable silhouette.",icon_weapon_ancient_orb,4,Silver,Ancients,9,54,66,6.99,7.73,7,9,3,5,False,Orb,Energy,SelectedTarget,prefab_weapon_ancient_orb_projectile,False,0,0
weapon_ancient_orb_silver_L05_01,Орбитальная сфера,"Сфера с вращающимся кольцом вокруг. Более “магическая” и технологичная, чем обычная плазма. IMG: PNG 512×512, transparent background, centered projectile/VFX sprite, pivot center, no text, no watermark, mobile-friendly, stylized sci-fi, pseudo-3D/top-down readable silhouette.",icon_weapon_ancient_orb,5,Silver,Ancients,10,61,75,7.11,7.85,7,9,3,5,False,Orb,Energy,SelectedTarget,prefab_weapon_ancient_orb_projectile,False,0,0
weapon_ancient_orb_silver_L06_01,Орбитальная сфера,"Сфера с вращающимся кольцом вокруг. Более “магическая” и технологичная, чем обычная плазма. IMG: PNG 512×512, transparent background, centered projectile/VFX sprite, pivot center, no text, no watermark, mobile-friendly, stylized sci-fi, pseudo-3D/top-down readable silhouette.",icon_weapon_ancient_orb,6,Silver,Ancients,11,68,84,7.22,7.98,7,9,3,5,False,Orb,Energy,SelectedTarget,prefab_weapon_ancient_orb_projectile,False,0,0
weapon_ancient_orb_silver_L07_01,Орбитальная сфера,"Сфера с вращающимся кольцом вокруг. Более “магическая” и технологичная, чем обычная плазма. IMG: PNG 512×512, transparent background, centered projectile/VFX sprite, pivot center, no text, no watermark, mobile-friendly, stylized sci-fi, pseudo-3D/top-down readable silhouette.",icon_weapon_ancient_orb,7,Silver,Ancients,12,75,93,7.33,8.11,8,10,3,5,False,Orb,Energy,SelectedTarget,prefab_weapon_ancient_orb_projectile,False,0,0
weapon_ancient_orb_silver_L08_01,Орбитальная сфера,"Сфера с вращающимся кольцом вокруг. Более “магическая” и технологичная, чем обычная плазма. IMG: PNG 512×512, transparent background, centered projectile/VFX sprite, pivot center, no text, no watermark, mobile-friendly, stylized sci-fi, pseudo-3D/top-down readable silhouette.",icon_weapon_ancient_orb,8,Silver,Ancients,13,81,101,7.45,8.23,8,10,3,5,False,Orb,Energy,SelectedTarget,prefab_weapon_ancient_orb_projectile,False,0,0
weapon_ancient_orb_silver_L09_01,Орбитальная сфера,"Сфера с вращающимся кольцом вокруг. Более “магическая” и технологичная, чем обычная плазма. IMG: PNG 512×512, transparent background, centered projectile/VFX sprite, pivot center, no text, no watermark, mobile-friendly, stylized sci-fi, pseudo-3D/top-down readable silhouette.",icon_weapon_ancient_orb,9,Silver,Ancients,14,89,109,7.56,8.36,8,10,3,5,False,Orb,Energy,SelectedTarget,prefab_weapon_ancient_orb_projectile,False,0,0
weapon_ancient_orb_silver_L10_01,Орбитальная сфера,"Сфера с вращающимся кольцом вокруг. Более “магическая” и технологичная, чем обычная плазма. IMG: PNG 512×512, transparent background, centered projectile/VFX sprite, pivot center, no text, no watermark, mobile-friendly, stylized sci-fi, pseudo-3D/top-down readable silhouette.",icon_weapon_ancient_orb,10,Silver,Ancients,15,96,118,7.68,8.48,9,11,3,5,False,Orb,Energy,SelectedTarget,prefab_weapon_ancient_orb_projectile,False,0,0
weapon_ancient_singularity_silver_L01_01,Сингулярность,"Тёмное ядро с красно-фиолетовым искажением вокруг. Самое тяжёлое и редкое оружие древних. IMG: PNG 512×512, transparent background, centered projectile/VFX sprite, pivot center, no text, no watermark, mobile-friendly, stylized sci-fi, pseudo-3D/top-down readable silhouette.",icon_weapon_ancient_singularity,1,Silver,Ancients,7,63,77,5.7,6.3,9,11,6,8,False,Singularity,Gravity,SelectedTarget,prefab_weapon_ancient_singularity_projectile,False,0,0
weapon_ancient_singularity_silver_L02_01,Сингулярность,"Тёмное ядро с красно-фиолетовым искажением вокруг. Самое тяжёлое и редкое оружие древних. IMG: PNG 512×512, transparent background, centered projectile/VFX sprite, pivot center, no text, no watermark, mobile-friendly, stylized sci-fi, pseudo-3D/top-down readable silhouette.",icon_weapon_ancient_singularity,2,Silver,Ancients,8,76,94,5.81,6.43,9,11,5,7,False,Singularity,Gravity,SelectedTarget,prefab_weapon_ancient_singularity_projectile,False,0,0
weapon_ancient_singularity_silver_L03_01,Сингулярность,"Тёмное ядро с красно-фиолетовым искажением вокруг. Самое тяжёлое и редкое оружие древних. IMG: PNG 512×512, transparent background, centered projectile/VFX sprite, pivot center, no text, no watermark, mobile-friendly, stylized sci-fi, pseudo-3D/top-down readable silhouette.",icon_weapon_ancient_singularity,3,Silver,Ancients,9,90,112,5.93,6.55,9,11,5,7,False,Singularity,Gravity,SelectedTarget,prefab_weapon_ancient_singularity_projectile,False,0,0
weapon_ancient_singularity_silver_L04_01,Сингулярность,"Тёмное ядро с красно-фиолетовым искажением вокруг. Самое тяжёлое и редкое оружие древних. IMG: PNG 512×512, transparent background, centered projectile/VFX sprite, pivot center, no text, no watermark, mobile-friendly, stylized sci-fi, pseudo-3D/top-down readable silhouette.",icon_weapon_ancient_singularity,4,Silver,Ancients,10,104,128,6.04,6.68,10,12,5,7,False,Singularity,Gravity,SelectedTarget,prefab_weapon_ancient_singularity_projectile,False,0,0
weapon_ancient_singularity_silver_L05_01,Сингулярность,"Тёмное ядро с красно-фиолетовым искажением вокруг. Самое тяжёлое и редкое оружие древних. IMG: PNG 512×512, transparent background, centered projectile/VFX sprite, pivot center, no text, no watermark, mobile-friendly, stylized sci-fi, pseudo-3D/top-down readable silhouette.",icon_weapon_ancient_singularity,5,Silver,Ancients,11,118,146,6.16,6.8,10,12,5,7,False,Singularity,Gravity,SelectedTarget,prefab_weapon_ancient_singularity_projectile,False,0,0
weapon_ancient_singularity_silver_L06_01,Сингулярность,"Тёмное ядро с красно-фиолетовым искажением вокруг. Самое тяжёлое и редкое оружие древних. IMG: PNG 512×512, transparent background, centered projectile/VFX sprite, pivot center, no text, no watermark, mobile-friendly, stylized sci-fi, pseudo-3D/top-down readable silhouette.",icon_weapon_ancient_singularity,6,Silver,Ancients,12,132,162,6.27,6.93,10,12,5,7,False,Singularity,Gravity,SelectedTarget,prefab_weapon_ancient_singularity_projectile,False,0,0
weapon_ancient_singularity_silver_L07_01,Сингулярность,"Тёмное ядро с красно-фиолетовым искажением вокруг. Самое тяжёлое и редкое оружие древних. IMG: PNG 512×512, transparent background, centered projectile/VFX sprite, pivot center, no text, no watermark, mobile-friendly, stylized sci-fi, pseudo-3D/top-down readable silhouette.",icon_weapon_ancient_singularity,7,Silver,Ancients,13,145,179,6.38,7.06,11,13,5,7,False,Singularity,Gravity,SelectedTarget,prefab_weapon_ancient_singularity_projectile,False,0,0
weapon_ancient_singularity_silver_L08_01,Сингулярность,"Тёмное ядро с красно-фиолетовым искажением вокруг. Самое тяжёлое и редкое оружие древних. IMG: PNG 512×512, transparent background, centered projectile/VFX sprite, pivot center, no text, no watermark, mobile-friendly, stylized sci-fi, pseudo-3D/top-down readable silhouette.",icon_weapon_ancient_singularity,8,Silver,Ancients,14,160,196,6.5,7.18,11,13,5,7,False,Singularity,Gravity,SelectedTarget,prefab_weapon_ancient_singularity_projectile,False,0,0
weapon_ancient_singularity_silver_L09_01,Сингулярность,"Тёмное ядро с красно-фиолетовым искажением вокруг. Самое тяжёлое и редкое оружие древних. IMG: PNG 512×512, transparent background, centered projectile/VFX sprite, pivot center, no text, no watermark, mobile-friendly, stylized sci-fi, pseudo-3D/top-down readable silhouette.",icon_weapon_ancient_singularity,9,Silver,Ancients,15,173,213,6.61,7.31,11,13,5,7,False,Singularity,Gravity,SelectedTarget,prefab_weapon_ancient_singularity_projectile,False,0,0
weapon_ancient_singularity_silver_L10_01,Сингулярность,"Тёмное ядро с красно-фиолетовым искажением вокруг. Самое тяжёлое и редкое оружие древних. IMG: PNG 512×512, transparent background, centered projectile/VFX sprite, pivot center, no text, no watermark, mobile-friendly, stylized sci-fi, pseudo-3D/top-down readable silhouette.",icon_weapon_ancient_singularity,10,Silver,Ancients,16,188,230,6.73,7.43,12,14,5,7,False,Singularity,Gravity,SelectedTarget,prefab_weapon_ancient_singularity_projectile,False,0,0
weapon_infected_spore_silver_L01_01,Споровый залп,"Облако из 5–6 спор dark red/toxic green. Не выглядит как техника, а как заражённая биомасса. IMG: PNG 512×512, transparent background, centered projectile/VFX sprite, pivot center, no text, no watermark, mobile-friendly, stylized sci-fi, pseudo-3D/top-down readable silhouette.",icon_weapon_infected_spore,1,Silver,Infected,4,3,5,5.22,5.78,0,2,4,6,False,Spore,Biological,SelectedTarget,prefab_weapon_infected_spore_projectile,False,0,0
weapon_infected_spore_silver_L02_01,Споровый залп,"Облако из 5–6 спор dark red/toxic green. Не выглядит как техника, а как заражённая биомасса. IMG: PNG 512×512, transparent background, centered projectile/VFX sprite, pivot center, no text, no watermark, mobile-friendly, stylized sci-fi, pseudo-3D/top-down readable silhouette.",icon_weapon_infected_spore,2,Silver,Infected,5,4,6,5.34,5.9,0,2,4,6,False,Spore,Biological,SelectedTarget,prefab_weapon_infected_spore_projectile,False,0,0
weapon_infected_spore_silver_L03_01,Споровый залп,"Облако из 5–6 спор dark red/toxic green. Не выглядит как техника, а как заражённая биомасса. IMG: PNG 512×512, transparent background, centered projectile/VFX sprite, pivot center, no text, no watermark, mobile-friendly, stylized sci-fi, pseudo-3D/top-down readable silhouette.",icon_weapon_infected_spore,3,Silver,Infected,6,5,7,5.45,6.03,0,2,4,6,False,Spore,Biological,SelectedTarget,prefab_weapon_infected_spore_projectile,False,0,0
weapon_infected_spore_silver_L04_01,Споровый залп,"Облако из 5–6 спор dark red/toxic green. Не выглядит как техника, а как заражённая биомасса. IMG: PNG 512×512, transparent background, centered projectile/VFX sprite, pivot center, no text, no watermark, mobile-friendly, stylized sci-fi, pseudo-3D/top-down readable silhouette.",icon_weapon_infected_spore,4,Silver,Infected,7,6,8,5.57,6.15,1,3,4,6,False,Spore,Biological,SelectedTarget,prefab_weapon_infected_spore_projectile,False,0,0
weapon_infected_spore_silver_L05_01,Споровый залп,"Облако из 5–6 спор dark red/toxic green. Не выглядит как техника, а как заражённая биомасса. IMG: PNG 512×512, transparent background, centered projectile/VFX sprite, pivot center, no text, no watermark, mobile-friendly, stylized sci-fi, pseudo-3D/top-down readable silhouette.",icon_weapon_infected_spore,5,Silver,Infected,8,7,9,5.68,6.28,1,3,4,6,False,Spore,Biological,SelectedTarget,prefab_weapon_infected_spore_projectile,False,0,0
weapon_infected_spore_silver_L06_01,Споровый залп,"Облако из 5–6 спор dark red/toxic green. Не выглядит как техника, а как заражённая биомасса. IMG: PNG 512×512, transparent background, centered projectile/VFX sprite, pivot center, no text, no watermark, mobile-friendly, stylized sci-fi, pseudo-3D/top-down readable silhouette.",icon_weapon_infected_spore,6,Silver,Infected,9,7,9,5.79,6.41,1,3,4,6,False,Spore,Biological,SelectedTarget,prefab_weapon_infected_spore_projectile,False,0,0
weapon_infected_spore_silver_L07_01,Споровый залп,"Облако из 5–6 спор dark red/toxic green. Не выглядит как техника, а как заражённая биомасса. IMG: PNG 512×512, transparent background, centered projectile/VFX sprite, pivot center, no text, no watermark, mobile-friendly, stylized sci-fi, pseudo-3D/top-down readable silhouette.",icon_weapon_infected_spore,7,Silver,Infected,10,8,10,5.91,6.53,2,4,4,6,False,Spore,Biological,SelectedTarget,prefab_weapon_infected_spore_projectile,False,0,0
weapon_infected_spore_silver_L08_01,Споровый залп,"Облако из 5–6 спор dark red/toxic green. Не выглядит как техника, а как заражённая биомасса. IMG: PNG 512×512, transparent background, centered projectile/VFX sprite, pivot center, no text, no watermark, mobile-friendly, stylized sci-fi, pseudo-3D/top-down readable silhouette.",icon_weapon_infected_spore,8,Silver,Infected,11,9,11,6.02,6.66,2,4,4,6,False,Spore,Biological,SelectedTarget,prefab_weapon_infected_spore_projectile,False,0,0
weapon_infected_spore_silver_L09_01,Споровый залп,"Облако из 5–6 спор dark red/toxic green. Не выглядит как техника, а как заражённая биомасса. IMG: PNG 512×512, transparent background, centered projectile/VFX sprite, pivot center, no text, no watermark, mobile-friendly, stylized sci-fi, pseudo-3D/top-down readable silhouette.",icon_weapon_infected_spore,9,Silver,Infected,12,9,13,6.14,6.78,2,4,4,6,False,Spore,Biological,SelectedTarget,prefab_weapon_infected_spore_projectile,False,0,0
weapon_infected_spore_silver_L10_01,Споровый залп,"Облако из 5–6 спор dark red/toxic green. Не выглядит как техника, а как заражённая биомасса. IMG: PNG 512×512, transparent background, centered projectile/VFX sprite, pivot center, no text, no watermark, mobile-friendly, stylized sci-fi, pseudo-3D/top-down readable silhouette.",icon_weapon_infected_spore,10,Silver,Infected,13,10,14,6.25,6.91,3,5,3,5,False,Spore,Biological,SelectedTarget,prefab_weapon_infected_spore_projectile,False,0,0
weapon_infected_acid_silver_L01_01,Кислотный плевок,"Вязкий кислотный комок с тянущимся следом. IMG: PNG 512×512, transparent background, centered projectile/VFX sprite, pivot center, no text, no watermark, mobile-friendly, stylized sci-fi, pseudo-3D/top-down readable silhouette.",icon_weapon_infected_acid,1,Silver,Infected,4,16,20,4.75,5.25,1,3,3,5,False,Acid,Corrosive,SelectedTarget,prefab_weapon_infected_acid_projectile,False,0,0
weapon_infected_acid_silver_L02_01,Кислотный плевок,"Вязкий кислотный комок с тянущимся следом. IMG: PNG 512×512, transparent background, centered projectile/VFX sprite, pivot center, no text, no watermark, mobile-friendly, stylized sci-fi, pseudo-3D/top-down readable silhouette.",icon_weapon_infected_acid,2,Silver,Infected,5,19,25,4.86,5.38,1,3,3,5,False,Acid,Corrosive,SelectedTarget,prefab_weapon_infected_acid_projectile,False,0,0
weapon_infected_acid_silver_L03_01,Кислотный плевок,"Вязкий кислотный комок с тянущимся следом. IMG: PNG 512×512, transparent background, centered projectile/VFX sprite, pivot center, no text, no watermark, mobile-friendly, stylized sci-fi, pseudo-3D/top-down readable silhouette.",icon_weapon_infected_acid,3,Silver,Infected,6,23,29,4.98,5.5,1,3,3,5,False,Acid,Corrosive,SelectedTarget,prefab_weapon_infected_acid_projectile,False,0,0
weapon_infected_acid_silver_L04_01,Кислотный плевок,"Вязкий кислотный комок с тянущимся следом. IMG: PNG 512×512, transparent background, centered projectile/VFX sprite, pivot center, no text, no watermark, mobile-friendly, stylized sci-fi, pseudo-3D/top-down readable silhouette.",icon_weapon_infected_acid,4,Silver,Infected,7,27,33,5.09,5.63,2,4,3,5,False,Acid,Corrosive,SelectedTarget,prefab_weapon_infected_acid_projectile,False,0,0
weapon_infected_acid_silver_L05_01,Кислотный плевок,"Вязкий кислотный комок с тянущимся следом. IMG: PNG 512×512, transparent background, centered projectile/VFX sprite, pivot center, no text, no watermark, mobile-friendly, stylized sci-fi, pseudo-3D/top-down readable silhouette.",icon_weapon_infected_acid,5,Silver,Infected,8,30,38,5.21,5.75,2,4,3,5,False,Acid,Corrosive,SelectedTarget,prefab_weapon_infected_acid_projectile,False,0,0
weapon_infected_acid_silver_L06_01,Кислотный плевок,"Вязкий кислотный комок с тянущимся следом. IMG: PNG 512×512, transparent background, centered projectile/VFX sprite, pivot center, no text, no watermark, mobile-friendly, stylized sci-fi, pseudo-3D/top-down readable silhouette.",icon_weapon_infected_acid,6,Silver,Infected,9,34,42,5.32,5.88,2,4,3,5,False,Acid,Corrosive,SelectedTarget,prefab_weapon_infected_acid_projectile,False,0,0
weapon_infected_acid_silver_L07_01,Кислотный плевок,"Вязкий кислотный комок с тянущимся следом. IMG: PNG 512×512, transparent background, centered projectile/VFX sprite, pivot center, no text, no watermark, mobile-friendly, stylized sci-fi, pseudo-3D/top-down readable silhouette.",icon_weapon_infected_acid,7,Silver,Infected,10,37,47,5.43,6.01,3,5,3,5,False,Acid,Corrosive,SelectedTarget,prefab_weapon_infected_acid_projectile,False,0,0
weapon_infected_acid_silver_L08_01,Кислотный плевок,"Вязкий кислотный комок с тянущимся следом. IMG: PNG 512×512, transparent background, centered projectile/VFX sprite, pivot center, no text, no watermark, mobile-friendly, stylized sci-fi, pseudo-3D/top-down readable silhouette.",icon_weapon_infected_acid,8,Silver,Infected,11,41,51,5.55,6.13,3,5,3,5,False,Acid,Corrosive,SelectedTarget,prefab_weapon_infected_acid_projectile,False,0,0
weapon_infected_acid_silver_L09_01,Кислотный плевок,"Вязкий кислотный комок с тянущимся следом. IMG: PNG 512×512, transparent background, centered projectile/VFX sprite, pivot center, no text, no watermark, mobile-friendly, stylized sci-fi, pseudo-3D/top-down readable silhouette.",icon_weapon_infected_acid,9,Silver,Infected,12,45,56,5.66,6.26,3,5,3,5,False,Acid,Corrosive,SelectedTarget,prefab_weapon_infected_acid_projectile,False,0,0
weapon_infected_acid_silver_L10_01,Кислотный плевок,"Вязкий кислотный комок с тянущимся следом. IMG: PNG 512×512, transparent background, centered projectile/VFX sprite, pivot center, no text, no watermark, mobile-friendly, stylized sci-fi, pseudo-3D/top-down readable silhouette.",icon_weapon_infected_acid,10,Silver,Infected,13,48,60,5.78,6.38,4,6,3,5,False,Acid,Corrosive,SelectedTarget,prefab_weapon_infected_acid_projectile,False,0,0
weapon_infected_swarm_silver_L01_01,Биорой,"Плотный рой из 8 мелких живых частиц. Должен читаться как агрессивная масса. IMG: PNG 512×512, transparent background, centered projectile/VFX sprite, pivot center, no text, no watermark, mobile-friendly, stylized sci-fi, pseudo-3D/top-down readable silhouette.",icon_weapon_infected_swarm,1,Silver,Infected,6,4,6,5.7,6.3,2,4,3,5,False,Swarm,Biological,SelectedTarget,prefab_weapon_infected_swarm_projectile,False,0,0
weapon_infected_swarm_silver_L02_01,Биорой,"Плотный рой из 8 мелких живых частиц. Должен читаться как агрессивная масса. IMG: PNG 512×512, transparent background, centered projectile/VFX sprite, pivot center, no text, no watermark, mobile-friendly, stylized sci-fi, pseudo-3D/top-down readable silhouette.",icon_weapon_infected_swarm,2,Silver,Infected,7,5,7,5.81,6.43,2,4,3,5,False,Swarm,Biological,SelectedTarget,prefab_weapon_infected_swarm_projectile,False,0,0
weapon_infected_swarm_silver_L03_01,Биорой,"Плотный рой из 8 мелких живых частиц. Должен читаться как агрессивная масса. IMG: PNG 512×512, transparent background, centered projectile/VFX sprite, pivot center, no text, no watermark, mobile-friendly, stylized sci-fi, pseudo-3D/top-down readable silhouette.",icon_weapon_infected_swarm,3,Silver,Infected,8,6,8,5.93,6.55,2,4,3,5,False,Swarm,Biological,SelectedTarget,prefab_weapon_infected_swarm_projectile,False,0,0
weapon_infected_swarm_silver_L04_01,Биорой,"Плотный рой из 8 мелких живых частиц. Должен читаться как агрессивная масса. IMG: PNG 512×512, transparent background, centered projectile/VFX sprite, pivot center, no text, no watermark, mobile-friendly, stylized sci-fi, pseudo-3D/top-down readable silhouette.",icon_weapon_infected_swarm,4,Silver,Infected,9,7,9,6.04,6.68,3,5,3,5,False,Swarm,Biological,SelectedTarget,prefab_weapon_infected_swarm_projectile,False,0,0
weapon_infected_swarm_silver_L05_01,Биорой,"Плотный рой из 8 мелких живых частиц. Должен читаться как агрессивная масса. IMG: PNG 512×512, transparent background, centered projectile/VFX sprite, pivot center, no text, no watermark, mobile-friendly, stylized sci-fi, pseudo-3D/top-down readable silhouette.",icon_weapon_infected_swarm,5,Silver,Infected,10,8,10,6.16,6.8,3,5,3,5,False,Swarm,Biological,SelectedTarget,prefab_weapon_infected_swarm_projectile,False,0,0
weapon_infected_swarm_silver_L06_01,Биорой,"Плотный рой из 8 мелких живых частиц. Должен читаться как агрессивная масса. IMG: PNG 512×512, transparent background, centered projectile/VFX sprite, pivot center, no text, no watermark, mobile-friendly, stylized sci-fi, pseudo-3D/top-down readable silhouette.",icon_weapon_infected_swarm,6,Silver,Infected,11,9,11,6.27,6.93,3,5,3,5,False,Swarm,Biological,SelectedTarget,prefab_weapon_infected_swarm_projectile,False,0,0
weapon_infected_swarm_silver_L07_01,Биорой,"Плотный рой из 8 мелких живых частиц. Должен читаться как агрессивная масса. IMG: PNG 512×512, transparent background, centered projectile/VFX sprite, pivot center, no text, no watermark, mobile-friendly, stylized sci-fi, pseudo-3D/top-down readable silhouette.",icon_weapon_infected_swarm,7,Silver,Infected,12,10,14,6.38,7.06,4,6,3,5,False,Swarm,Biological,SelectedTarget,prefab_weapon_infected_swarm_projectile,False,0,0
weapon_infected_swarm_silver_L08_01,Биорой,"Плотный рой из 8 мелких живых частиц. Должен читаться как агрессивная масса. IMG: PNG 512×512, transparent background, centered projectile/VFX sprite, pivot center, no text, no watermark, mobile-friendly, stylized sci-fi, pseudo-3D/top-down readable silhouette.",icon_weapon_infected_swarm,8,Silver,Infected,13,11,15,6.5,7.18,4,6,3,5,False,Swarm,Biological,SelectedTarget,prefab_weapon_infected_swarm_projectile,False,0,0
weapon_infected_swarm_silver_L09_01,Биорой,"Плотный рой из 8 мелких живых частиц. Должен читаться как агрессивная масса. IMG: PNG 512×512, transparent background, centered projectile/VFX sprite, pivot center, no text, no watermark, mobile-friendly, stylized sci-fi, pseudo-3D/top-down readable silhouette.",icon_weapon_infected_swarm,9,Silver,Infected,14,12,16,6.61,7.31,4,6,3,5,False,Swarm,Biological,SelectedTarget,prefab_weapon_infected_swarm_projectile,False,0,0
weapon_infected_swarm_silver_L10_01,Биорой,"Плотный рой из 8 мелких живых частиц. Должен читаться как агрессивная масса. IMG: PNG 512×512, transparent background, centered projectile/VFX sprite, pivot center, no text, no watermark, mobile-friendly, stylized sci-fi, pseudo-3D/top-down readable silhouette.",icon_weapon_infected_swarm,10,Silver,Infected,15,13,17,6.73,7.43,5,7,3,5,False,Swarm,Biological,SelectedTarget,prefab_weapon_infected_swarm_projectile,False,0,0
weapon_infected_tendril_silver_L01_01,Биохлыст,"Рывок-щупальце / биохлыст. Почти мгновенная короткая атака на ближней дистанции. IMG: PNG 512×512, transparent background, centered projectile/VFX sprite, pivot center, no text, no watermark, mobile-friendly, stylized sci-fi, pseudo-3D/top-down readable silhouette.",icon_weapon_infected_tendril,1,Silver,Infected,5,27,33,4.27,4.73,3,5,1,1,True,Tendril,Biological,SelectedTarget,prefab_weapon_infected_tendril_projectile,False,0,0
weapon_infected_tendril_silver_L02_01,Биохлыст,"Рывок-щупальце / биохлыст. Почти мгновенная короткая атака на ближней дистанции. IMG: PNG 512×512, transparent background, centered projectile/VFX sprite, pivot center, no text, no watermark, mobile-friendly, stylized sci-fi, pseudo-3D/top-down readable silhouette.",icon_weapon_infected_tendril,2,Silver,Infected,6,33,41,4.39,4.85,3,5,1,1,True,Tendril,Biological,SelectedTarget,prefab_weapon_infected_tendril_projectile,False,0,0
weapon_infected_tendril_silver_L03_01,Биохлыст,"Рывок-щупальце / биохлыст. Почти мгновенная короткая атака на ближней дистанции. IMG: PNG 512×512, transparent background, centered projectile/VFX sprite, pivot center, no text, no watermark, mobile-friendly, stylized sci-fi, pseudo-3D/top-down readable silhouette.",icon_weapon_infected_tendril,3,Silver,Infected,7,38,48,4.5,4.98,3,5,1,1,True,Tendril,Biological,SelectedTarget,prefab_weapon_infected_tendril_projectile,False,0,0
weapon_infected_tendril_silver_L04_01,Биохлыст,"Рывок-щупальце / биохлыст. Почти мгновенная короткая атака на ближней дистанции. IMG: PNG 512×512, transparent background, centered projectile/VFX sprite, pivot center, no text, no watermark, mobile-friendly, stylized sci-fi, pseudo-3D/top-down readable silhouette.",icon_weapon_infected_tendril,4,Silver,Infected,8,45,56,4.62,5.1,4,6,1,1,True,Tendril,Biological,SelectedTarget,prefab_weapon_infected_tendril_projectile,False,0,0
weapon_infected_tendril_silver_L05_01,Биохлыст,"Рывок-щупальце / биохлыст. Почти мгновенная короткая атака на ближней дистанции. IMG: PNG 512×512, transparent background, centered projectile/VFX sprite, pivot center, no text, no watermark, mobile-friendly, stylized sci-fi, pseudo-3D/top-down readable silhouette.",icon_weapon_infected_tendril,5,Silver,Infected,9,50,62,4.73,5.23,4,6,1,1,True,Tendril,Biological,SelectedTarget,prefab_weapon_infected_tendril_projectile,False,0,0
weapon_infected_tendril_silver_L06_01,Биохлыст,"Рывок-щупальце / биохлыст. Почти мгновенная короткая атака на ближней дистанции. IMG: PNG 512×512, transparent background, centered projectile/VFX sprite, pivot center, no text, no watermark, mobile-friendly, stylized sci-fi, pseudo-3D/top-down readable silhouette.",icon_weapon_infected_tendril,6,Silver,Infected,10,56,70,4.84,5.35,4,6,1,1,True,Tendril,Biological,SelectedTarget,prefab_weapon_infected_tendril_projectile,False,0,0
weapon_infected_tendril_silver_L07_01,Биохлыст,"Рывок-щупальце / биохлыст. Почти мгновенная короткая атака на ближней дистанции. IMG: PNG 512×512, transparent background, centered projectile/VFX sprite, pivot center, no text, no watermark, mobile-friendly, stylized sci-fi, pseudo-3D/top-down readable silhouette.",icon_weapon_infected_tendril,7,Silver,Infected,11,63,77,4.96,5.48,5,7,1,1,True,Tendril,Biological,SelectedTarget,prefab_weapon_infected_tendril_projectile,False,0,0
weapon_infected_tendril_silver_L08_01,Биохлыст,"Рывок-щупальце / биохлыст. Почти мгновенная короткая атака на ближней дистанции. IMG: PNG 512×512, transparent background, centered projectile/VFX sprite, pivot center, no text, no watermark, mobile-friendly, stylized sci-fi, pseudo-3D/top-down readable silhouette.",icon_weapon_infected_tendril,8,Silver,Infected,12,68,84,5.07,5.61,5,7,1,1,True,Tendril,Biological,SelectedTarget,prefab_weapon_infected_tendril_projectile,False,0,0
weapon_infected_tendril_silver_L09_01,Биохлыст,"Рывок-щупальце / биохлыст. Почти мгновенная короткая атака на ближней дистанции. IMG: PNG 512×512, transparent background, centered projectile/VFX sprite, pivot center, no text, no watermark, mobile-friendly, stylized sci-fi, pseudo-3D/top-down readable silhouette.",icon_weapon_infected_tendril,9,Silver,Infected,13,74,92,5.19,5.73,5,7,1,1,True,Tendril,Biological,SelectedTarget,prefab_weapon_infected_tendril_projectile,False,0,0
weapon_infected_tendril_silver_L10_01,Биохлыст,"Рывок-щупальце / биохлыст. Почти мгновенная короткая атака на ближней дистанции. IMG: PNG 512×512, transparent background, centered projectile/VFX sprite, pivot center, no text, no watermark, mobile-friendly, stylized sci-fi, pseudo-3D/top-down readable silhouette.",icon_weapon_infected_tendril,10,Silver,Infected,14,80,98,5.3,5.86,6,8,1,1,True,Tendril,Biological,SelectedTarget,prefab_weapon_infected_tendril_projectile,False,0,0
weapon_infected_burst_silver_L01_01,Пульсирующий нарыв,"Большой пульсирующий нарыв-снаряд, который выглядит нестабильным и готовым взорваться. IMG: PNG 512×512, transparent background, centered projectile/VFX sprite, pivot center, no text, no watermark, mobile-friendly, stylized sci-fi, pseudo-3D/top-down readable silhouette.",icon_weapon_infected_burst,1,Silver,Infected,4,45,56,5.22,5.78,4,6,5,7,False,Burst,Biological,SelectedTarget,prefab_weapon_infected_burst_projectile,False,0,0
weapon_infected_burst_silver_L02_01,Пульсирующий нарыв,"Большой пульсирующий нарыв-снаряд, который выглядит нестабильным и готовым взорваться. IMG: PNG 512×512, transparent background, centered projectile/VFX sprite, pivot center, no text, no watermark, mobile-friendly, stylized sci-fi, pseudo-3D/top-down readable silhouette.",icon_weapon_infected_burst,2,Silver,Infected,5,54,68,5.34,5.9,4,6,5,7,False,Burst,Biological,SelectedTarget,prefab_weapon_infected_burst_projectile,False,0,0
weapon_infected_burst_silver_L03_01,Пульсирующий нарыв,"Большой пульсирующий нарыв-снаряд, который выглядит нестабильным и готовым взорваться. IMG: PNG 512×512, transparent background, centered projectile/VFX sprite, pivot center, no text, no watermark, mobile-friendly, stylized sci-fi, pseudo-3D/top-down readable silhouette.",icon_weapon_infected_burst,3,Silver,Infected,6,64,80,5.45,6.03,4,6,5,7,False,Burst,Biological,SelectedTarget,prefab_weapon_infected_burst_projectile,False,0,0
weapon_infected_burst_silver_L04_01,Пульсирующий нарыв,"Большой пульсирующий нарыв-снаряд, который выглядит нестабильным и готовым взорваться. IMG: PNG 512×512, transparent background, centered projectile/VFX sprite, pivot center, no text, no watermark, mobile-friendly, stylized sci-fi, pseudo-3D/top-down readable silhouette.",icon_weapon_infected_burst,4,Silver,Infected,7,74,92,5.57,6.15,5,7,5,7,False,Burst,Biological,SelectedTarget,prefab_weapon_infected_burst_projectile,False,0,0
weapon_infected_burst_silver_L05_01,Пульсирующий нарыв,"Большой пульсирующий нарыв-снаряд, который выглядит нестабильным и готовым взорваться. IMG: PNG 512×512, transparent background, centered projectile/VFX sprite, pivot center, no text, no watermark, mobile-friendly, stylized sci-fi, pseudo-3D/top-down readable silhouette.",icon_weapon_infected_burst,5,Silver,Infected,8,84,104,5.68,6.28,5,7,5,7,False,Burst,Biological,SelectedTarget,prefab_weapon_infected_burst_projectile,False,0,0
weapon_infected_burst_silver_L06_01,Пульсирующий нарыв,"Большой пульсирующий нарыв-снаряд, который выглядит нестабильным и готовым взорваться. IMG: PNG 512×512, transparent background, centered projectile/VFX sprite, pivot center, no text, no watermark, mobile-friendly, stylized sci-fi, pseudo-3D/top-down readable silhouette.",icon_weapon_infected_burst,6,Silver,Infected,9,94,116,5.79,6.41,5,7,5,7,False,Burst,Biological,SelectedTarget,prefab_weapon_infected_burst_projectile,False,0,0
weapon_infected_burst_silver_L07_01,Пульсирующий нарыв,"Большой пульсирующий нарыв-снаряд, который выглядит нестабильным и готовым взорваться. IMG: PNG 512×512, transparent background, centered projectile/VFX sprite, pivot center, no text, no watermark, mobile-friendly, stylized sci-fi, pseudo-3D/top-down readable silhouette.",icon_weapon_infected_burst,7,Silver,Infected,10,104,128,5.91,6.53,6,8,5,7,False,Burst,Biological,SelectedTarget,prefab_weapon_infected_burst_projectile,False,0,0
weapon_infected_burst_silver_L08_01,Пульсирующий нарыв,"Большой пульсирующий нарыв-снаряд, который выглядит нестабильным и готовым взорваться. IMG: PNG 512×512, transparent background, centered projectile/VFX sprite, pivot center, no text, no watermark, mobile-friendly, stylized sci-fi, pseudo-3D/top-down readable silhouette.",icon_weapon_infected_burst,8,Silver,Infected,11,114,140,6.02,6.66,6,8,5,7,False,Burst,Biological,SelectedTarget,prefab_weapon_infected_burst_projectile,False,0,0
weapon_infected_burst_silver_L09_01,Пульсирующий нарыв,"Большой пульсирующий нарыв-снаряд, который выглядит нестабильным и готовым взорваться. IMG: PNG 512×512, transparent background, centered projectile/VFX sprite, pivot center, no text, no watermark, mobile-friendly, stylized sci-fi, pseudo-3D/top-down readable silhouette.",icon_weapon_infected_burst,9,Silver,Infected,12,124,152,6.14,6.78,6,8,4,6,False,Burst,Biological,SelectedTarget,prefab_weapon_infected_burst_projectile,False,0,0
weapon_infected_burst_silver_L10_01,Пульсирующий нарыв,"Большой пульсирующий нарыв-снаряд, который выглядит нестабильным и готовым взорваться. IMG: PNG 512×512, transparent background, centered projectile/VFX sprite, pivot center, no text, no watermark, mobile-friendly, stylized sci-fi, pseudo-3D/top-down readable silhouette.",icon_weapon_infected_burst,10,Silver,Infected,13,134,164,6.25,6.91,7,9,4,6,False,Burst,Biological,SelectedTarget,prefab_weapon_infected_burst_projectile,False,0,0
