id,displayName,description,level,groupKind,allyType,enemyFaction,strengthRank,strengthOrder,weaponOwner,weaponOwnerKey,variant,weaponCount,powerScore,tierPattern,familyPattern,weaponConfig01,weaponConfig02,weaponConfig03,weaponConfig04,weaponConfig05,actualWeaponCount,countCheck,strictLevelCheck,ownerCheck,referenceCheck,duplicateCheck,mixedTierCheck,allyOrderCheck,overallCheck,sourceBranch,sourceCsvPath,sourceNote
weapon_group_ally_military_L01_01,"Военные — уровень 1, вариант 1","Сильнейшие союзные боевые группы: тяжёлое и дальнобойное оружие, высокий tier-mix. Strict-level: 1; weapon count: 1; primary focus: ракетный удар. Tier-mix intentionally avoids mono-tier groups when weaponCount > 1.",1,Ally,Military,,5,1 — strongest ally,PlayerAndRangers,common,1,1,305,Gold,missile,weapon_common_missile_gold_L01_01,,,,,1,OK,OK,OK,OK,OK,N/A_ONE_WEAPON,OK,OK,stage-2a-sprint-4-2026.08.03,Assets/_Project/Content/Configs/Weapons/STAR_FRONTIER_WeaponConfig_300_config_fields_RU_no_enemy_types_v0.9_cargo_rules.csv,common WeaponConfig IDs are reused by all ally types; difference is in WeaponGroupConfig composition.
weapon_group_ally_military_L01_02,"Военные — уровень 1, вариант 2","Сильнейшие союзные боевые группы: тяжёлое и дальнобойное оружие, высокий tier-mix. Strict-level: 1; weapon count: 1; primary focus: дальний бой. Tier-mix intentionally avoids mono-tier groups when weaponCount > 1.",1,Ally,Military,,5,1 — strongest ally,PlayerAndRangers,common,2,1,304,Gold,railgun,weapon_common_railgun_gold_L01_01,,,,,1,OK,OK,OK,OK,OK,N/A_ONE_WEAPON,OK,OK,stage-2a-sprint-4-2026.08.03,Assets/_Project/Content/Configs/Weapons/STAR_FRONTIER_WeaponConfig_300_config_fields_RU_no_enemy_types_v0.9_cargo_rules.csv,common WeaponConfig IDs are reused by all ally types; difference is in WeaponGroupConfig composition.
weapon_group_ally_military_L01_03,"Военные — уровень 1, вариант 3","Сильнейшие союзные боевые группы: тяжёлое и дальнобойное оружие, высокий tier-mix. Strict-level: 1; weapon count: 1; primary focus: тяжёлый залп. Tier-mix intentionally avoids mono-tier groups when weaponCount > 1.",1,Ally,Military,,5,1 — strongest ally,PlayerAndRangers,common,3,1,303,Gold,plasma,weapon_common_plasma_gold_L01_01,,,,,1,OK,OK,OK,OK,OK,N/A_ONE_WEAPON,OK,OK,stage-2a-sprint-4-2026.08.03,Assets/_Project/Content/Configs/Weapons/STAR_FRONTIER_WeaponConfig_300_config_fields_RU_no_enemy_types_v0.9_cargo_rules.csv,common WeaponConfig IDs are reused by all ally types; difference is in WeaponGroupConfig composition.
weapon_group_ally_military_L01_04,"Военные — уровень 1, вариант 4","Сильнейшие союзные боевые группы: тяжёлое и дальнобойное оружие, высокий tier-mix. Strict-level: 1; weapon count: 1; primary focus: ракетный удар. Tier-mix intentionally avoids mono-tier groups when weaponCount > 1.",1,Ally,Military,,5,1 — strongest ally,PlayerAndRangers,common,4,1,305,Gold,missile,weapon_common_missile_gold_L01_01,,,,,1,OK,OK,OK,OK,OK,N/A_ONE_WEAPON,OK,OK,stage-2a-sprint-4-2026.08.03,Assets/_Project/Content/Configs/Weapons/STAR_FRONTIER_WeaponConfig_300_config_fields_RU_no_enemy_types_v0.9_cargo_rules.csv,common WeaponConfig IDs are reused by all ally types; difference is in WeaponGroupConfig composition.
weapon_group_ally_military_L01_05,"Военные — уровень 1, вариант 5","Сильнейшие союзные боевые группы: тяжёлое и дальнобойное оружие, высокий tier-mix. Strict-level: 1; weapon count: 1; primary focus: дальний бой. Tier-mix intentionally avoids mono-tier groups when weaponCount > 1.",1,Ally,Military,,5,1 — strongest ally,PlayerAndRangers,common,5,1,304,Gold,railgun,weapon_common_railgun_gold_L01_01,,,,,1,OK,OK,OK,OK,OK,N/A_ONE_WEAPON,OK,OK,stage-2a-sprint-4-2026.08.03,Assets/_Project/Content/Configs/Weapons/STAR_FRONTIER_WeaponConfig_300_config_fields_RU_no_enemy_types_v0.9_cargo_rules.csv,common WeaponConfig IDs are reused by all ally types; difference is in WeaponGroupConfig composition.
weapon_group_ally_military_L02_01,"Военные — уровень 2, вариант 1","Сильнейшие союзные боевые группы: тяжёлое и дальнобойное оружие, высокий tier-mix. Strict-level: 2; weapon count: 1; primary focus: ракетный удар. Tier-mix intentionally avoids mono-tier groups when weaponCount > 1.",2,Ally,Military,,5,1 — strongest ally,PlayerAndRangers,common,1,1,305,Gold,missile,weapon_common_missile_gold_L02_01,,,,,1,OK,OK,OK,OK,OK,N/A_ONE_WEAPON,OK,OK,stage-2a-sprint-4-2026.08.03,Assets/_Project/Content/Configs/Weapons/STAR_FRONTIER_WeaponConfig_300_config_fields_RU_no_enemy_types_v0.9_cargo_rules.csv,common WeaponConfig IDs are reused by all ally types; difference is in WeaponGroupConfig composition.
weapon_group_ally_military_L02_02,"Военные — уровень 2, вариант 2","Сильнейшие союзные боевые группы: тяжёлое и дальнобойное оружие, высокий tier-mix. Strict-level: 2; weapon count: 1; primary focus: дальний бой. Tier-mix intentionally avoids mono-tier groups when weaponCount > 1.",2,Ally,Military,,5,1 — strongest ally,PlayerAndRangers,common,2,1,304,Gold,railgun,weapon_common_railgun_gold_L02_01,,,,,1,OK,OK,OK,OK,OK,N/A_ONE_WEAPON,OK,OK,stage-2a-sprint-4-2026.08.03,Assets/_Project/Content/Configs/Weapons/STAR_FRONTIER_WeaponConfig_300_config_fields_RU_no_enemy_types_v0.9_cargo_rules.csv,common WeaponConfig IDs are reused by all ally types; difference is in WeaponGroupConfig composition.
weapon_group_ally_military_L02_03,"Военные — уровень 2, вариант 3","Сильнейшие союзные боевые группы: тяжёлое и дальнобойное оружие, высокий tier-mix. Strict-level: 2; weapon count: 1; primary focus: тяжёлый залп. Tier-mix intentionally avoids mono-tier groups when weaponCount > 1.",2,Ally,Military,,5,1 — strongest ally,PlayerAndRangers,common,3,1,303,Gold,plasma,weapon_common_plasma_gold_L02_01,,,,,1,OK,OK,OK,OK,OK,N/A_ONE_WEAPON,OK,OK,stage-2a-sprint-4-2026.08.03,Assets/_Project/Content/Configs/Weapons/STAR_FRONTIER_WeaponConfig_300_config_fields_RU_no_enemy_types_v0.9_cargo_rules.csv,common WeaponConfig IDs are reused by all ally types; difference is in WeaponGroupConfig composition.
weapon_group_ally_military_L02_04,"Военные — уровень 2, вариант 4","Сильнейшие союзные боевые группы: тяжёлое и дальнобойное оружие, высокий tier-mix. Strict-level: 2; weapon count: 1; primary focus: ракетный удар. Tier-mix intentionally avoids mono-tier groups when weaponCount > 1.",2,Ally,Military,,5,1 — strongest ally,PlayerAndRangers,common,4,1,305,Gold,missile,weapon_common_missile_gold_L02_01,,,,,1,OK,OK,OK,OK,OK,N/A_ONE_WEAPON,OK,OK,stage-2a-sprint-4-2026.08.03,Assets/_Project/Content/Configs/Weapons/STAR_FRONTIER_WeaponConfig_300_config_fields_RU_no_enemy_types_v0.9_cargo_rules.csv,common WeaponConfig IDs are reused by all ally types; difference is in WeaponGroupConfig composition.
weapon_group_ally_military_L02_05,"Военные — уровень 2, вариант 5","Сильнейшие союзные боевые группы: тяжёлое и дальнобойное оружие, высокий tier-mix. Strict-level: 2; weapon count: 1; primary focus: дальний бой. Tier-mix intentionally avoids mono-tier groups when weaponCount > 1.",2,Ally,Military,,5,1 — strongest ally,PlayerAndRangers,common,5,1,304,Gold,railgun,weapon_common_railgun_gold_L02_01,,,,,1,OK,OK,OK,OK,OK,N/A_ONE_WEAPON,OK,OK,stage-2a-sprint-4-2026.08.03,Assets/_Project/Content/Configs/Weapons/STAR_FRONTIER_WeaponConfig_300_config_fields_RU_no_enemy_types_v0.9_cargo_rules.csv,common WeaponConfig IDs are reused by all ally types; difference is in WeaponGroupConfig composition.
weapon_group_ally_military_L03_01,"Военные — уровень 3, вариант 1","Сильнейшие союзные боевые группы: тяжёлое и дальнобойное оружие, высокий tier-mix. Strict-level: 3; weapon count: 2; primary focus: ракетный удар. Tier-mix intentionally avoids mono-tier groups when weaponCount > 1.",3,Ally,Military,,5,1 — strongest ally,PlayerAndRangers,common,1,2,509,Gold + Silver,missile + railgun,weapon_common_missile_gold_L03_01,weapon_common_railgun_silver_L03_01,,,,2,OK,OK,OK,OK,OK,OK,OK,OK,stage-2a-sprint-4-2026.08.03,Assets/_Project/Content/Configs/Weapons/STAR_FRONTIER_WeaponConfig_300_config_fields_RU_no_enemy_types_v0.9_cargo_rules.csv,common WeaponConfig IDs are reused by all ally types; difference is in WeaponGroupConfig composition.
weapon_group_ally_military_L03_02,"Военные — уровень 3, вариант 2","Сильнейшие союзные боевые группы: тяжёлое и дальнобойное оружие, высокий tier-mix. Strict-level: 3; weapon count: 2; primary focus: дальний бой. Tier-mix intentionally avoids mono-tier groups when weaponCount > 1.",3,Ally,Military,,5,1 — strongest ally,PlayerAndRangers,common,2,2,509,Gold + Silver,railgun + missile,weapon_common_railgun_gold_L03_01,weapon_common_missile_silver_L03_01,,,,2,OK,OK,OK,OK,OK,OK,OK,OK,stage-2a-sprint-4-2026.08.03,Assets/_Project/Content/Configs/Weapons/STAR_FRONTIER_WeaponConfig_300_config_fields_RU_no_enemy_types_v0.9_cargo_rules.csv,common WeaponConfig IDs are reused by all ally types; difference is in WeaponGroupConfig composition.
weapon_group_ally_military_L03_03,"Военные — уровень 3, вариант 3","Сильнейшие союзные боевые группы: тяжёлое и дальнобойное оружие, высокий tier-mix. Strict-level: 3; weapon count: 2; primary focus: тяжёлый залп. Tier-mix intentionally avoids mono-tier groups when weaponCount > 1.",3,Ally,Military,,5,1 — strongest ally,PlayerAndRangers,common,3,2,508,Gold + Silver,plasma + missile,weapon_common_plasma_gold_L03_01,weapon_common_missile_silver_L03_01,,,,2,OK,OK,OK,OK,OK,OK,OK,OK,stage-2a-sprint-4-2026.08.03,Assets/_Project/Content/Configs/Weapons/STAR_FRONTIER_WeaponConfig_300_config_fields_RU_no_enemy_types_v0.9_cargo_rules.csv,common WeaponConfig IDs are reused by all ally types; difference is in WeaponGroupConfig composition.
weapon_group_ally_military_L03_04,"Военные — уровень 3, вариант 4","Сильнейшие союзные боевые группы: тяжёлое и дальнобойное оружие, высокий tier-mix. Strict-level: 3; weapon count: 2; primary focus: ракетный удар. Tier-mix intentionally avoids mono-tier groups when weaponCount > 1.",3,Ally,Military,,5,1 — strongest ally,PlayerAndRangers,common,4,2,508,Gold + Silver,missile + plasma,weapon_common_missile_gold_L03_01,weapon_common_plasma_silver_L03_01,,,,2,OK,OK,OK,OK,OK,OK,OK,OK,stage-2a-sprint-4-2026.08.03,Assets/_Project/Content/Configs/Weapons/STAR_FRONTIER_WeaponConfig_300_config_fields_RU_no_enemy_types_v0.9_cargo_rules.csv,common WeaponConfig IDs are reused by all ally types; difference is in WeaponGroupConfig composition.
weapon_group_ally_military_L03_05,"Военные — уровень 3, вариант 5","Сильнейшие союзные боевые группы: тяжёлое и дальнобойное оружие, высокий tier-mix. Strict-level: 3; weapon count: 2; primary focus: дальний бой. Tier-mix intentionally avoids mono-tier groups when weaponCount > 1.",3,Ally,Military,,5,1 — strongest ally,PlayerAndRangers,common,5,2,507,Gold + Silver,railgun + plasma,weapon_common_railgun_gold_L03_01,weapon_common_plasma_silver_L03_01,,,,2,OK,OK,OK,OK,OK,OK,OK,OK,stage-2a-sprint-4-2026.08.03,Assets/_Project/Content/Configs/Weapons/STAR_FRONTIER_WeaponConfig_300_config_fields_RU_no_enemy_types_v0.9_cargo_rules.csv,common WeaponConfig IDs are reused by all ally types; difference is in WeaponGroupConfig composition.
weapon_group_ally_military_L04_01,"Военные — уровень 4, вариант 1","Сильнейшие союзные боевые группы: тяжёлое и дальнобойное оружие, высокий tier-mix. Strict-level: 4; weapon count: 2; primary focus: ракетный удар. Tier-mix intentionally avoids mono-tier groups when weaponCount > 1.",4,Ally,Military,,5,1 — strongest ally,PlayerAndRangers,common,1,2,509,Gold + Silver,missile + railgun,weapon_common_missile_gold_L04_01,weapon_common_railgun_silver_L04_01,,,,2,OK,OK,OK,OK,OK,OK,OK,OK,stage-2a-sprint-4-2026.08.03,Assets/_Project/Content/Configs/Weapons/STAR_FRONTIER_WeaponConfig_300_config_fields_RU_no_enemy_types_v0.9_cargo_rules.csv,common WeaponConfig IDs are reused by all ally types; difference is in WeaponGroupConfig composition.
weapon_group_ally_military_L04_02,"Военные — уровень 4, вариант 2","Сильнейшие союзные боевые группы: тяжёлое и дальнобойное оружие, высокий tier-mix. Strict-level: 4; weapon count: 2; primary focus: дальний бой. Tier-mix intentionally avoids mono-tier groups when weaponCount > 1.",4,Ally,Military,,5,1 — strongest ally,PlayerAndRangers,common,2,2,509,Gold + Silver,railgun + missile,weapon_common_railgun_gold_L04_01,weapon_common_missile_silver_L04_01,,,,2,OK,OK,OK,OK,OK,OK,OK,OK,stage-2a-sprint-4-2026.08.03,Assets/_Project/Content/Configs/Weapons/STAR_FRONTIER_WeaponConfig_300_config_fields_RU_no_enemy_types_v0.9_cargo_rules.csv,common WeaponConfig IDs are reused by all ally types; difference is in WeaponGroupConfig composition.
weapon_group_ally_military_L04_03,"Военные — уровень 4, вариант 3","Сильнейшие союзные боевые группы: тяжёлое и дальнобойное оружие, высокий tier-mix. Strict-level: 4; weapon count: 2; primary focus: тяжёлый залп. Tier-mix intentionally avoids mono-tier groups when weaponCount > 1.",4,Ally,Military,,5,1 — strongest ally,PlayerAndRangers,common,3,2,508,Gold + Silver,plasma + missile,weapon_common_plasma_gold_L04_01,weapon_common_missile_silver_L04_01,,,,2,OK,OK,OK,OK,OK,OK,OK,OK,stage-2a-sprint-4-2026.08.03,Assets/_Project/Content/Configs/Weapons/STAR_FRONTIER_WeaponConfig_300_config_fields_RU_no_enemy_types_v0.9_cargo_rules.csv,common WeaponConfig IDs are reused by all ally types; difference is in WeaponGroupConfig composition.
weapon_group_ally_military_L04_04,"Военные — уровень 4, вариант 4","Сильнейшие союзные боевые группы: тяжёлое и дальнобойное оружие, высокий tier-mix. Strict-level: 4; weapon count: 2; primary focus: ракетный удар. Tier-mix intentionally avoids mono-tier groups when weaponCount > 1.",4,Ally,Military,,5,1 — strongest ally,PlayerAndRangers,common,4,2,508,Gold + Silver,missile + plasma,weapon_common_missile_gold_L04_01,weapon_common_plasma_silver_L04_01,,,,2,OK,OK,OK,OK,OK,OK,OK,OK,stage-2a-sprint-4-2026.08.03,Assets/_Project/Content/Configs/Weapons/STAR_FRONTIER_WeaponConfig_300_config_fields_RU_no_enemy_types_v0.9_cargo_rules.csv,common WeaponConfig IDs are reused by all ally types; difference is in WeaponGroupConfig composition.
weapon_group_ally_military_L04_05,"Военные — уровень 4, вариант 5","Сильнейшие союзные боевые группы: тяжёлое и дальнобойное оружие, высокий tier-mix. Strict-level: 4; weapon count: 2; primary focus: дальний бой. Tier-mix intentionally avoids mono-tier groups when weaponCount > 1.",4,Ally,Military,,5,1 — strongest ally,PlayerAndRangers,common,5,2,507,Gold + Silver,railgun + plasma,weapon_common_railgun_gold_L04_01,weapon_common_plasma_silver_L04_01,,,,2,OK,OK,OK,OK,OK,OK,OK,OK,stage-2a-sprint-4-2026.08.03,Assets/_Project/Content/Configs/Weapons/STAR_FRONTIER_WeaponConfig_300_config_fields_RU_no_enemy_types_v0.9_cargo_rules.csv,common WeaponConfig IDs are reused by all ally types; difference is in WeaponGroupConfig composition.
weapon_group_ally_military_L05_01,"Военные — уровень 5, вариант 1","Сильнейшие союзные боевые группы: тяжёлое и дальнобойное оружие, высокий tier-mix. Strict-level: 5; weapon count: 3; primary focus: ракетный удар. Tier-mix intentionally avoids mono-tier groups when weaponCount > 1.",5,Ally,Military,,5,1 — strongest ally,PlayerAndRangers,common,1,3,812,Gold + Silver + Gold,missile + railgun + plasma,weapon_common_missile_gold_L05_01,weapon_common_railgun_silver_L05_01,weapon_common_plasma_gold_L05_01,,,3,OK,OK,OK,OK,OK,OK,OK,OK,stage-2a-sprint-4-2026.08.03,Assets/_Project/Content/Configs/Weapons/STAR_FRONTIER_WeaponConfig_300_config_fields_RU_no_enemy_types_v0.9_cargo_rules.csv,common WeaponConfig IDs are reused by all ally types; difference is in WeaponGroupConfig composition.
weapon_group_ally_military_L05_02,"Военные — уровень 5, вариант 2","Сильнейшие союзные боевые группы: тяжёлое и дальнобойное оружие, высокий tier-mix. Strict-level: 5; weapon count: 3; primary focus: дальний бой. Tier-mix intentionally avoids mono-tier groups when weaponCount > 1.",5,Ally,Military,,5,1 — strongest ally,PlayerAndRangers,common,2,3,811,Gold + Silver + Gold,railgun + missile + laser,weapon_common_railgun_gold_L05_01,weapon_common_missile_silver_L05_01,weapon_common_laser_gold_L05_01,,,3,OK,OK,OK,OK,OK,OK,OK,OK,stage-2a-sprint-4-2026.08.03,Assets/_Project/Content/Configs/Weapons/STAR_FRONTIER_WeaponConfig_300_config_fields_RU_no_enemy_types_v0.9_cargo_rules.csv,common WeaponConfig IDs are reused by all ally types; difference is in WeaponGroupConfig composition.
weapon_group_ally_military_L05_03,"Военные — уровень 5, вариант 3","Сильнейшие союзные боевые группы: тяжёлое и дальнобойное оружие, высокий tier-mix. Strict-level: 5; weapon count: 3; primary focus: тяжёлый залп. Tier-mix intentionally avoids mono-tier groups when weaponCount > 1.",5,Ally,Military,,5,1 — strongest ally,PlayerAndRangers,common,3,3,812,Gold + Silver + Gold,plasma + missile + railgun,weapon_common_plasma_gold_L05_01,weapon_common_missile_silver_L05_01,weapon_common_railgun_gold_L05_01,,,3,OK,OK,OK,OK,OK,OK,OK,OK,stage-2a-sprint-4-2026.08.03,Assets/_Project/Content/Configs/Weapons/STAR_FRONTIER_WeaponConfig_300_config_fields_RU_no_enemy_types_v0.9_cargo_rules.csv,common WeaponConfig IDs are reused by all ally types; difference is in WeaponGroupConfig composition.
weapon_group_ally_military_L05_04,"Военные — уровень 5, вариант 4","Сильнейшие союзные боевые группы: тяжёлое и дальнобойное оружие, высокий tier-mix. Strict-level: 5; weapon count: 3; primary focus: ракетный удар. Tier-mix intentionally avoids mono-tier groups when weaponCount > 1.",5,Ally,Military,,5,1 — strongest ally,PlayerAndRangers,common,4,3,810,Gold + Silver + Gold,missile + plasma + laser,weapon_common_missile_gold_L05_01,weapon_common_plasma_silver_L05_01,weapon_common_laser_gold_L05_01,,,3,OK,OK,OK,OK,OK,OK,OK,OK,stage-2a-sprint-4-2026.08.03,Assets/_Project/Content/Configs/Weapons/STAR_FRONTIER_WeaponConfig_300_config_fields_RU_no_enemy_types_v0.9_cargo_rules.csv,common WeaponConfig IDs are reused by all ally types; difference is in WeaponGroupConfig composition.
weapon_group_ally_military_L05_05,"Военные — уровень 5, вариант 5","Сильнейшие союзные боевые группы: тяжёлое и дальнобойное оружие, высокий tier-mix. Strict-level: 5; weapon count: 3; primary focus: дальний бой. Tier-mix intentionally avoids mono-tier groups when weaponCount > 1.",5,Ally,Military,,5,1 — strongest ally,PlayerAndRangers,common,5,3,812,Gold + Silver + Gold,railgun + plasma + missile,weapon_common_railgun_gold_L05_01,weapon_common_plasma_silver_L05_01,weapon_common_missile_gold_L05_01,,,3,OK,OK,OK,OK,OK,OK,OK,OK,stage-2a-sprint-4-2026.08.03,Assets/_Project/Content/Configs/Weapons/STAR_FRONTIER_WeaponConfig_300_config_fields_RU_no_enemy_types_v0.9_cargo_rules.csv,common WeaponConfig IDs are reused by all ally types; difference is in WeaponGroupConfig composition.
weapon_group_ally_military_L06_01,"Военные — уровень 6, вариант 1","Сильнейшие союзные боевые группы: тяжёлое и дальнобойное оружие, высокий tier-mix. Strict-level: 6; weapon count: 3; primary focus: ракетный удар. Tier-mix intentionally avoids mono-tier groups when weaponCount > 1.",6,Ally,Military,,5,1 — strongest ally,PlayerAndRangers,common,1,3,812,Gold + Silver + Gold,missile + railgun + plasma,weapon_common_missile_gold_L06_01,weapon_common_railgun_silver_L06_01,weapon_common_plasma_gold_L06_01,,,3,OK,OK,OK,OK,OK,OK,OK,OK,stage-2a-sprint-4-2026.08.03,Assets/_Project/Content/Configs/Weapons/STAR_FRONTIER_WeaponConfig_300_config_fields_RU_no_enemy_types_v0.9_cargo_rules.csv,common WeaponConfig IDs are reused by all ally types; difference is in WeaponGroupConfig composition.
weapon_group_ally_military_L06_02,"Военные — уровень 6, вариант 2","Сильнейшие союзные боевые группы: тяжёлое и дальнобойное оружие, высокий tier-mix. Strict-level: 6; weapon count: 3; primary focus: дальний бой. Tier-mix intentionally avoids mono-tier groups when weaponCount > 1.",6,Ally,Military,,5,1 — strongest ally,PlayerAndRangers,common,2,3,811,Gold + Silver + Gold,railgun + missile + laser,weapon_common_railgun_gold_L06_01,weapon_common_missile_silver_L06_01,weapon_common_laser_gold_L06_01,,,3,OK,OK,OK,OK,OK,OK,OK,OK,stage-2a-sprint-4-2026.08.03,Assets/_Project/Content/Configs/Weapons/STAR_FRONTIER_WeaponConfig_300_config_fields_RU_no_enemy_types_v0.9_cargo_rules.csv,common WeaponConfig IDs are reused by all ally types; difference is in WeaponGroupConfig composition.
weapon_group_ally_military_L06_03,"Военные — уровень 6, вариант 3","Сильнейшие союзные боевые группы: тяжёлое и дальнобойное оружие, высокий tier-mix. Strict-level: 6; weapon count: 3; primary focus: тяжёлый залп. Tier-mix intentionally avoids mono-tier groups when weaponCount > 1.",6,Ally,Military,,5,1 — strongest ally,PlayerAndRangers,common,3,3,812,Gold + Silver + Gold,plasma + missile + railgun,weapon_common_plasma_gold_L06_01,weapon_common_missile_silver_L06_01,weapon_common_railgun_gold_L06_01,,,3,OK,OK,OK,OK,OK,OK,OK,OK,stage-2a-sprint-4-2026.08.03,Assets/_Project/Content/Configs/Weapons/STAR_FRONTIER_WeaponConfig_300_config_fields_RU_no_enemy_types_v0.9_cargo_rules.csv,common WeaponConfig IDs are reused by all ally types; difference is in WeaponGroupConfig composition.
weapon_group_ally_military_L06_04,"Военные — уровень 6, вариант 4","Сильнейшие союзные боевые группы: тяжёлое и дальнобойное оружие, высокий tier-mix. Strict-level: 6; weapon count: 3; primary focus: ракетный удар. Tier-mix intentionally avoids mono-tier groups when weaponCount > 1.",6,Ally,Military,,5,1 — strongest ally,PlayerAndRangers,common,4,3,810,Gold + Silver + Gold,missile + plasma + laser,weapon_common_missile_gold_L06_01,weapon_common_plasma_silver_L06_01,weapon_common_laser_gold_L06_01,,,3,OK,OK,OK,OK,OK,OK,OK,OK,stage-2a-sprint-4-2026.08.03,Assets/_Project/Content/Configs/Weapons/STAR_FRONTIER_WeaponConfig_300_config_fields_RU_no_enemy_types_v0.9_cargo_rules.csv,common WeaponConfig IDs are reused by all ally types; difference is in WeaponGroupConfig composition.
weapon_group_ally_military_L06_05,"Военные — уровень 6, вариант 5","Сильнейшие союзные боевые группы: тяжёлое и дальнобойное оружие, высокий tier-mix. Strict-level: 6; weapon count: 3; primary focus: дальний бой. Tier-mix intentionally avoids mono-tier groups when weaponCount > 1.",6,Ally,Military,,5,1 — strongest ally,PlayerAndRangers,common,5,3,812,Gold + Silver + Gold,railgun + plasma + missile,weapon_common_railgun_gold_L06_01,weapon_common_plasma_silver_L06_01,weapon_common_missile_gold_L06_01,,,3,OK,OK,OK,OK,OK,OK,OK,OK,stage-2a-sprint-4-2026.08.03,Assets/_Project/Content/Configs/Weapons/STAR_FRONTIER_WeaponConfig_300_config_fields_RU_no_enemy_types_v0.9_cargo_rules.csv,common WeaponConfig IDs are reused by all ally types; difference is in WeaponGroupConfig composition.
weapon_group_ally_military_L07_01,"Военные — уровень 7, вариант 1","Сильнейшие союзные боевые группы: тяжёлое и дальнобойное оружие, высокий tier-mix. Strict-level: 7; weapon count: 4; primary focus: ракетный удар. Tier-mix intentionally avoids mono-tier groups when weaponCount > 1.",7,Ally,Military,,5,1 — strongest ally,PlayerAndRangers,common,1,4,1014,Gold + Silver + Gold + Silver,missile + railgun + plasma + laser,weapon_common_missile_gold_L07_01,weapon_common_railgun_silver_L07_01,weapon_common_plasma_gold_L07_01,weapon_common_laser_silver_L07_01,,4,OK,OK,OK,OK,OK,OK,OK,OK,stage-2a-sprint-4-2026.08.03,Assets/_Project/Content/Configs/Weapons/STAR_FRONTIER_WeaponConfig_300_config_fields_RU_no_enemy_types_v0.9_cargo_rules.csv,common WeaponConfig IDs are reused by all ally types; difference is in WeaponGroupConfig composition.
weapon_group_ally_military_L07_02,"Военные — уровень 7, вариант 2","Сильнейшие союзные боевые группы: тяжёлое и дальнобойное оружие, высокий tier-mix. Strict-level: 7; weapon count: 4; primary focus: дальний бой. Tier-mix intentionally avoids mono-tier groups when weaponCount > 1.",7,Ally,Military,,5,1 — strongest ally,PlayerAndRangers,common,2,4,1014,Gold + Silver + Gold + Silver,railgun + missile + laser + plasma,weapon_common_railgun_gold_L07_01,weapon_common_missile_silver_L07_01,weapon_common_laser_gold_L07_01,weapon_common_plasma_silver_L07_01,,4,OK,OK,OK,OK,OK,OK,OK,OK,stage-2a-sprint-4-2026.08.03,Assets/_Project/Content/Configs/Weapons/STAR_FRONTIER_WeaponConfig_300_config_fields_RU_no_enemy_types_v0.9_cargo_rules.csv,common WeaponConfig IDs are reused by all ally types; difference is in WeaponGroupConfig composition.
weapon_group_ally_military_L07_03,"Военные — уровень 7, вариант 3","Сильнейшие союзные боевые группы: тяжёлое и дальнобойное оружие, высокий tier-mix. Strict-level: 7; weapon count: 4; primary focus: тяжёлый залп. Tier-mix intentionally avoids mono-tier groups when weaponCount > 1.",7,Ally,Military,,5,1 — strongest ally,PlayerAndRangers,common,3,4,1014,Gold + Silver + Gold + Silver,plasma + missile + railgun + laser,weapon_common_plasma_gold_L07_01,weapon_common_missile_silver_L07_01,weapon_common_railgun_gold_L07_01,weapon_common_laser_silver_L07_01,,4,OK,OK,OK,OK,OK,OK,OK,OK,stage-2a-sprint-4-2026.08.03,Assets/_Project/Content/Configs/Weapons/STAR_FRONTIER_WeaponConfig_300_config_fields_RU_no_enemy_types_v0.9_cargo_rules.csv,common WeaponConfig IDs are reused by all ally types; difference is in WeaponGroupConfig composition.
weapon_group_ally_military_L07_04,"Военные — уровень 7, вариант 4","Сильнейшие союзные боевые группы: тяжёлое и дальнобойное оружие, высокий tier-mix. Strict-level: 7; weapon count: 4; primary focus: ракетный удар. Tier-mix intentionally avoids mono-tier groups when weaponCount > 1.",7,Ally,Military,,5,1 — strongest ally,PlayerAndRangers,common,4,4,1014,Gold + Silver + Gold + Silver,missile + plasma + laser + railgun,weapon_common_missile_gold_L07_01,weapon_common_plasma_silver_L07_01,weapon_common_laser_gold_L07_01,weapon_common_railgun_silver_L07_01,,4,OK,OK,OK,OK,OK,OK,OK,OK,stage-2a-sprint-4-2026.08.03,Assets/_Project/Content/Configs/Weapons/STAR_FRONTIER_WeaponConfig_300_config_fields_RU_no_enemy_types_v0.9_cargo_rules.csv,common WeaponConfig IDs are reused by all ally types; difference is in WeaponGroupConfig composition.
weapon_group_ally_military_L07_05,"Военные — уровень 7, вариант 5","Сильнейшие союзные боевые группы: тяжёлое и дальнобойное оружие, высокий tier-mix. Strict-level: 7; weapon count: 4; primary focus: дальний бой. Tier-mix intentionally avoids mono-tier groups when weaponCount > 1.",7,Ally,Military,,5,1 — strongest ally,PlayerAndRangers,common,5,4,1013,Gold + Silver + Gold + Silver,railgun + plasma + missile + pulse,weapon_common_railgun_gold_L07_01,weapon_common_plasma_silver_L07_01,weapon_common_missile_gold_L07_01,weapon_common_pulse_silver_L07_01,,4,OK,OK,OK,OK,OK,OK,OK,OK,stage-2a-sprint-4-2026.08.03,Assets/_Project/Content/Configs/Weapons/STAR_FRONTIER_WeaponConfig_300_config_fields_RU_no_enemy_types_v0.9_cargo_rules.csv,common WeaponConfig IDs are reused by all ally types; difference is in WeaponGroupConfig composition.
weapon_group_ally_military_L08_01,"Военные — уровень 8, вариант 1","Сильнейшие союзные боевые группы: тяжёлое и дальнобойное оружие, высокий tier-mix. Strict-level: 8; weapon count: 4; primary focus: ракетный удар. Tier-mix intentionally avoids mono-tier groups when weaponCount > 1.",8,Ally,Military,,5,1 — strongest ally,PlayerAndRangers,common,1,4,1014,Gold + Silver + Gold + Silver,missile + railgun + plasma + laser,weapon_common_missile_gold_L08_01,weapon_common_railgun_silver_L08_01,weapon_common_plasma_gold_L08_01,weapon_common_laser_silver_L08_01,,4,OK,OK,OK,OK,OK,OK,OK,OK,stage-2a-sprint-4-2026.08.03,Assets/_Project/Content/Configs/Weapons/STAR_FRONTIER_WeaponConfig_300_config_fields_RU_no_enemy_types_v0.9_cargo_rules.csv,common WeaponConfig IDs are reused by all ally types; difference is in WeaponGroupConfig composition.
weapon_group_ally_military_L08_02,"Военные — уровень 8, вариант 2","Сильнейшие союзные боевые группы: тяжёлое и дальнобойное оружие, высокий tier-mix. Strict-level: 8; weapon count: 4; primary focus: дальний бой. Tier-mix intentionally avoids mono-tier groups when weaponCount > 1.",8,Ally,Military,,5,1 — strongest ally,PlayerAndRangers,common,2,4,1014,Gold + Silver + Gold + Silver,railgun + missile + laser + plasma,weapon_common_railgun_gold_L08_01,weapon_common_missile_silver_L08_01,weapon_common_laser_gold_L08_01,weapon_common_plasma_silver_L08_01,,4,OK,OK,OK,OK,OK,OK,OK,OK,stage-2a-sprint-4-2026.08.03,Assets/_Project/Content/Configs/Weapons/STAR_FRONTIER_WeaponConfig_300_config_fields_RU_no_enemy_types_v0.9_cargo_rules.csv,common WeaponConfig IDs are reused by all ally types; difference is in WeaponGroupConfig composition.
weapon_group_ally_military_L08_03,"Военные — уровень 8, вариант 3","Сильнейшие союзные боевые группы: тяжёлое и дальнобойное оружие, высокий tier-mix. Strict-level: 8; weapon count: 4; primary focus: тяжёлый залп. Tier-mix intentionally avoids mono-tier groups when weaponCount > 1.",8,Ally,Military,,5,1 — strongest ally,PlayerAndRangers,common,3,4,1014,Gold + Silver + Gold + Silver,plasma + missile + railgun + laser,weapon_common_plasma_gold_L08_01,weapon_common_missile_silver_L08_01,weapon_common_railgun_gold_L08_01,weapon_common_laser_silver_L08_01,,4,OK,OK,OK,OK,OK,OK,OK,OK,stage-2a-sprint-4-2026.08.03,Assets/_Project/Content/Configs/Weapons/STAR_FRONTIER_WeaponConfig_300_config_fields_RU_no_enemy_types_v0.9_cargo_rules.csv,common WeaponConfig IDs are reused by all ally types; difference is in WeaponGroupConfig composition.
weapon_group_ally_military_L08_04,"Военные — уровень 8, вариант 4","Сильнейшие союзные боевые группы: тяжёлое и дальнобойное оружие, высокий tier-mix. Strict-level: 8; weapon count: 4; primary focus: ракетный удар. Tier-mix intentionally avoids mono-tier groups when weaponCount > 1.",8,Ally,Military,,5,1 — strongest ally,PlayerAndRangers,common,4,4,1014,Gold + Silver + Gold + Silver,missile + plasma + laser + railgun,weapon_common_missile_gold_L08_01,weapon_common_plasma_silver_L08_01,weapon_common_laser_gold_L08_01,weapon_common_railgun_silver_L08_01,,4,OK,OK,OK,OK,OK,OK,OK,OK,stage-2a-sprint-4-2026.08.03,Assets/_Project/Content/Configs/Weapons/STAR_FRONTIER_WeaponConfig_300_config_fields_RU_no_enemy_types_v0.9_cargo_rules.csv,common WeaponConfig IDs are reused by all ally types; difference is in WeaponGroupConfig composition.
weapon_group_ally_military_L08_05,"Военные — уровень 8, вариант 5","Сильнейшие союзные боевые группы: тяжёлое и дальнобойное оружие, высокий tier-mix. Strict-level: 8; weapon count: 4; primary focus: дальний бой. Tier-mix intentionally avoids mono-tier groups when weaponCount > 1.",8,Ally,Military,,5,1 — strongest ally,PlayerAndRangers,common,5,4,1013,Gold + Silver + Gold + Silver,railgun + plasma + missile + pulse,weapon_common_railgun_gold_L08_01,weapon_common_plasma_silver_L08_01,weapon_common_missile_gold_L08_01,weapon_common_pulse_silver_L08_01,,4,OK,OK,OK,OK,OK,OK,OK,OK,stage-2a-sprint-4-2026.08.03,Assets/_Project/Content/Configs/Weapons/STAR_FRONTIER_WeaponConfig_300_config_fields_RU_no_enemy_types_v0.9_cargo_rules.csv,common WeaponConfig IDs are reused by all ally types; difference is in WeaponGroupConfig composition.
weapon_group_ally_military_L09_01,"Военные — уровень 9, вариант 1","Сильнейшие союзные боевые группы: тяжёлое и дальнобойное оружие, высокий tier-mix. Strict-level: 9; weapon count: 5; primary focus: ракетный удар. Tier-mix intentionally avoids mono-tier groups when weaponCount > 1.",9,Ally,Military,,5,1 — strongest ally,PlayerAndRangers,common,1,5,1315,Gold + Gold + Silver + Gold + Silver,missile + railgun + plasma + laser + pulse,weapon_common_missile_gold_L09_01,weapon_common_railgun_gold_L09_01,weapon_common_plasma_silver_L09_01,weapon_common_laser_gold_L09_01,weapon_common_pulse_silver_L09_01,5,OK,OK,OK,OK,OK,OK,OK,OK,stage-2a-sprint-4-2026.08.03,Assets/_Project/Content/Configs/Weapons/STAR_FRONTIER_WeaponConfig_300_config_fields_RU_no_enemy_types_v0.9_cargo_rules.csv,common WeaponConfig IDs are reused by all ally types; difference is in WeaponGroupConfig composition.
weapon_group_ally_military_L09_02,"Военные — уровень 9, вариант 2","Сильнейшие союзные боевые группы: тяжёлое и дальнобойное оружие, высокий tier-mix. Strict-level: 9; weapon count: 5; primary focus: дальний бой. Tier-mix intentionally avoids mono-tier groups when weaponCount > 1.",9,Ally,Military,,5,1 — strongest ally,PlayerAndRangers,common,2,5,1315,Gold + Gold + Silver + Gold + Silver,railgun + missile + laser + plasma + pulse,weapon_common_railgun_gold_L09_01,weapon_common_missile_gold_L09_01,weapon_common_laser_silver_L09_01,weapon_common_plasma_gold_L09_01,weapon_common_pulse_silver_L09_01,5,OK,OK,OK,OK,OK,OK,OK,OK,stage-2a-sprint-4-2026.08.03,Assets/_Project/Content/Configs/Weapons/STAR_FRONTIER_WeaponConfig_300_config_fields_RU_no_enemy_types_v0.9_cargo_rules.csv,common WeaponConfig IDs are reused by all ally types; difference is in WeaponGroupConfig composition.
weapon_group_ally_military_L09_03,"Военные — уровень 9, вариант 3","Сильнейшие союзные боевые группы: тяжёлое и дальнобойное оружие, высокий tier-mix. Strict-level: 9; weapon count: 5; primary focus: тяжёлый залп. Tier-mix intentionally avoids mono-tier groups when weaponCount > 1.",9,Ally,Military,,5,1 — strongest ally,PlayerAndRangers,common,3,5,1315,Gold + Gold + Silver + Gold + Silver,plasma + missile + railgun + laser + pulse,weapon_common_plasma_gold_L09_01,weapon_common_missile_gold_L09_01,weapon_common_railgun_silver_L09_01,weapon_common_laser_gold_L09_01,weapon_common_pulse_silver_L09_01,5,OK,OK,OK,OK,OK,OK,OK,OK,stage-2a-sprint-4-2026.08.03,Assets/_Project/Content/Configs/Weapons/STAR_FRONTIER_WeaponConfig_300_config_fields_RU_no_enemy_types_v0.9_cargo_rules.csv,common WeaponConfig IDs are reused by all ally types; difference is in WeaponGroupConfig composition.
weapon_group_ally_military_L09_04,"Военные — уровень 9, вариант 4","Сильнейшие союзные боевые группы: тяжёлое и дальнобойное оружие, высокий tier-mix. Strict-level: 9; weapon count: 5; primary focus: ракетный удар. Tier-mix intentionally avoids mono-tier groups when weaponCount > 1.",9,Ally,Military,,5,1 — strongest ally,PlayerAndRangers,common,4,5,1315,Gold + Gold + Silver + Gold + Silver,missile + plasma + laser + railgun + pulse,weapon_common_missile_gold_L09_01,weapon_common_plasma_gold_L09_01,weapon_common_laser_silver_L09_01,weapon_common_railgun_gold_L09_01,weapon_common_pulse_silver_L09_01,5,OK,OK,OK,OK,OK,OK,OK,OK,stage-2a-sprint-4-2026.08.03,Assets/_Project/Content/Configs/Weapons/STAR_FRONTIER_WeaponConfig_300_config_fields_RU_no_enemy_types_v0.9_cargo_rules.csv,common WeaponConfig IDs are reused by all ally types; difference is in WeaponGroupConfig composition.
weapon_group_ally_military_L09_05,"Военные — уровень 9, вариант 5","Сильнейшие союзные боевые группы: тяжёлое и дальнобойное оружие, высокий tier-mix. Strict-level: 9; weapon count: 5; primary focus: дальний бой. Tier-mix intentionally avoids mono-tier groups when weaponCount > 1.",9,Ally,Military,,5,1 — strongest ally,PlayerAndRangers,common,5,5,1315,Gold + Gold + Silver + Gold + Silver,railgun + plasma + missile + pulse + laser,weapon_common_railgun_gold_L09_01,weapon_common_plasma_gold_L09_01,weapon_common_missile_silver_L09_01,weapon_common_pulse_gold_L09_01,weapon_common_laser_silver_L09_01,5,OK,OK,OK,OK,OK,OK,OK,OK,stage-2a-sprint-4-2026.08.03,Assets/_Project/Content/Configs/Weapons/STAR_FRONTIER_WeaponConfig_300_config_fields_RU_no_enemy_types_v0.9_cargo_rules.csv,common WeaponConfig IDs are reused by all ally types; difference is in WeaponGroupConfig composition.
weapon_group_ally_military_L10_01,"Военные — уровень 10, вариант 1","Сильнейшие союзные боевые группы: тяжёлое и дальнобойное оружие, высокий tier-mix. Strict-level: 10; weapon count: 5; primary focus: ракетный удар. Tier-mix intentionally avoids mono-tier groups when weaponCount > 1.",10,Ally,Military,,5,1 — strongest ally,PlayerAndRangers,common,1,5,1315,Gold + Gold + Silver + Gold + Silver,missile + railgun + plasma + laser + pulse,weapon_common_missile_gold_L10_01,weapon_common_railgun_gold_L10_01,weapon_common_plasma_silver_L10_01,weapon_common_laser_gold_L10_01,weapon_common_pulse_silver_L10_01,5,OK,OK,OK,OK,OK,OK,OK,OK,stage-2a-sprint-4-2026.08.03,Assets/_Project/Content/Configs/Weapons/STAR_FRONTIER_WeaponConfig_300_config_fields_RU_no_enemy_types_v0.9_cargo_rules.csv,common WeaponConfig IDs are reused by all ally types; difference is in WeaponGroupConfig composition.
weapon_group_ally_military_L10_02,"Военные — уровень 10, вариант 2","Сильнейшие союзные боевые группы: тяжёлое и дальнобойное оружие, высокий tier-mix. Strict-level: 10; weapon count: 5; primary focus: дальний бой. Tier-mix intentionally avoids mono-tier groups when weaponCount > 1.",10,Ally,Military,,5,1 — strongest ally,PlayerAndRangers,common,2,5,1315,Gold + Gold + Silver + Gold + Silver,railgun + missile + laser + plasma + pulse,weapon_common_railgun_gold_L10_01,weapon_common_missile_gold_L10_01,weapon_common_laser_silver_L10_01,weapon_common_plasma_gold_L10_01,weapon_common_pulse_silver_L10_01,5,OK,OK,OK,OK,OK,OK,OK,OK,stage-2a-sprint-4-2026.08.03,Assets/_Project/Content/Configs/Weapons/STAR_FRONTIER_WeaponConfig_300_config_fields_RU_no_enemy_types_v0.9_cargo_rules.csv,common WeaponConfig IDs are reused by all ally types; difference is in WeaponGroupConfig composition.
weapon_group_ally_military_L10_03,"Военные — уровень 10, вариант 3","Сильнейшие союзные боевые группы: тяжёлое и дальнобойное оружие, высокий tier-mix. Strict-level: 10; weapon count: 5; primary focus: тяжёлый залп. Tier-mix intentionally avoids mono-tier groups when weaponCount > 1.",10,Ally,Military,,5,1 — strongest ally,PlayerAndRangers,common,3,5,1315,Gold + Gold + Silver + Gold + Silver,plasma + missile + railgun + laser + pulse,weapon_common_plasma_gold_L10_01,weapon_common_missile_gold_L10_01,weapon_common_railgun_silver_L10_01,weapon_common_laser_gold_L10_01,weapon_common_pulse_silver_L10_01,5,OK,OK,OK,OK,OK,OK,OK,OK,stage-2a-sprint-4-2026.08.03,Assets/_Project/Content/Configs/Weapons/STAR_FRONTIER_WeaponConfig_300_config_fields_RU_no_enemy_types_v0.9_cargo_rules.csv,common WeaponConfig IDs are reused by all ally types; difference is in WeaponGroupConfig composition.
weapon_group_ally_military_L10_04,"Военные — уровень 10, вариант 4","Сильнейшие союзные боевые группы: тяжёлое и дальнобойное оружие, высокий tier-mix. Strict-level: 10; weapon count: 5; primary focus: ракетный удар. Tier-mix intentionally avoids mono-tier groups when weaponCount > 1.",10,Ally,Military,,5,1 — strongest ally,PlayerAndRangers,common,4,5,1315,Gold + Gold + Silver + Gold + Silver,missile + plasma + laser + railgun + pulse,weapon_common_missile_gold_L10_01,weapon_common_plasma_gold_L10_01,weapon_common_laser_silver_L10_01,weapon_common_railgun_gold_L10_01,weapon_common_pulse_silver_L10_01,5,OK,OK,OK,OK,OK,OK,OK,OK,stage-2a-sprint-4-2026.08.03,Assets/_Project/Content/Configs/Weapons/STAR_FRONTIER_WeaponConfig_300_config_fields_RU_no_enemy_types_v0.9_cargo_rules.csv,common WeaponConfig IDs are reused by all ally types; difference is in WeaponGroupConfig composition.
weapon_group_ally_military_L10_05,"Военные — уровень 10, вариант 5","Сильнейшие союзные боевые группы: тяжёлое и дальнобойное оружие, высокий tier-mix. Strict-level: 10; weapon count: 5; primary focus: дальний бой. Tier-mix intentionally avoids mono-tier groups when weaponCount > 1.",10,Ally,Military,,5,1 — strongest ally,PlayerAndRangers,common,5,5,1315,Gold + Gold + Silver + Gold + Silver,railgun + plasma + missile + pulse + laser,weapon_common_railgun_gold_L10_01,weapon_common_plasma_gold_L10_01,weapon_common_missile_silver_L10_01,weapon_common_pulse_gold_L10_01,weapon_common_laser_silver_L10_01,5,OK,OK,OK,OK,OK,OK,OK,OK,stage-2a-sprint-4-2026.08.03,Assets/_Project/Content/Configs/Weapons/STAR_FRONTIER_WeaponConfig_300_config_fields_RU_no_enemy_types_v0.9_cargo_rules.csv,common WeaponConfig IDs are reused by all ally types; difference is in WeaponGroupConfig composition.
weapon_group_ally_ranger_L01_01,"Рейнджеры — уровень 1, вариант 1","Мобильные боевые группы рейнджеров: точность, дальность и умеренно высокий tier-mix. Strict-level: 1; weapon count: 1; primary focus: дальний бой. Tier-mix intentionally avoids mono-tier groups when weaponCount > 1.",1,Ally,Ranger,,4,2 — after Military,PlayerAndRangers,common,1,1,204,Silver,railgun,weapon_common_railgun_silver_L01_01,,,,,1,OK,OK,OK,OK,OK,N/A_ONE_WEAPON,OK,OK,stage-2a-sprint-4-2026.08.03,Assets/_Project/Content/Configs/Weapons/STAR_FRONTIER_WeaponConfig_300_config_fields_RU_no_enemy_types_v0.9_cargo_rules.csv,common WeaponConfig IDs are reused by all ally types; difference is in WeaponGroupConfig composition.
weapon_group_ally_ranger_L01_02,"Рейнджеры — уровень 1, вариант 2","Мобильные боевые группы рейнджеров: точность, дальность и умеренно высокий tier-mix. Strict-level: 1; weapon count: 1; primary focus: ракетный удар. Tier-mix intentionally avoids mono-tier groups when weaponCount > 1.",1,Ally,Ranger,,4,2 — after Military,PlayerAndRangers,common,2,1,205,Silver,missile,weapon_common_missile_silver_L01_01,,,,,1,OK,OK,OK,OK,OK,N/A_ONE_WEAPON,OK,OK,stage-2a-sprint-4-2026.08.03,Assets/_Project/Content/Configs/Weapons/STAR_FRONTIER_WeaponConfig_300_config_fields_RU_no_enemy_types_v0.9_cargo_rules.csv,common WeaponConfig IDs are reused by all ally types; difference is in WeaponGroupConfig composition.
weapon_group_ally_ranger_L01_03,"Рейнджеры — уровень 1, вариант 3","Мобильные боевые группы рейнджеров: точность, дальность и умеренно высокий tier-mix. Strict-level: 1; weapon count: 1; primary focus: дальний бой. Tier-mix intentionally avoids mono-tier groups when weaponCount > 1.",1,Ally,Ranger,,4,2 — after Military,PlayerAndRangers,common,3,1,204,Silver,railgun,weapon_common_railgun_silver_L01_01,,,,,1,OK,OK,OK,OK,OK,N/A_ONE_WEAPON,OK,OK,stage-2a-sprint-4-2026.08.03,Assets/_Project/Content/Configs/Weapons/STAR_FRONTIER_WeaponConfig_300_config_fields_RU_no_enemy_types_v0.9_cargo_rules.csv,common WeaponConfig IDs are reused by all ally types; difference is in WeaponGroupConfig composition.
weapon_group_ally_ranger_L01_04,"Рейнджеры — уровень 1, вариант 4","Мобильные боевые группы рейнджеров: точность, дальность и умеренно высокий tier-mix. Strict-level: 1; weapon count: 1; primary focus: тяжёлый залп. Tier-mix intentionally avoids mono-tier groups when weaponCount > 1.",1,Ally,Ranger,,4,2 — after Military,PlayerAndRangers,common,4,1,203,Silver,plasma,weapon_common_plasma_silver_L01_01,,,,,1,OK,OK,OK,OK,OK,N/A_ONE_WEAPON,OK,OK,stage-2a-sprint-4-2026.08.03,Assets/_Project/Content/Configs/Weapons/STAR_FRONTIER_WeaponConfig_300_config_fields_RU_no_enemy_types_v0.9_cargo_rules.csv,common WeaponConfig IDs are reused by all ally types; difference is in WeaponGroupConfig composition.
weapon_group_ally_ranger_L01_05,"Рейнджеры — уровень 1, вариант 5","Мобильные боевые группы рейнджеров: точность, дальность и умеренно высокий tier-mix. Strict-level: 1; weapon count: 1; primary focus: ракетный удар. Tier-mix intentionally avoids mono-tier groups when weaponCount > 1.",1,Ally,Ranger,,4,2 — after Military,PlayerAndRangers,common,5,1,205,Silver,missile,weapon_common_missile_silver_L01_01,,,,,1,OK,OK,OK,OK,OK,N/A_ONE_WEAPON,OK,OK,stage-2a-sprint-4-2026.08.03,Assets/_Project/Content/Configs/Weapons/STAR_FRONTIER_WeaponConfig_300_config_fields_RU_no_enemy_types_v0.9_cargo_rules.csv,common WeaponConfig IDs are reused by all ally types; difference is in WeaponGroupConfig composition.
weapon_group_ally_ranger_L02_01,"Рейнджеры — уровень 2, вариант 1","Мобильные боевые группы рейнджеров: точность, дальность и умеренно высокий tier-mix. Strict-level: 2; weapon count: 1; primary focus: дальний бой. Tier-mix intentionally avoids mono-tier groups when weaponCount > 1.",2,Ally,Ranger,,4,2 — after Military,PlayerAndRangers,common,1,1,204,Silver,railgun,weapon_common_railgun_silver_L02_01,,,,,1,OK,OK,OK,OK,OK,N/A_ONE_WEAPON,OK,OK,stage-2a-sprint-4-2026.08.03,Assets/_Project/Content/Configs/Weapons/STAR_FRONTIER_WeaponConfig_300_config_fields_RU_no_enemy_types_v0.9_cargo_rules.csv,common WeaponConfig IDs are reused by all ally types; difference is in WeaponGroupConfig composition.
weapon_group_ally_ranger_L02_02,"Рейнджеры — уровень 2, вариант 2","Мобильные боевые группы рейнджеров: точность, дальность и умеренно высокий tier-mix. Strict-level: 2; weapon count: 1; primary focus: ракетный удар. Tier-mix intentionally avoids mono-tier groups when weaponCount > 1.",2,Ally,Ranger,,4,2 — after Military,PlayerAndRangers,common,2,1,205,Silver,missile,weapon_common_missile_silver_L02_01,,,,,1,OK,OK,OK,OK,OK,N/A_ONE_WEAPON,OK,OK,stage-2a-sprint-4-2026.08.03,Assets/_Project/Content/Configs/Weapons/STAR_FRONTIER_WeaponConfig_300_config_fields_RU_no_enemy_types_v0.9_cargo_rules.csv,common WeaponConfig IDs are reused by all ally types; difference is in WeaponGroupConfig composition.
weapon_group_ally_ranger_L02_03,"Рейнджеры — уровень 2, вариант 3","Мобильные боевые группы рейнджеров: точность, дальность и умеренно высокий tier-mix. Strict-level: 2; weapon count: 1; primary focus: дальний бой. Tier-mix intentionally avoids mono-tier groups when weaponCount > 1.",2,Ally,Ranger,,4,2 — after Military,PlayerAndRangers,common,3,1,204,Silver,railgun,weapon_common_railgun_silver_L02_01,,,,,1,OK,OK,OK,OK,OK,N/A_ONE_WEAPON,OK,OK,stage-2a-sprint-4-2026.08.03,Assets/_Project/Content/Configs/Weapons/STAR_FRONTIER_WeaponConfig_300_config_fields_RU_no_enemy_types_v0.9_cargo_rules.csv,common WeaponConfig IDs are reused by all ally types; difference is in WeaponGroupConfig composition.
weapon_group_ally_ranger_L02_04,"Рейнджеры — уровень 2, вариант 4","Мобильные боевые группы рейнджеров: точность, дальность и умеренно высокий tier-mix. Strict-level: 2; weapon count: 1; primary focus: тяжёлый залп. Tier-mix intentionally avoids mono-tier groups when weaponCount > 1.",2,Ally,Ranger,,4,2 — after Military,PlayerAndRangers,common,4,1,203,Silver,plasma,weapon_common_plasma_silver_L02_01,,,,,1,OK,OK,OK,OK,OK,N/A_ONE_WEAPON,OK,OK,stage-2a-sprint-4-2026.08.03,Assets/_Project/Content/Configs/Weapons/STAR_FRONTIER_WeaponConfig_300_config_fields_RU_no_enemy_types_v0.9_cargo_rules.csv,common WeaponConfig IDs are reused by all ally types; difference is in WeaponGroupConfig composition.
weapon_group_ally_ranger_L02_05,"Рейнджеры — уровень 2, вариант 5","Мобильные боевые группы рейнджеров: точность, дальность и умеренно высокий tier-mix. Strict-level: 2; weapon count: 1; primary focus: ракетный удар. Tier-mix intentionally avoids mono-tier groups when weaponCount > 1.",2,Ally,Ranger,,4,2 — after Military,PlayerAndRangers,common,5,1,205,Silver,missile,weapon_common_missile_silver_L02_01,,,,,1,OK,OK,OK,OK,OK,N/A_ONE_WEAPON,OK,OK,stage-2a-sprint-4-2026.08.03,Assets/_Project/Content/Configs/Weapons/STAR_FRONTIER_WeaponConfig_300_config_fields_RU_no_enemy_types_v0.9_cargo_rules.csv,common WeaponConfig IDs are reused by all ally types; difference is in WeaponGroupConfig composition.
weapon_group_ally_ranger_L03_01,"Рейнджеры — уровень 3, вариант 1","Мобильные боевые группы рейнджеров: точность, дальность и умеренно высокий tier-mix. Strict-level: 3; weapon count: 2; primary focus: дальний бой. Tier-mix intentionally avoids mono-tier groups when weaponCount > 1.",3,Ally,Ranger,,4,2 — after Military,PlayerAndRangers,common,1,2,409,Gold + Bronze,railgun + missile,weapon_common_railgun_gold_L03_01,weapon_common_missile_bronze_L03_01,,,,2,OK,OK,OK,OK,OK,OK,OK,OK,stage-2a-sprint-4-2026.08.03,Assets/_Project/Content/Configs/Weapons/STAR_FRONTIER_WeaponConfig_300_config_fields_RU_no_enemy_types_v0.9_cargo_rules.csv,common WeaponConfig IDs are reused by all ally types; difference is in WeaponGroupConfig composition.
weapon_group_ally_ranger_L03_02,"Рейнджеры — уровень 3, вариант 2","Мобильные боевые группы рейнджеров: точность, дальность и умеренно высокий tier-mix. Strict-level: 3; weapon count: 2; primary focus: ракетный удар. Tier-mix intentionally avoids mono-tier groups when weaponCount > 1.",3,Ally,Ranger,,4,2 — after Military,PlayerAndRangers,common,2,2,409,Gold + Bronze,missile + railgun,weapon_common_missile_gold_L03_01,weapon_common_railgun_bronze_L03_01,,,,2,OK,OK,OK,OK,OK,OK,OK,OK,stage-2a-sprint-4-2026.08.03,Assets/_Project/Content/Configs/Weapons/STAR_FRONTIER_WeaponConfig_300_config_fields_RU_no_enemy_types_v0.9_cargo_rules.csv,common WeaponConfig IDs are reused by all ally types; difference is in WeaponGroupConfig composition.
weapon_group_ally_ranger_L03_03,"Рейнджеры — уровень 3, вариант 3","Мобильные боевые группы рейнджеров: точность, дальность и умеренно высокий tier-mix. Strict-level: 3; weapon count: 2; primary focus: дальний бой. Tier-mix intentionally avoids mono-tier groups when weaponCount > 1.",3,Ally,Ranger,,4,2 — after Military,PlayerAndRangers,common,3,2,406,Gold + Bronze,railgun + laser,weapon_common_railgun_gold_L03_01,weapon_common_laser_bronze_L03_01,,,,2,OK,OK,OK,OK,OK,OK,OK,OK,stage-2a-sprint-4-2026.08.03,Assets/_Project/Content/Configs/Weapons/STAR_FRONTIER_WeaponConfig_300_config_fields_RU_no_enemy_types_v0.9_cargo_rules.csv,common WeaponConfig IDs are reused by all ally types; difference is in WeaponGroupConfig composition.
weapon_group_ally_ranger_L03_04,"Рейнджеры — уровень 3, вариант 4","Мобильные боевые группы рейнджеров: точность, дальность и умеренно высокий tier-mix. Strict-level: 3; weapon count: 2; primary focus: тяжёлый залп. Tier-mix intentionally avoids mono-tier groups when weaponCount > 1.",3,Ally,Ranger,,4,2 — after Military,PlayerAndRangers,common,4,2,408,Gold + Bronze,plasma + missile,weapon_common_plasma_gold_L03_01,weapon_common_missile_bronze_L03_01,,,,2,OK,OK,OK,OK,OK,OK,OK,OK,stage-2a-sprint-4-2026.08.03,Assets/_Project/Content/Configs/Weapons/STAR_FRONTIER_WeaponConfig_300_config_fields_RU_no_enemy_types_v0.9_cargo_rules.csv,common WeaponConfig IDs are reused by all ally types; difference is in WeaponGroupConfig composition.
weapon_group_ally_ranger_L03_05,"Рейнджеры — уровень 3, вариант 5","Мобильные боевые группы рейнджеров: точность, дальность и умеренно высокий tier-mix. Strict-level: 3; weapon count: 2; primary focus: ракетный удар. Tier-mix intentionally avoids mono-tier groups when weaponCount > 1.",3,Ally,Ranger,,4,2 — after Military,PlayerAndRangers,common,5,2,407,Gold + Bronze,missile + laser,weapon_common_missile_gold_L03_01,weapon_common_laser_bronze_L03_01,,,,2,OK,OK,OK,OK,OK,OK,OK,OK,stage-2a-sprint-4-2026.08.03,Assets/_Project/Content/Configs/Weapons/STAR_FRONTIER_WeaponConfig_300_config_fields_RU_no_enemy_types_v0.9_cargo_rules.csv,common WeaponConfig IDs are reused by all ally types; difference is in WeaponGroupConfig composition.
weapon_group_ally_ranger_L04_01,"Рейнджеры — уровень 4, вариант 1","Мобильные боевые группы рейнджеров: точность, дальность и умеренно высокий tier-mix. Strict-level: 4; weapon count: 2; primary focus: дальний бой. Tier-mix intentionally avoids mono-tier groups when weaponCount > 1.",4,Ally,Ranger,,4,2 — after Military,PlayerAndRangers,common,1,2,409,Gold + Bronze,railgun + missile,weapon_common_railgun_gold_L04_01,weapon_common_missile_bronze_L04_01,,,,2,OK,OK,OK,OK,OK,OK,OK,OK,stage-2a-sprint-4-2026.08.03,Assets/_Project/Content/Configs/Weapons/STAR_FRONTIER_WeaponConfig_300_config_fields_RU_no_enemy_types_v0.9_cargo_rules.csv,common WeaponConfig IDs are reused by all ally types; difference is in WeaponGroupConfig composition.
weapon_group_ally_ranger_L04_02,"Рейнджеры — уровень 4, вариант 2","Мобильные боевые группы рейнджеров: точность, дальность и умеренно высокий tier-mix. Strict-level: 4; weapon count: 2; primary focus: ракетный удар. Tier-mix intentionally avoids mono-tier groups when weaponCount > 1.",4,Ally,Ranger,,4,2 — after Military,PlayerAndRangers,common,2,2,409,Gold + Bronze,missile + railgun,weapon_common_missile_gold_L04_01,weapon_common_railgun_bronze_L04_01,,,,2,OK,OK,OK,OK,OK,OK,OK,OK,stage-2a-sprint-4-2026.08.03,Assets/_Project/Content/Configs/Weapons/STAR_FRONTIER_WeaponConfig_300_config_fields_RU_no_enemy_types_v0.9_cargo_rules.csv,common WeaponConfig IDs are reused by all ally types; difference is in WeaponGroupConfig composition.
weapon_group_ally_ranger_L04_03,"Рейнджеры — уровень 4, вариант 3","Мобильные боевые группы рейнджеров: точность, дальность и умеренно высокий tier-mix. Strict-level: 4; weapon count: 2; primary focus: дальний бой. Tier-mix intentionally avoids mono-tier groups when weaponCount > 1.",4,Ally,Ranger,,4,2 — after Military,PlayerAndRangers,common,3,2,406,Gold + Bronze,railgun + laser,weapon_common_railgun_gold_L04_01,weapon_common_laser_bronze_L04_01,,,,2,OK,OK,OK,OK,OK,OK,OK,OK,stage-2a-sprint-4-2026.08.03,Assets/_Project/Content/Configs/Weapons/STAR_FRONTIER_WeaponConfig_300_config_fields_RU_no_enemy_types_v0.9_cargo_rules.csv,common WeaponConfig IDs are reused by all ally types; difference is in WeaponGroupConfig composition.
weapon_group_ally_ranger_L04_04,"Рейнджеры — уровень 4, вариант 4","Мобильные боевые группы рейнджеров: точность, дальность и умеренно высокий tier-mix. Strict-level: 4; weapon count: 2; primary focus: тяжёлый залп. Tier-mix intentionally avoids mono-tier groups when weaponCount > 1.",4,Ally,Ranger,,4,2 — after Military,PlayerAndRangers,common,4,2,408,Gold + Bronze,plasma + missile,weapon_common_plasma_gold_L04_01,weapon_common_missile_bronze_L04_01,,,,2,OK,OK,OK,OK,OK,OK,OK,OK,stage-2a-sprint-4-2026.08.03,Assets/_Project/Content/Configs/Weapons/STAR_FRONTIER_WeaponConfig_300_config_fields_RU_no_enemy_types_v0.9_cargo_rules.csv,common WeaponConfig IDs are reused by all ally types; difference is in WeaponGroupConfig composition.
weapon_group_ally_ranger_L04_05,"Рейнджеры — уровень 4, вариант 5","Мобильные боевые группы рейнджеров: точность, дальность и умеренно высокий tier-mix. Strict-level: 4; weapon count: 2; primary focus: ракетный удар. Tier-mix intentionally avoids mono-tier groups when weaponCount > 1.",4,Ally,Ranger,,4,2 — after Military,PlayerAndRangers,common,5,2,407,Gold + Bronze,missile + laser,weapon_common_missile_gold_L04_01,weapon_common_laser_bronze_L04_01,,,,2,OK,OK,OK,OK,OK,OK,OK,OK,stage-2a-sprint-4-2026.08.03,Assets/_Project/Content/Configs/Weapons/STAR_FRONTIER_WeaponConfig_300_config_fields_RU_no_enemy_types_v0.9_cargo_rules.csv,common WeaponConfig IDs are reused by all ally types; difference is in WeaponGroupConfig composition.
weapon_group_ally_ranger_L05_01,"Рейнджеры — уровень 5, вариант 1","Мобильные боевые группы рейнджеров: точность, дальность и умеренно высокий tier-mix. Strict-level: 5; weapon count: 3; primary focus: дальний бой. Tier-mix intentionally avoids mono-tier groups when weaponCount > 1.",5,Ally,Ranger,,4,2 — after Military,PlayerAndRangers,common,1,3,611,Gold + Silver + Bronze,railgun + missile + laser,weapon_common_railgun_gold_L05_01,weapon_common_missile_silver_L05_01,weapon_common_laser_bronze_L05_01,,,3,OK,OK,OK,OK,OK,OK,OK,OK,stage-2a-sprint-4-2026.08.03,Assets/_Project/Content/Configs/Weapons/STAR_FRONTIER_WeaponConfig_300_config_fields_RU_no_enemy_types_v0.9_cargo_rules.csv,common WeaponConfig IDs are reused by all ally types; difference is in WeaponGroupConfig composition.
weapon_group_ally_ranger_L05_02,"Рейнджеры — уровень 5, вариант 2","Мобильные боевые группы рейнджеров: точность, дальность и умеренно высокий tier-mix. Strict-level: 5; weapon count: 3; primary focus: ракетный удар. Tier-mix intentionally avoids mono-tier groups when weaponCount > 1.",5,Ally,Ranger,,4,2 — after Military,PlayerAndRangers,common,2,3,610,Gold + Silver + Bronze,missile + railgun + pulse,weapon_common_missile_gold_L05_01,weapon_common_railgun_silver_L05_01,weapon_common_pulse_bronze_L05_01,,,3,OK,OK,OK,OK,OK,OK,OK,OK,stage-2a-sprint-4-2026.08.03,Assets/_Project/Content/Configs/Weapons/STAR_FRONTIER_WeaponConfig_300_config_fields_RU_no_enemy_types_v0.9_cargo_rules.csv,common WeaponConfig IDs are reused by all ally types; difference is in WeaponGroupConfig composition.
weapon_group_ally_ranger_L05_03,"Рейнджеры — уровень 5, вариант 3","Мобильные боевые группы рейнджеров: точность, дальность и умеренно высокий tier-mix. Strict-level: 5; weapon count: 3; primary focus: дальний бой. Tier-mix intentionally avoids mono-tier groups when weaponCount > 1.",5,Ally,Ranger,,4,2 — after Military,PlayerAndRangers,common,3,3,611,Gold + Silver + Bronze,railgun + laser + missile,weapon_common_railgun_gold_L05_01,weapon_common_laser_silver_L05_01,weapon_common_missile_bronze_L05_01,,,3,OK,OK,OK,OK,OK,OK,OK,OK,stage-2a-sprint-4-2026.08.03,Assets/_Project/Content/Configs/Weapons/STAR_FRONTIER_WeaponConfig_300_config_fields_RU_no_enemy_types_v0.9_cargo_rules.csv,common WeaponConfig IDs are reused by all ally types; difference is in WeaponGroupConfig composition.
weapon_group_ally_ranger_L05_04,"Рейнджеры — уровень 5, вариант 4","Мобильные боевые группы рейнджеров: точность, дальность и умеренно высокий tier-mix. Strict-level: 5; weapon count: 3; primary focus: тяжёлый залп. Tier-mix intentionally avoids mono-tier groups when weaponCount > 1.",5,Ally,Ranger,,4,2 — after Military,PlayerAndRangers,common,4,3,610,Gold + Silver + Bronze,plasma + missile + laser,weapon_common_plasma_gold_L05_01,weapon_common_missile_silver_L05_01,weapon_common_laser_bronze_L05_01,,,3,OK,OK,OK,OK,OK,OK,OK,OK,stage-2a-sprint-4-2026.08.03,Assets/_Project/Content/Configs/Weapons/STAR_FRONTIER_WeaponConfig_300_config_fields_RU_no_enemy_types_v0.9_cargo_rules.csv,common WeaponConfig IDs are reused by all ally types; difference is in WeaponGroupConfig composition.
weapon_group_ally_ranger_L05_05,"Рейнджеры — уровень 5, вариант 5","Мобильные боевые группы рейнджеров: точность, дальность и умеренно высокий tier-mix. Strict-level: 5; weapon count: 3; primary focus: ракетный удар. Tier-mix intentionally avoids mono-tier groups when weaponCount > 1.",5,Ally,Ranger,,4,2 — after Military,PlayerAndRangers,common,5,3,611,Gold + Silver + Bronze,missile + laser + railgun,weapon_common_missile_gold_L05_01,weapon_common_laser_silver_L05_01,weapon_common_railgun_bronze_L05_01,,,3,OK,OK,OK,OK,OK,OK,OK,OK,stage-2a-sprint-4-2026.08.03,Assets/_Project/Content/Configs/Weapons/STAR_FRONTIER_WeaponConfig_300_config_fields_RU_no_enemy_types_v0.9_cargo_rules.csv,common WeaponConfig IDs are reused by all ally types; difference is in WeaponGroupConfig composition.
weapon_group_ally_ranger_L06_01,"Рейнджеры — уровень 6, вариант 1","Мобильные боевые группы рейнджеров: точность, дальность и умеренно высокий tier-mix. Strict-level: 6; weapon count: 3; primary focus: дальний бой. Tier-mix intentionally avoids mono-tier groups when weaponCount > 1.",6,Ally,Ranger,,4,2 — after Military,PlayerAndRangers,common,1,3,611,Gold + Silver + Bronze,railgun + missile + laser,weapon_common_railgun_gold_L06_01,weapon_common_missile_silver_L06_01,weapon_common_laser_bronze_L06_01,,,3,OK,OK,OK,OK,OK,OK,OK,OK,stage-2a-sprint-4-2026.08.03,Assets/_Project/Content/Configs/Weapons/STAR_FRONTIER_WeaponConfig_300_config_fields_RU_no_enemy_types_v0.9_cargo_rules.csv,common WeaponConfig IDs are reused by all ally types; difference is in WeaponGroupConfig composition.
weapon_group_ally_ranger_L06_02,"Рейнджеры — уровень 6, вариант 2","Мобильные боевые группы рейнджеров: точность, дальность и умеренно высокий tier-mix. Strict-level: 6; weapon count: 3; primary focus: ракетный удар. Tier-mix intentionally avoids mono-tier groups when weaponCount > 1.",6,Ally,Ranger,,4,2 — after Military,PlayerAndRangers,common,2,3,610,Gold + Silver + Bronze,missile + railgun + pulse,weapon_common_missile_gold_L06_01,weapon_common_railgun_silver_L06_01,weapon_common_pulse_bronze_L06_01,,,3,OK,OK,OK,OK,OK,OK,OK,OK,stage-2a-sprint-4-2026.08.03,Assets/_Project/Content/Configs/Weapons/STAR_FRONTIER_WeaponConfig_300_config_fields_RU_no_enemy_types_v0.9_cargo_rules.csv,common WeaponConfig IDs are reused by all ally types; difference is in WeaponGroupConfig composition.
weapon_group_ally_ranger_L06_03,"Рейнджеры — уровень 6, вариант 3","Мобильные боевые группы рейнджеров: точность, дальность и умеренно высокий tier-mix. Strict-level: 6; weapon count: 3; primary focus: дальний бой. Tier-mix intentionally avoids mono-tier groups when weaponCount > 1.",6,Ally,Ranger,,4,2 — after Military,PlayerAndRangers,common,3,3,611,Gold + Silver + Bronze,railgun + laser + missile,weapon_common_railgun_gold_L06_01,weapon_common_laser_silver_L06_01,weapon_common_missile_bronze_L06_01,,,3,OK,OK,OK,OK,OK,OK,OK,OK,stage-2a-sprint-4-2026.08.03,Assets/_Project/Content/Configs/Weapons/STAR_FRONTIER_WeaponConfig_300_config_fields_RU_no_enemy_types_v0.9_cargo_rules.csv,common WeaponConfig IDs are reused by all ally types; difference is in WeaponGroupConfig composition.
weapon_group_ally_ranger_L06_04,"Рейнджеры — уровень 6, вариант 4","Мобильные боевые группы рейнджеров: точность, дальность и умеренно высокий tier-mix. Strict-level: 6; weapon count: 3; primary focus: тяжёлый залп. Tier-mix intentionally avoids mono-tier groups when weaponCount > 1.",6,Ally,Ranger,,4,2 — after Military,PlayerAndRangers,common,4,3,610,Gold + Silver + Bronze,plasma + missile + laser,weapon_common_plasma_gold_L06_01,weapon_common_missile_silver_L06_01,weapon_common_laser_bronze_L06_01,,,3,OK,OK,OK,OK,OK,OK,OK,OK,stage-2a-sprint-4-2026.08.03,Assets/_Project/Content/Configs/Weapons/STAR_FRONTIER_WeaponConfig_300_config_fields_RU_no_enemy_types_v0.9_cargo_rules.csv,common WeaponConfig IDs are reused by all ally types; difference is in WeaponGroupConfig composition.
weapon_group_ally_ranger_L06_05,"Рейнджеры — уровень 6, вариант 5","Мобильные боевые группы рейнджеров: точность, дальность и умеренно высокий tier-mix. Strict-level: 6; weapon count: 3; primary focus: ракетный удар. Tier-mix intentionally avoids mono-tier groups when weaponCount > 1.",6,Ally,Ranger,,4,2 — after Military,PlayerAndRangers,common,5,3,611,Gold + Silver + Bronze,missile + laser + railgun,weapon_common_missile_gold_L06_01,weapon_common_laser_silver_L06_01,weapon_common_railgun_bronze_L06_01,,,3,OK,OK,OK,OK,OK,OK,OK,OK,stage-2a-sprint-4-2026.08.03,Assets/_Project/Content/Configs/Weapons/STAR_FRONTIER_WeaponConfig_300_config_fields_RU_no_enemy_types_v0.9_cargo_rules.csv,common WeaponConfig IDs are reused by all ally types; difference is in WeaponGroupConfig composition.
weapon_group_ally_ranger_L07_01,"Рейнджеры — уровень 7, вариант 1","Мобильные боевые группы рейнджеров: точность, дальность и умеренно высокий tier-mix. Strict-level: 7; weapon count: 4; primary focus: дальний бой. Tier-mix intentionally avoids mono-tier groups when weaponCount > 1.",7,Ally,Ranger,,4,2 — after Military,PlayerAndRangers,common,1,4,814,Gold + Silver + Bronze + Silver,railgun + missile + laser + plasma,weapon_common_railgun_gold_L07_01,weapon_common_missile_silver_L07_01,weapon_common_laser_bronze_L07_01,weapon_common_plasma_silver_L07_01,,4,OK,OK,OK,OK,OK,OK,OK,OK,stage-2a-sprint-4-2026.08.03,Assets/_Project/Content/Configs/Weapons/STAR_FRONTIER_WeaponConfig_300_config_fields_RU_no_enemy_types_v0.9_cargo_rules.csv,common WeaponConfig IDs are reused by all ally types; difference is in WeaponGroupConfig composition.
weapon_group_ally_ranger_L07_02,"Рейнджеры — уровень 7, вариант 2","Мобильные боевые группы рейнджеров: точность, дальность и умеренно высокий tier-mix. Strict-level: 7; weapon count: 4; primary focus: ракетный удар. Tier-mix intentionally avoids mono-tier groups when weaponCount > 1.",7,Ally,Ranger,,4,2 — after Military,PlayerAndRangers,common,2,4,812,Gold + Silver + Bronze + Silver,missile + railgun + pulse + laser,weapon_common_missile_gold_L07_01,weapon_common_railgun_silver_L07_01,weapon_common_pulse_bronze_L07_01,weapon_common_laser_silver_L07_01,,4,OK,OK,OK,OK,OK,OK,OK,OK,stage-2a-sprint-4-2026.08.03,Assets/_Project/Content/Configs/Weapons/STAR_FRONTIER_WeaponConfig_300_config_fields_RU_no_enemy_types_v0.9_cargo_rules.csv,common WeaponConfig IDs are reused by all ally types; difference is in WeaponGroupConfig composition.
weapon_group_ally_ranger_L07_03,"Рейнджеры — уровень 7, вариант 3","Мобильные боевые группы рейнджеров: точность, дальность и умеренно высокий tier-mix. Strict-level: 7; weapon count: 4; primary focus: дальний бой. Tier-mix intentionally avoids mono-tier groups when weaponCount > 1.",7,Ally,Ranger,,4,2 — after Military,PlayerAndRangers,common,3,4,812,Gold + Silver + Bronze + Silver,railgun + laser + missile + pulse,weapon_common_railgun_gold_L07_01,weapon_common_laser_silver_L07_01,weapon_common_missile_bronze_L07_01,weapon_common_pulse_silver_L07_01,,4,OK,OK,OK,OK,OK,OK,OK,OK,stage-2a-sprint-4-2026.08.03,Assets/_Project/Content/Configs/Weapons/STAR_FRONTIER_WeaponConfig_300_config_fields_RU_no_enemy_types_v0.9_cargo_rules.csv,common WeaponConfig IDs are reused by all ally types; difference is in WeaponGroupConfig composition.
weapon_group_ally_ranger_L07_04,"Рейнджеры — уровень 7, вариант 4","Мобильные боевые группы рейнджеров: точность, дальность и умеренно высокий tier-mix. Strict-level: 7; weapon count: 4; primary focus: тяжёлый залп. Tier-mix intentionally avoids mono-tier groups when weaponCount > 1.",7,Ally,Ranger,,4,2 — after Military,PlayerAndRangers,common,4,4,814,Gold + Silver + Bronze + Silver,plasma + missile + laser + railgun,weapon_common_plasma_gold_L07_01,weapon_common_missile_silver_L07_01,weapon_common_laser_bronze_L07_01,weapon_common_railgun_silver_L07_01,,4,OK,OK,OK,OK,OK,OK,OK,OK,stage-2a-sprint-4-2026.08.03,Assets/_Project/Content/Configs/Weapons/STAR_FRONTIER_WeaponConfig_300_config_fields_RU_no_enemy_types_v0.9_cargo_rules.csv,common WeaponConfig IDs are reused by all ally types; difference is in WeaponGroupConfig composition.
weapon_group_ally_ranger_L07_05,"Рейнджеры — уровень 7, вариант 5","Мобильные боевые группы рейнджеров: точность, дальность и умеренно высокий tier-mix. Strict-level: 7; weapon count: 4; primary focus: ракетный удар. Tier-mix intentionally avoids mono-tier groups when weaponCount > 1.",7,Ally,Ranger,,4,2 — after Military,PlayerAndRangers,common,5,4,812,Gold + Silver + Bronze + Silver,missile + laser + railgun + pulse,weapon_common_missile_gold_L07_01,weapon_common_laser_silver_L07_01,weapon_common_railgun_bronze_L07_01,weapon_common_pulse_silver_L07_01,,4,OK,OK,OK,OK,OK,OK,OK,OK,stage-2a-sprint-4-2026.08.03,Assets/_Project/Content/Configs/Weapons/STAR_FRONTIER_WeaponConfig_300_config_fields_RU_no_enemy_types_v0.9_cargo_rules.csv,common WeaponConfig IDs are reused by all ally types; difference is in WeaponGroupConfig composition.
weapon_group_ally_ranger_L08_01,"Рейнджеры — уровень 8, вариант 1","Мобильные боевые группы рейнджеров: точность, дальность и умеренно высокий tier-mix. Strict-level: 8; weapon count: 4; primary focus: дальний бой. Tier-mix intentionally avoids mono-tier groups when weaponCount > 1.",8,Ally,Ranger,,4,2 — after Military,PlayerAndRangers,common,1,4,814,Gold + Silver + Bronze + Silver,railgun + missile + laser + plasma,weapon_common_railgun_gold_L08_01,weapon_common_missile_silver_L08_01,weapon_common_laser_bronze_L08_01,weapon_common_plasma_silver_L08_01,,4,OK,OK,OK,OK,OK,OK,OK,OK,stage-2a-sprint-4-2026.08.03,Assets/_Project/Content/Configs/Weapons/STAR_FRONTIER_WeaponConfig_300_config_fields_RU_no_enemy_types_v0.9_cargo_rules.csv,common WeaponConfig IDs are reused by all ally types; difference is in WeaponGroupConfig composition.
weapon_group_ally_ranger_L08_02,"Рейнджеры — уровень 8, вариант 2","Мобильные боевые группы рейнджеров: точность, дальность и умеренно высокий tier-mix. Strict-level: 8; weapon count: 4; primary focus: ракетный удар. Tier-mix intentionally avoids mono-tier groups when weaponCount > 1.",8,Ally,Ranger,,4,2 — after Military,PlayerAndRangers,common,2,4,812,Gold + Silver + Bronze + Silver,missile + railgun + pulse + laser,weapon_common_missile_gold_L08_01,weapon_common_railgun_silver_L08_01,weapon_common_pulse_bronze_L08_01,weapon_common_laser_silver_L08_01,,4,OK,OK,OK,OK,OK,OK,OK,OK,stage-2a-sprint-4-2026.08.03,Assets/_Project/Content/Configs/Weapons/STAR_FRONTIER_WeaponConfig_300_config_fields_RU_no_enemy_types_v0.9_cargo_rules.csv,common WeaponConfig IDs are reused by all ally types; difference is in WeaponGroupConfig composition.
weapon_group_ally_ranger_L08_03,"Рейнджеры — уровень 8, вариант 3","Мобильные боевые группы рейнджеров: точность, дальность и умеренно высокий tier-mix. Strict-level: 8; weapon count: 4; primary focus: дальний бой. Tier-mix intentionally avoids mono-tier groups when weaponCount > 1.",8,Ally,Ranger,,4,2 — after Military,PlayerAndRangers,common,3,4,812,Gold + Silver + Bronze + Silver,railgun + laser + missile + pulse,weapon_common_railgun_gold_L08_01,weapon_common_laser_silver_L08_01,weapon_common_missile_bronze_L08_01,weapon_common_pulse_silver_L08_01,,4,OK,OK,OK,OK,OK,OK,OK,OK,stage-2a-sprint-4-2026.08.03,Assets/_Project/Content/Configs/Weapons/STAR_FRONTIER_WeaponConfig_300_config_fields_RU_no_enemy_types_v0.9_cargo_rules.csv,common WeaponConfig IDs are reused by all ally types; difference is in WeaponGroupConfig composition.
weapon_group_ally_ranger_L08_04,"Рейнджеры — уровень 8, вариант 4","Мобильные боевые группы рейнджеров: точность, дальность и умеренно высокий tier-mix. Strict-level: 8; weapon count: 4; primary focus: тяжёлый залп. Tier-mix intentionally avoids mono-tier groups when weaponCount > 1.",8,Ally,Ranger,,4,2 — after Military,PlayerAndRangers,common,4,4,814,Gold + Silver + Bronze + Silver,plasma + missile + laser + railgun,weapon_common_plasma_gold_L08_01,weapon_common_missile_silver_L08_01,weapon_common_laser_bronze_L08_01,weapon_common_railgun_silver_L08_01,,4,OK,OK,OK,OK,OK,OK,OK,OK,stage-2a-sprint-4-2026.08.03,Assets/_Project/Content/Configs/Weapons/STAR_FRONTIER_WeaponConfig_300_config_fields_RU_no_enemy_types_v0.9_cargo_rules.csv,common WeaponConfig IDs are reused by all ally types; difference is in WeaponGroupConfig composition.
weapon_group_ally_ranger_L08_05,"Рейнджеры — уровень 8, вариант 5","Мобильные боевые группы рейнджеров: точность, дальность и умеренно высокий tier-mix. Strict-level: 8; weapon count: 4; primary focus: ракетный удар. Tier-mix intentionally avoids mono-tier groups when weaponCount > 1.",8,Ally,Ranger,,4,2 — after Military,PlayerAndRangers,common,5,4,812,Gold + Silver + Bronze + Silver,missile + laser + railgun + pulse,weapon_common_missile_gold_L08_01,weapon_common_laser_silver_L08_01,weapon_common_railgun_bronze_L08_01,weapon_common_pulse_silver_L08_01,,4,OK,OK,OK,OK,OK,OK,OK,OK,stage-2a-sprint-4-2026.08.03,Assets/_Project/Content/Configs/Weapons/STAR_FRONTIER_WeaponConfig_300_config_fields_RU_no_enemy_types_v0.9_cargo_rules.csv,common WeaponConfig IDs are reused by all ally types; difference is in WeaponGroupConfig composition.
weapon_group_ally_ranger_L09_01,"Рейнджеры — уровень 9, вариант 1","Мобильные боевые группы рейнджеров: точность, дальность и умеренно высокий tier-mix. Strict-level: 9; weapon count: 5; primary focus: дальний бой. Tier-mix intentionally avoids mono-tier groups when weaponCount > 1.",9,Ally,Ranger,,4,2 — after Military,PlayerAndRangers,common,1,5,915,Gold + Silver + Bronze + Silver + Bronze,railgun + missile + laser + plasma + pulse,weapon_common_railgun_gold_L09_01,weapon_common_missile_silver_L09_01,weapon_common_laser_bronze_L09_01,weapon_common_plasma_silver_L09_01,weapon_common_pulse_bronze_L09_01,5,OK,OK,OK,OK,OK,OK,OK,OK,stage-2a-sprint-4-2026.08.03,Assets/_Project/Content/Configs/Weapons/STAR_FRONTIER_WeaponConfig_300_config_fields_RU_no_enemy_types_v0.9_cargo_rules.csv,common WeaponConfig IDs are reused by all ally types; difference is in WeaponGroupConfig composition.
weapon_group_ally_ranger_L09_02,"Рейнджеры — уровень 9, вариант 2","Мобильные боевые группы рейнджеров: точность, дальность и умеренно высокий tier-mix. Strict-level: 9; weapon count: 5; primary focus: ракетный удар. Tier-mix intentionally avoids mono-tier groups when weaponCount > 1.",9,Ally,Ranger,,4,2 — after Military,PlayerAndRangers,common,2,5,915,Gold + Silver + Bronze + Silver + Bronze,missile + railgun + pulse + laser + plasma,weapon_common_missile_gold_L09_01,weapon_common_railgun_silver_L09_01,weapon_common_pulse_bronze_L09_01,weapon_common_laser_silver_L09_01,weapon_common_plasma_bronze_L09_01,5,OK,OK,OK,OK,OK,OK,OK,OK,stage-2a-sprint-4-2026.08.03,Assets/_Project/Content/Configs/Weapons/STAR_FRONTIER_WeaponConfig_300_config_fields_RU_no_enemy_types_v0.9_cargo_rules.csv,common WeaponConfig IDs are reused by all ally types; difference is in WeaponGroupConfig composition.
weapon_group_ally_ranger_L09_03,"Рейнджеры — уровень 9, вариант 3","Мобильные боевые группы рейнджеров: точность, дальность и умеренно высокий tier-mix. Strict-level: 9; weapon count: 5; primary focus: дальний бой. Tier-mix intentionally avoids mono-tier groups when weaponCount > 1.",9,Ally,Ranger,,4,2 — after Military,PlayerAndRangers,common,3,5,915,Gold + Silver + Bronze + Silver + Bronze,railgun + laser + missile + pulse + plasma,weapon_common_railgun_gold_L09_01,weapon_common_laser_silver_L09_01,weapon_common_missile_bronze_L09_01,weapon_common_pulse_silver_L09_01,weapon_common_plasma_bronze_L09_01,5,OK,OK,OK,OK,OK,OK,OK,OK,stage-2a-sprint-4-2026.08.03,Assets/_Project/Content/Configs/Weapons/STAR_FRONTIER_WeaponConfig_300_config_fields_RU_no_enemy_types_v0.9_cargo_rules.csv,common WeaponConfig IDs are reused by all ally types; difference is in WeaponGroupConfig composition.
weapon_group_ally_ranger_L09_04,"Рейнджеры — уровень 9, вариант 4","Мобильные боевые группы рейнджеров: точность, дальность и умеренно высокий tier-mix. Strict-level: 9; weapon count: 5; primary focus: тяжёлый залп. Tier-mix intentionally avoids mono-tier groups when weaponCount > 1.",9,Ally,Ranger,,4,2 — after Military,PlayerAndRangers,common,4,5,915,Gold + Silver + Bronze + Silver + Bronze,plasma + missile + laser + railgun + pulse,weapon_common_plasma_gold_L09_01,weapon_common_missile_silver_L09_01,weapon_common_laser_bronze_L09_01,weapon_common_railgun_silver_L09_01,weapon_common_pulse_bronze_L09_01,5,OK,OK,OK,OK,OK,OK,OK,OK,stage-2a-sprint-4-2026.08.03,Assets/_Project/Content/Configs/Weapons/STAR_FRONTIER_WeaponConfig_300_config_fields_RU_no_enemy_types_v0.9_cargo_rules.csv,common WeaponConfig IDs are reused by all ally types; difference is in WeaponGroupConfig composition.
weapon_group_ally_ranger_L09_05,"Рейнджеры — уровень 9, вариант 5","Мобильные боевые группы рейнджеров: точность, дальность и умеренно высокий tier-mix. Strict-level: 9; weapon count: 5; primary focus: ракетный удар. Tier-mix intentionally avoids mono-tier groups when weaponCount > 1.",9,Ally,Ranger,,4,2 — after Military,PlayerAndRangers,common,5,5,915,Gold + Silver + Bronze + Silver + Bronze,missile + laser + railgun + pulse + plasma,weapon_common_missile_gold_L09_01,weapon_common_laser_silver_L09_01,weapon_common_railgun_bronze_L09_01,weapon_common_pulse_silver_L09_01,weapon_common_plasma_bronze_L09_01,5,OK,OK,OK,OK,OK,OK,OK,OK,stage-2a-sprint-4-2026.08.03,Assets/_Project/Content/Configs/Weapons/STAR_FRONTIER_WeaponConfig_300_config_fields_RU_no_enemy_types_v0.9_cargo_rules.csv,common WeaponConfig IDs are reused by all ally types; difference is in WeaponGroupConfig composition.
weapon_group_ally_ranger_L10_01,"Рейнджеры — уровень 10, вариант 1","Мобильные боевые группы рейнджеров: точность, дальность и умеренно высокий tier-mix. Strict-level: 10; weapon count: 5; primary focus: дальний бой. Tier-mix intentionally avoids mono-tier groups when weaponCount > 1.",10,Ally,Ranger,,4,2 — after Military,PlayerAndRangers,common,1,5,915,Gold + Silver + Bronze + Silver + Bronze,railgun + missile + laser + plasma + pulse,weapon_common_railgun_gold_L10_01,weapon_common_missile_silver_L10_01,weapon_common_laser_bronze_L10_01,weapon_common_plasma_silver_L10_01,weapon_common_pulse_bronze_L10_01,5,OK,OK,OK,OK,OK,OK,OK,OK,stage-2a-sprint-4-2026.08.03,Assets/_Project/Content/Configs/Weapons/STAR_FRONTIER_WeaponConfig_300_config_fields_RU_no_enemy_types_v0.9_cargo_rules.csv,common WeaponConfig IDs are reused by all ally types; difference is in WeaponGroupConfig composition.
weapon_group_ally_ranger_L10_02,"Рейнджеры — уровень 10, вариант 2","Мобильные боевые группы рейнджеров: точность, дальность и умеренно высокий tier-mix. Strict-level: 10; weapon count: 5; primary focus: ракетный удар. Tier-mix intentionally avoids mono-tier groups when weaponCount > 1.",10,Ally,Ranger,,4,2 — after Military,PlayerAndRangers,common,2,5,915,Gold + Silver + Bronze + Silver + Bronze,missile + railgun + pulse + laser + plasma,weapon_common_missile_gold_L10_01,weapon_common_railgun_silver_L10_01,weapon_common_pulse_bronze_L10_01,weapon_common_laser_silver_L10_01,weapon_common_plasma_bronze_L10_01,5,OK,OK,OK,OK,OK,OK,OK,OK,stage-2a-sprint-4-2026.08.03,Assets/_Project/Content/Configs/Weapons/STAR_FRONTIER_WeaponConfig_300_config_fields_RU_no_enemy_types_v0.9_cargo_rules.csv,common WeaponConfig IDs are reused by all ally types; difference is in WeaponGroupConfig composition.
weapon_group_ally_ranger_L10_03,"Рейнджеры — уровень 10, вариант 3","Мобильные боевые группы рейнджеров: точность, дальность и умеренно высокий tier-mix. Strict-level: 10; weapon count: 5; primary focus: дальний бой. Tier-mix intentionally avoids mono-tier groups when weaponCount > 1.",10,Ally,Ranger,,4,2 — after Military,PlayerAndRangers,common,3,5,915,Gold + Silver + Bronze + Silver + Bronze,railgun + laser + missile + pulse + plasma,weapon_common_railgun_gold_L10_01,weapon_common_laser_silver_L10_01,weapon_common_missile_bronze_L10_01,weapon_common_pulse_silver_L10_01,weapon_common_plasma_bronze_L10_01,5,OK,OK,OK,OK,OK,OK,OK,OK,stage-2a-sprint-4-2026.08.03,Assets/_Project/Content/Configs/Weapons/STAR_FRONTIER_WeaponConfig_300_config_fields_RU_no_enemy_types_v0.9_cargo_rules.csv,common WeaponConfig IDs are reused by all ally types; difference is in WeaponGroupConfig composition.
weapon_group_ally_ranger_L10_04,"Рейнджеры — уровень 10, вариант 4","Мобильные боевые группы рейнджеров: точность, дальность и умеренно высокий tier-mix. Strict-level: 10; weapon count: 5; primary focus: тяжёлый залп. Tier-mix intentionally avoids mono-tier groups when weaponCount > 1.",10,Ally,Ranger,,4,2 — after Military,PlayerAndRangers,common,4,5,915,Gold + Silver + Bronze + Silver + Bronze,plasma + missile + laser + railgun + pulse,weapon_common_plasma_gold_L10_01,weapon_common_missile_silver_L10_01,weapon_common_laser_bronze_L10_01,weapon_common_railgun_silver_L10_01,weapon_common_pulse_bronze_L10_01,5,OK,OK,OK,OK,OK,OK,OK,OK,stage-2a-sprint-4-2026.08.03,Assets/_Project/Content/Configs/Weapons/STAR_FRONTIER_WeaponConfig_300_config_fields_RU_no_enemy_types_v0.9_cargo_rules.csv,common WeaponConfig IDs are reused by all ally types; difference is in WeaponGroupConfig composition.
weapon_group_ally_ranger_L10_05,"Рейнджеры — уровень 10, вариант 5","Мобильные боевые группы рейнджеров: точность, дальность и умеренно высокий tier-mix. Strict-level: 10; weapon count: 5; primary focus: ракетный удар. Tier-mix intentionally avoids mono-tier groups when weaponCount > 1.",10,Ally,Ranger,,4,2 — after Military,PlayerAndRangers,common,5,5,915,Gold + Silver + Bronze + Silver + Bronze,missile + laser + railgun + pulse + plasma,weapon_common_missile_gold_L10_01,weapon_common_laser_silver_L10_01,weapon_common_railgun_bronze_L10_01,weapon_common_pulse_silver_L10_01,weapon_common_plasma_bronze_L10_01,5,OK,OK,OK,OK,OK,OK,OK,OK,stage-2a-sprint-4-2026.08.03,Assets/_Project/Content/Configs/Weapons/STAR_FRONTIER_WeaponConfig_300_config_fields_RU_no_enemy_types_v0.9_cargo_rules.csv,common WeaponConfig IDs are reused by all ally types; difference is in WeaponGroupConfig composition.
weapon_group_ally_medic_L01_01,"Медики — уровень 1, вариант 1","Защитно-поддерживающие группы медиков: оружие заметно лучше транспорта и гражданских, но слабее рейнджеров. Strict-level: 1; weapon count: 1; primary focus: тяжёлый залп. Tier-mix intentionally avoids mono-tier groups when weaponCount > 1.",1,Ally,Medic,,3,3 — after Ranger,PlayerAndRangers,common,1,1,103,Bronze,plasma,weapon_common_plasma_bronze_L01_01,,,,,1,OK,OK,OK,OK,OK,N/A_ONE_WEAPON,OK,OK,stage-2a-sprint-4-2026.08.03,Assets/_Project/Content/Configs/Weapons/STAR_FRONTIER_WeaponConfig_300_config_fields_RU_no_enemy_types_v0.9_cargo_rules.csv,common WeaponConfig IDs are reused by all ally types; difference is in WeaponGroupConfig composition.
weapon_group_ally_medic_L01_02,"Медики — уровень 1, вариант 2","Защитно-поддерживающие группы медиков: оружие заметно лучше транспорта и гражданских, но слабее рейнджеров. Strict-level: 1; weapon count: 1; primary focus: тяжёлый залп. Tier-mix intentionally avoids mono-tier groups when weaponCount > 1.",1,Ally,Medic,,3,3 — after Ranger,PlayerAndRangers,common,2,1,103,Bronze,plasma,weapon_common_plasma_bronze_L01_01,,,,,1,OK,OK,OK,OK,OK,N/A_ONE_WEAPON,OK,OK,stage-2a-sprint-4-2026.08.03,Assets/_Project/Content/Configs/Weapons/STAR_FRONTIER_WeaponConfig_300_config_fields_RU_no_enemy_types_v0.9_cargo_rules.csv,common WeaponConfig IDs are reused by all ally types; difference is in WeaponGroupConfig composition.
weapon_group_ally_medic_L01_03,"Медики — уровень 1, вариант 3","Защитно-поддерживающие группы медиков: оружие заметно лучше транспорта и гражданских, но слабее рейнджеров. Strict-level: 1; weapon count: 1; primary focus: тяжёлый залп. Tier-mix intentionally avoids mono-tier groups when weaponCount > 1.",1,Ally,Medic,,3,3 — after Ranger,PlayerAndRangers,common,3,1,103,Bronze,plasma,weapon_common_plasma_bronze_L01_01,,,,,1,OK,OK,OK,OK,OK,N/A_ONE_WEAPON,OK,OK,stage-2a-sprint-4-2026.08.03,Assets/_Project/Content/Configs/Weapons/STAR_FRONTIER_WeaponConfig_300_config_fields_RU_no_enemy_types_v0.9_cargo_rules.csv,common WeaponConfig IDs are reused by all ally types; difference is in WeaponGroupConfig composition.
weapon_group_ally_medic_L01_04,"Медики — уровень 1, вариант 4","Защитно-поддерживающие группы медиков: оружие заметно лучше транспорта и гражданских, но слабее рейнджеров. Strict-level: 1; weapon count: 1; primary focus: ракетный удар. Tier-mix intentionally avoids mono-tier groups when weaponCount > 1.",1,Ally,Medic,,3,3 — after Ranger,PlayerAndRangers,common,4,1,105,Bronze,missile,weapon_common_missile_bronze_L01_01,,,,,1,OK,OK,OK,OK,OK,N/A_ONE_WEAPON,OK,OK,stage-2a-sprint-4-2026.08.03,Assets/_Project/Content/Configs/Weapons/STAR_FRONTIER_WeaponConfig_300_config_fields_RU_no_enemy_types_v0.9_cargo_rules.csv,common WeaponConfig IDs are reused by all ally types; difference is in WeaponGroupConfig composition.
weapon_group_ally_medic_L01_05,"Медики — уровень 1, вариант 5","Защитно-поддерживающие группы медиков: оружие заметно лучше транспорта и гражданских, но слабее рейнджеров. Strict-level: 1; weapon count: 1; primary focus: тяжёлый залп. Tier-mix intentionally avoids mono-tier groups when weaponCount > 1.",1,Ally,Medic,,3,3 — after Ranger,PlayerAndRangers,common,5,1,103,Bronze,plasma,weapon_common_plasma_bronze_L01_01,,,,,1,OK,OK,OK,OK,OK,N/A_ONE_WEAPON,OK,OK,stage-2a-sprint-4-2026.08.03,Assets/_Project/Content/Configs/Weapons/STAR_FRONTIER_WeaponConfig_300_config_fields_RU_no_enemy_types_v0.9_cargo_rules.csv,common WeaponConfig IDs are reused by all ally types; difference is in WeaponGroupConfig composition.
weapon_group_ally_medic_L02_01,"Медики — уровень 2, вариант 1","Защитно-поддерживающие группы медиков: оружие заметно лучше транспорта и гражданских, но слабее рейнджеров. Strict-level: 2; weapon count: 1; primary focus: тяжёлый залп. Tier-mix intentionally avoids mono-tier groups when weaponCount > 1.",2,Ally,Medic,,3,3 — after Ranger,PlayerAndRangers,common,1,1,103,Bronze,plasma,weapon_common_plasma_bronze_L02_01,,,,,1,OK,OK,OK,OK,OK,N/A_ONE_WEAPON,OK,OK,stage-2a-sprint-4-2026.08.03,Assets/_Project/Content/Configs/Weapons/STAR_FRONTIER_WeaponConfig_300_config_fields_RU_no_enemy_types_v0.9_cargo_rules.csv,common WeaponConfig IDs are reused by all ally types; difference is in WeaponGroupConfig composition.
weapon_group_ally_medic_L02_02,"Медики — уровень 2, вариант 2","Защитно-поддерживающие группы медиков: оружие заметно лучше транспорта и гражданских, но слабее рейнджеров. Strict-level: 2; weapon count: 1; primary focus: тяжёлый залп. Tier-mix intentionally avoids mono-tier groups when weaponCount > 1.",2,Ally,Medic,,3,3 — after Ranger,PlayerAndRangers,common,2,1,103,Bronze,plasma,weapon_common_plasma_bronze_L02_01,,,,,1,OK,OK,OK,OK,OK,N/A_ONE_WEAPON,OK,OK,stage-2a-sprint-4-2026.08.03,Assets/_Project/Content/Configs/Weapons/STAR_FRONTIER_WeaponConfig_300_config_fields_RU_no_enemy_types_v0.9_cargo_rules.csv,common WeaponConfig IDs are reused by all ally types; difference is in WeaponGroupConfig composition.
weapon_group_ally_medic_L02_03,"Медики — уровень 2, вариант 3","Защитно-поддерживающие группы медиков: оружие заметно лучше транспорта и гражданских, но слабее рейнджеров. Strict-level: 2; weapon count: 1; primary focus: тяжёлый залп. Tier-mix intentionally avoids mono-tier groups when weaponCount > 1.",2,Ally,Medic,,3,3 — after Ranger,PlayerAndRangers,common,3,1,103,Bronze,plasma,weapon_common_plasma_bronze_L02_01,,,,,1,OK,OK,OK,OK,OK,N/A_ONE_WEAPON,OK,OK,stage-2a-sprint-4-2026.08.03,Assets/_Project/Content/Configs/Weapons/STAR_FRONTIER_WeaponConfig_300_config_fields_RU_no_enemy_types_v0.9_cargo_rules.csv,common WeaponConfig IDs are reused by all ally types; difference is in WeaponGroupConfig composition.
weapon_group_ally_medic_L02_04,"Медики — уровень 2, вариант 4","Защитно-поддерживающие группы медиков: оружие заметно лучше транспорта и гражданских, но слабее рейнджеров. Strict-level: 2; weapon count: 1; primary focus: ракетный удар. Tier-mix intentionally avoids mono-tier groups when weaponCount > 1.",2,Ally,Medic,,3,3 — after Ranger,PlayerAndRangers,common,4,1,105,Bronze,missile,weapon_common_missile_bronze_L02_01,,,,,1,OK,OK,OK,OK,OK,N/A_ONE_WEAPON,OK,OK,stage-2a-sprint-4-2026.08.03,Assets/_Project/Content/Configs/Weapons/STAR_FRONTIER_WeaponConfig_300_config_fields_RU_no_enemy_types_v0.9_cargo_rules.csv,common WeaponConfig IDs are reused by all ally types; difference is in WeaponGroupConfig composition.
weapon_group_ally_medic_L02_05,"Медики — уровень 2, вариант 5","Защитно-поддерживающие группы медиков: оружие заметно лучше транспорта и гражданских, но слабее рейнджеров. Strict-level: 2; weapon count: 1; primary focus: тяжёлый залп. Tier-mix intentionally avoids mono-tier groups when weaponCount > 1.",2,Ally,Medic,,3,3 — after Ranger,PlayerAndRangers,common,5,1,103,Bronze,plasma,weapon_common_plasma_bronze_L02_01,,,,,1,OK,OK,OK,OK,OK,N/A_ONE_WEAPON,OK,OK,stage-2a-sprint-4-2026.08.03,Assets/_Project/Content/Configs/Weapons/STAR_FRONTIER_WeaponConfig_300_config_fields_RU_no_enemy_types_v0.9_cargo_rules.csv,common WeaponConfig IDs are reused by all ally types; difference is in WeaponGroupConfig composition.
weapon_group_ally_medic_L03_01,"Медики — уровень 3, вариант 1","Защитно-поддерживающие группы медиков: оружие заметно лучше транспорта и гражданских, но слабее рейнджеров. Strict-level: 3; weapon count: 2; primary focus: тяжёлый залп. Tier-mix intentionally avoids mono-tier groups when weaponCount > 1.",3,Ally,Medic,,3,3 — after Ranger,PlayerAndRangers,common,1,2,305,Silver + Bronze,plasma + laser,weapon_common_plasma_silver_L03_01,weapon_common_laser_bronze_L03_01,,,,2,OK,OK,OK,OK,OK,OK,OK,OK,stage-2a-sprint-4-2026.08.03,Assets/_Project/Content/Configs/Weapons/STAR_FRONTIER_WeaponConfig_300_config_fields_RU_no_enemy_types_v0.9_cargo_rules.csv,common WeaponConfig IDs are reused by all ally types; difference is in WeaponGroupConfig composition.
weapon_group_ally_medic_L03_02,"Медики — уровень 3, вариант 2","Защитно-поддерживающие группы медиков: оружие заметно лучше транспорта и гражданских, но слабее рейнджеров. Strict-level: 3; weapon count: 2; primary focus: тяжёлый залп. Tier-mix intentionally avoids mono-tier groups when weaponCount > 1.",3,Ally,Medic,,3,3 — after Ranger,PlayerAndRangers,common,2,2,305,Silver + Bronze,plasma + laser,weapon_common_plasma_silver_L03_01,weapon_common_laser_bronze_L03_01,,,,2,OK,OK,OK,OK,OK,OK,OK,OK,stage-2a-sprint-4-2026.08.03,Assets/_Project/Content/Configs/Weapons/STAR_FRONTIER_WeaponConfig_300_config_fields_RU_no_enemy_types_v0.9_cargo_rules.csv,common WeaponConfig IDs are reused by all ally types; difference is in WeaponGroupConfig composition.
weapon_group_ally_medic_L03_03,"Медики — уровень 3, вариант 3","Защитно-поддерживающие группы медиков: оружие заметно лучше транспорта и гражданских, но слабее рейнджеров. Strict-level: 3; weapon count: 2; primary focus: тяжёлый залп. Tier-mix intentionally avoids mono-tier groups when weaponCount > 1.",3,Ally,Medic,,3,3 — after Ranger,PlayerAndRangers,common,3,2,304,Silver + Bronze,plasma + pulse,weapon_common_plasma_silver_L03_01,weapon_common_pulse_bronze_L03_01,,,,2,OK,OK,OK,OK,OK,OK,OK,OK,stage-2a-sprint-4-2026.08.03,Assets/_Project/Content/Configs/Weapons/STAR_FRONTIER_WeaponConfig_300_config_fields_RU_no_enemy_types_v0.9_cargo_rules.csv,common WeaponConfig IDs are reused by all ally types; difference is in WeaponGroupConfig composition.
weapon_group_ally_medic_L03_04,"Медики — уровень 3, вариант 4","Защитно-поддерживающие группы медиков: оружие заметно лучше транспорта и гражданских, но слабее рейнджеров. Strict-level: 3; weapon count: 2; primary focus: ракетный удар. Tier-mix intentionally avoids mono-tier groups when weaponCount > 1.",3,Ally,Medic,,3,3 — after Ranger,PlayerAndRangers,common,4,2,307,Silver + Bronze,missile + laser,weapon_common_missile_silver_L03_01,weapon_common_laser_bronze_L03_01,,,,2,OK,OK,OK,OK,OK,OK,OK,OK,stage-2a-sprint-4-2026.08.03,Assets/_Project/Content/Configs/Weapons/STAR_FRONTIER_WeaponConfig_300_config_fields_RU_no_enemy_types_v0.9_cargo_rules.csv,common WeaponConfig IDs are reused by all ally types; difference is in WeaponGroupConfig composition.
weapon_group_ally_medic_L03_05,"Медики — уровень 3, вариант 5","Защитно-поддерживающие группы медиков: оружие заметно лучше транспорта и гражданских, но слабее рейнджеров. Strict-level: 3; weapon count: 2; primary focus: тяжёлый залп. Tier-mix intentionally avoids mono-tier groups when weaponCount > 1.",3,Ally,Medic,,3,3 — after Ranger,PlayerAndRangers,common,5,2,305,Silver + Bronze,plasma + laser,weapon_common_plasma_silver_L03_01,weapon_common_laser_bronze_L03_01,,,,2,OK,OK,OK,OK,OK,OK,OK,OK,stage-2a-sprint-4-2026.08.03,Assets/_Project/Content/Configs/Weapons/STAR_FRONTIER_WeaponConfig_300_config_fields_RU_no_enemy_types_v0.9_cargo_rules.csv,common WeaponConfig IDs are reused by all ally types; difference is in WeaponGroupConfig composition.
weapon_group_ally_medic_L04_01,"Медики — уровень 4, вариант 1","Защитно-поддерживающие группы медиков: оружие заметно лучше транспорта и гражданских, но слабее рейнджеров. Strict-level: 4; weapon count: 2; primary focus: тяжёлый залп. Tier-mix intentionally avoids mono-tier groups when weaponCount > 1.",4,Ally,Medic,,3,3 — after Ranger,PlayerAndRangers,common,1,2,305,Silver + Bronze,plasma + laser,weapon_common_plasma_silver_L04_01,weapon_common_laser_bronze_L04_01,,,,2,OK,OK,OK,OK,OK,OK,OK,OK,stage-2a-sprint-4-2026.08.03,Assets/_Project/Content/Configs/Weapons/STAR_FRONTIER_WeaponConfig_300_config_fields_RU_no_enemy_types_v0.9_cargo_rules.csv,common WeaponConfig IDs are reused by all ally types; difference is in WeaponGroupConfig composition.
weapon_group_ally_medic_L04_02,"Медики — уровень 4, вариант 2","Защитно-поддерживающие группы медиков: оружие заметно лучше транспорта и гражданских, но слабее рейнджеров. Strict-level: 4; weapon count: 2; primary focus: тяжёлый залп. Tier-mix intentionally avoids mono-tier groups when weaponCount > 1.",4,Ally,Medic,,3,3 — after Ranger,PlayerAndRangers,common,2,2,305,Silver + Bronze,plasma + laser,weapon_common_plasma_silver_L04_01,weapon_common_laser_bronze_L04_01,,,,2,OK,OK,OK,OK,OK,OK,OK,OK,stage-2a-sprint-4-2026.08.03,Assets/_Project/Content/Configs/Weapons/STAR_FRONTIER_WeaponConfig_300_config_fields_RU_no_enemy_types_v0.9_cargo_rules.csv,common WeaponConfig IDs are reused by all ally types; difference is in WeaponGroupConfig composition.
weapon_group_ally_medic_L04_03,"Медики — уровень 4, вариант 3","Защитно-поддерживающие группы медиков: оружие заметно лучше транспорта и гражданских, но слабее рейнджеров. Strict-level: 4; weapon count: 2; primary focus: тяжёлый залп. Tier-mix intentionally avoids mono-tier groups when weaponCount > 1.",4,Ally,Medic,,3,3 — after Ranger,PlayerAndRangers,common,3,2,304,Silver + Bronze,plasma + pulse,weapon_common_plasma_silver_L04_01,weapon_common_pulse_bronze_L04_01,,,,2,OK,OK,OK,OK,OK,OK,OK,OK,stage-2a-sprint-4-2026.08.03,Assets/_Project/Content/Configs/Weapons/STAR_FRONTIER_WeaponConfig_300_config_fields_RU_no_enemy_types_v0.9_cargo_rules.csv,common WeaponConfig IDs are reused by all ally types; difference is in WeaponGroupConfig composition.
weapon_group_ally_medic_L04_04,"Медики — уровень 4, вариант 4","Защитно-поддерживающие группы медиков: оружие заметно лучше транспорта и гражданских, но слабее рейнджеров. Strict-level: 4; weapon count: 2; primary focus: ракетный удар. Tier-mix intentionally avoids mono-tier groups when weaponCount > 1.",4,Ally,Medic,,3,3 — after Ranger,PlayerAndRangers,common,4,2,307,Silver + Bronze,missile + laser,weapon_common_missile_silver_L04_01,weapon_common_laser_bronze_L04_01,,,,2,OK,OK,OK,OK,OK,OK,OK,OK,stage-2a-sprint-4-2026.08.03,Assets/_Project/Content/Configs/Weapons/STAR_FRONTIER_WeaponConfig_300_config_fields_RU_no_enemy_types_v0.9_cargo_rules.csv,common WeaponConfig IDs are reused by all ally types; difference is in WeaponGroupConfig composition.
weapon_group_ally_medic_L04_05,"Медики — уровень 4, вариант 5","Защитно-поддерживающие группы медиков: оружие заметно лучше транспорта и гражданских, но слабее рейнджеров. Strict-level: 4; weapon count: 2; primary focus: тяжёлый залп. Tier-mix intentionally avoids mono-tier groups when weaponCount > 1.",4,Ally,Medic,,3,3 — after Ranger,PlayerAndRangers,common,5,2,305,Silver + Bronze,plasma + laser,weapon_common_plasma_silver_L04_01,weapon_common_laser_bronze_L04_01,,,,2,OK,OK,OK,OK,OK,OK,OK,OK,stage-2a-sprint-4-2026.08.03,Assets/_Project/Content/Configs/Weapons/STAR_FRONTIER_WeaponConfig_300_config_fields_RU_no_enemy_types_v0.9_cargo_rules.csv,common WeaponConfig IDs are reused by all ally types; difference is in WeaponGroupConfig composition.
weapon_group_ally_medic_L05_01,"Медики — уровень 5, вариант 1","Защитно-поддерживающие группы медиков: оружие заметно лучше транспорта и гражданских, но слабее рейнджеров. Strict-level: 5; weapon count: 3; primary focus: тяжёлый залп. Tier-mix intentionally avoids mono-tier groups when weaponCount > 1.",5,Ally,Medic,,3,3 — after Ranger,PlayerAndRangers,common,1,3,506,Silver + Silver + Bronze,plasma + laser + pulse,weapon_common_plasma_silver_L05_01,weapon_common_laser_silver_L05_01,weapon_common_pulse_bronze_L05_01,,,3,OK,OK,OK,OK,OK,OK,OK,OK,stage-2a-sprint-4-2026.08.03,Assets/_Project/Content/Configs/Weapons/STAR_FRONTIER_WeaponConfig_300_config_fields_RU_no_enemy_types_v0.9_cargo_rules.csv,common WeaponConfig IDs are reused by all ally types; difference is in WeaponGroupConfig composition.
weapon_group_ally_medic_L05_02,"Медики — уровень 5, вариант 2","Защитно-поддерживающие группы медиков: оружие заметно лучше транспорта и гражданских, но слабее рейнджеров. Strict-level: 5; weapon count: 3; primary focus: тяжёлый залп. Tier-mix intentionally avoids mono-tier groups when weaponCount > 1.",5,Ally,Medic,,3,3 — after Ranger,PlayerAndRangers,common,2,3,506,Silver + Silver + Bronze,plasma + laser + pulse,weapon_common_plasma_silver_L05_01,weapon_common_laser_silver_L05_01,weapon_common_pulse_bronze_L05_01,,,3,OK,OK,OK,OK,OK,OK,OK,OK,stage-2a-sprint-4-2026.08.03,Assets/_Project/Content/Configs/Weapons/STAR_FRONTIER_WeaponConfig_300_config_fields_RU_no_enemy_types_v0.9_cargo_rules.csv,common WeaponConfig IDs are reused by all ally types; difference is in WeaponGroupConfig composition.
weapon_group_ally_medic_L05_03,"Медики — уровень 5, вариант 3","Защитно-поддерживающие группы медиков: оружие заметно лучше транспорта и гражданских, но слабее рейнджеров. Strict-level: 5; weapon count: 3; primary focus: тяжёлый залп. Tier-mix intentionally avoids mono-tier groups when weaponCount > 1.",5,Ally,Medic,,3,3 — after Ranger,PlayerAndRangers,common,3,3,506,Silver + Silver + Bronze,plasma + pulse + laser,weapon_common_plasma_silver_L05_01,weapon_common_pulse_silver_L05_01,weapon_common_laser_bronze_L05_01,,,3,OK,OK,OK,OK,OK,OK,OK,OK,stage-2a-sprint-4-2026.08.03,Assets/_Project/Content/Configs/Weapons/STAR_FRONTIER_WeaponConfig_300_config_fields_RU_no_enemy_types_v0.9_cargo_rules.csv,common WeaponConfig IDs are reused by all ally types; difference is in WeaponGroupConfig composition.
weapon_group_ally_medic_L05_04,"Медики — уровень 5, вариант 4","Защитно-поддерживающие группы медиков: оружие заметно лучше транспорта и гражданских, но слабее рейнджеров. Strict-level: 5; weapon count: 3; primary focus: ракетный удар. Tier-mix intentionally avoids mono-tier groups when weaponCount > 1.",5,Ally,Medic,,3,3 — after Ranger,PlayerAndRangers,common,4,3,508,Silver + Silver + Bronze,missile + laser + pulse,weapon_common_missile_silver_L05_01,weapon_common_laser_silver_L05_01,weapon_common_pulse_bronze_L05_01,,,3,OK,OK,OK,OK,OK,OK,OK,OK,stage-2a-sprint-4-2026.08.03,Assets/_Project/Content/Configs/Weapons/STAR_FRONTIER_WeaponConfig_300_config_fields_RU_no_enemy_types_v0.9_cargo_rules.csv,common WeaponConfig IDs are reused by all ally types; difference is in WeaponGroupConfig composition.
weapon_group_ally_medic_L05_05,"Медики — уровень 5, вариант 5","Защитно-поддерживающие группы медиков: оружие заметно лучше транспорта и гражданских, но слабее рейнджеров. Strict-level: 5; weapon count: 3; primary focus: тяжёлый залп. Tier-mix intentionally avoids mono-tier groups when weaponCount > 1.",5,Ally,Medic,,3,3 — after Ranger,PlayerAndRangers,common,5,3,506,Silver + Silver + Bronze,plasma + laser + pulse,weapon_common_plasma_silver_L05_01,weapon_common_laser_silver_L05_01,weapon_common_pulse_bronze_L05_01,,,3,OK,OK,OK,OK,OK,OK,OK,OK,stage-2a-sprint-4-2026.08.03,Assets/_Project/Content/Configs/Weapons/STAR_FRONTIER_WeaponConfig_300_config_fields_RU_no_enemy_types_v0.9_cargo_rules.csv,common WeaponConfig IDs are reused by all ally types; difference is in WeaponGroupConfig composition.
weapon_group_ally_medic_L06_01,"Медики — уровень 6, вариант 1","Защитно-поддерживающие группы медиков: оружие заметно лучше транспорта и гражданских, но слабее рейнджеров. Strict-level: 6; weapon count: 3; primary focus: тяжёлый залп. Tier-mix intentionally avoids mono-tier groups when weaponCount > 1.",6,Ally,Medic,,3,3 — after Ranger,PlayerAndRangers,common,1,3,506,Silver + Silver + Bronze,plasma + laser + pulse,weapon_common_plasma_silver_L06_01,weapon_common_laser_silver_L06_01,weapon_common_pulse_bronze_L06_01,,,3,OK,OK,OK,OK,OK,OK,OK,OK,stage-2a-sprint-4-2026.08.03,Assets/_Project/Content/Configs/Weapons/STAR_FRONTIER_WeaponConfig_300_config_fields_RU_no_enemy_types_v0.9_cargo_rules.csv,common WeaponConfig IDs are reused by all ally types; difference is in WeaponGroupConfig composition.
weapon_group_ally_medic_L06_02,"Медики — уровень 6, вариант 2","Защитно-поддерживающие группы медиков: оружие заметно лучше транспорта и гражданских, но слабее рейнджеров. Strict-level: 6; weapon count: 3; primary focus: тяжёлый залп. Tier-mix intentionally avoids mono-tier groups when weaponCount > 1.",6,Ally,Medic,,3,3 — after Ranger,PlayerAndRangers,common,2,3,506,Silver + Silver + Bronze,plasma + laser + pulse,weapon_common_plasma_silver_L06_01,weapon_common_laser_silver_L06_01,weapon_common_pulse_bronze_L06_01,,,3,OK,OK,OK,OK,OK,OK,OK,OK,stage-2a-sprint-4-2026.08.03,Assets/_Project/Content/Configs/Weapons/STAR_FRONTIER_WeaponConfig_300_config_fields_RU_no_enemy_types_v0.9_cargo_rules.csv,common WeaponConfig IDs are reused by all ally types; difference is in WeaponGroupConfig composition.
weapon_group_ally_medic_L06_03,"Медики — уровень 6, вариант 3","Защитно-поддерживающие группы медиков: оружие заметно лучше транспорта и гражданских, но слабее рейнджеров. Strict-level: 6; weapon count: 3; primary focus: тяжёлый залп. Tier-mix intentionally avoids mono-tier groups when weaponCount > 1.",6,Ally,Medic,,3,3 — after Ranger,PlayerAndRangers,common,3,3,506,Silver + Silver + Bronze,plasma + pulse + laser,weapon_common_plasma_silver_L06_01,weapon_common_pulse_silver_L06_01,weapon_common_laser_bronze_L06_01,,,3,OK,OK,OK,OK,OK,OK,OK,OK,stage-2a-sprint-4-2026.08.03,Assets/_Project/Content/Configs/Weapons/STAR_FRONTIER_WeaponConfig_300_config_fields_RU_no_enemy_types_v0.9_cargo_rules.csv,common WeaponConfig IDs are reused by all ally types; difference is in WeaponGroupConfig composition.
weapon_group_ally_medic_L06_04,"Медики — уровень 6, вариант 4","Защитно-поддерживающие группы медиков: оружие заметно лучше транспорта и гражданских, но слабее рейнджеров. Strict-level: 6; weapon count: 3; primary focus: ракетный удар. Tier-mix intentionally avoids mono-tier groups when weaponCount > 1.",6,Ally,Medic,,3,3 — after Ranger,PlayerAndRangers,common,4,3,508,Silver + Silver + Bronze,missile + laser + pulse,weapon_common_missile_silver_L06_01,weapon_common_laser_silver_L06_01,weapon_common_pulse_bronze_L06_01,,,3,OK,OK,OK,OK,OK,OK,OK,OK,stage-2a-sprint-4-2026.08.03,Assets/_Project/Content/Configs/Weapons/STAR_FRONTIER_WeaponConfig_300_config_fields_RU_no_enemy_types_v0.9_cargo_rules.csv,common WeaponConfig IDs are reused by all ally types; difference is in WeaponGroupConfig composition.
weapon_group_ally_medic_L06_05,"Медики — уровень 6, вариант 5","Защитно-поддерживающие группы медиков: оружие заметно лучше транспорта и гражданских, но слабее рейнджеров. Strict-level: 6; weapon count: 3; primary focus: тяжёлый залп. Tier-mix intentionally avoids mono-tier groups when weaponCount > 1.",6,Ally,Medic,,3,3 — after Ranger,PlayerAndRangers,common,5,3,506,Silver + Silver + Bronze,plasma + laser + pulse,weapon_common_plasma_silver_L06_01,weapon_common_laser_silver_L06_01,weapon_common_pulse_bronze_L06_01,,,3,OK,OK,OK,OK,OK,OK,OK,OK,stage-2a-sprint-4-2026.08.03,Assets/_Project/Content/Configs/Weapons/STAR_FRONTIER_WeaponConfig_300_config_fields_RU_no_enemy_types_v0.9_cargo_rules.csv,common WeaponConfig IDs are reused by all ally types; difference is in WeaponGroupConfig composition.
weapon_group_ally_medic_L07_01,"Медики — уровень 7, вариант 1","Защитно-поддерживающие группы медиков: оружие заметно лучше транспорта и гражданских, но слабее рейнджеров. Strict-level: 7; weapon count: 4; primary focus: тяжёлый залп. Tier-mix intentionally avoids mono-tier groups when weaponCount > 1.",7,Ally,Medic,,3,3 — after Ranger,PlayerAndRangers,common,1,4,610,Silver + Silver + Bronze + Bronze,plasma + laser + pulse + railgun,weapon_common_plasma_silver_L07_01,weapon_common_laser_silver_L07_01,weapon_common_pulse_bronze_L07_01,weapon_common_railgun_bronze_L07_01,,4,OK,OK,OK,OK,OK,OK,OK,OK,stage-2a-sprint-4-2026.08.03,Assets/_Project/Content/Configs/Weapons/STAR_FRONTIER_WeaponConfig_300_config_fields_RU_no_enemy_types_v0.9_cargo_rules.csv,common WeaponConfig IDs are reused by all ally types; difference is in WeaponGroupConfig composition.
weapon_group_ally_medic_L07_02,"Медики — уровень 7, вариант 2","Защитно-поддерживающие группы медиков: оружие заметно лучше транспорта и гражданских, но слабее рейнджеров. Strict-level: 7; weapon count: 4; primary focus: тяжёлый залп. Tier-mix intentionally avoids mono-tier groups when weaponCount > 1.",7,Ally,Medic,,3,3 — after Ranger,PlayerAndRangers,common,2,4,610,Silver + Silver + Bronze + Bronze,plasma + laser + pulse + railgun,weapon_common_plasma_silver_L07_01,weapon_common_laser_silver_L07_01,weapon_common_pulse_bronze_L07_01,weapon_common_railgun_bronze_L07_01,,4,OK,OK,OK,OK,OK,OK,OK,OK,stage-2a-sprint-4-2026.08.03,Assets/_Project/Content/Configs/Weapons/STAR_FRONTIER_WeaponConfig_300_config_fields_RU_no_enemy_types_v0.9_cargo_rules.csv,common WeaponConfig IDs are reused by all ally types; difference is in WeaponGroupConfig composition.
weapon_group_ally_medic_L07_03,"Медики — уровень 7, вариант 3","Защитно-поддерживающие группы медиков: оружие заметно лучше транспорта и гражданских, но слабее рейнджеров. Strict-level: 7; weapon count: 4; primary focus: тяжёлый залп. Tier-mix intentionally avoids mono-tier groups when weaponCount > 1.",7,Ally,Medic,,3,3 — after Ranger,PlayerAndRangers,common,3,4,611,Silver + Silver + Bronze + Bronze,plasma + pulse + laser + missile,weapon_common_plasma_silver_L07_01,weapon_common_pulse_silver_L07_01,weapon_common_laser_bronze_L07_01,weapon_common_missile_bronze_L07_01,,4,OK,OK,OK,OK,OK,OK,OK,OK,stage-2a-sprint-4-2026.08.03,Assets/_Project/Content/Configs/Weapons/STAR_FRONTIER_WeaponConfig_300_config_fields_RU_no_enemy_types_v0.9_cargo_rules.csv,common WeaponConfig IDs are reused by all ally types; difference is in WeaponGroupConfig composition.
weapon_group_ally_medic_L07_04,"Медики — уровень 7, вариант 4","Защитно-поддерживающие группы медиков: оружие заметно лучше транспорта и гражданских, но слабее рейнджеров. Strict-level: 7; weapon count: 4; primary focus: ракетный удар. Tier-mix intentionally avoids mono-tier groups when weaponCount > 1.",7,Ally,Medic,,3,3 — after Ranger,PlayerAndRangers,common,4,4,612,Silver + Silver + Bronze + Bronze,missile + laser + pulse + railgun,weapon_common_missile_silver_L07_01,weapon_common_laser_silver_L07_01,weapon_common_pulse_bronze_L07_01,weapon_common_railgun_bronze_L07_01,,4,OK,OK,OK,OK,OK,OK,OK,OK,stage-2a-sprint-4-2026.08.03,Assets/_Project/Content/Configs/Weapons/STAR_FRONTIER_WeaponConfig_300_config_fields_RU_no_enemy_types_v0.9_cargo_rules.csv,common WeaponConfig IDs are reused by all ally types; difference is in WeaponGroupConfig composition.
weapon_group_ally_medic_L07_05,"Медики — уровень 7, вариант 5","Защитно-поддерживающие группы медиков: оружие заметно лучше транспорта и гражданских, но слабее рейнджеров. Strict-level: 7; weapon count: 4; primary focus: тяжёлый залп. Tier-mix intentionally avoids mono-tier groups when weaponCount > 1.",7,Ally,Medic,,3,3 — after Ranger,PlayerAndRangers,common,5,4,611,Silver + Silver + Bronze + Bronze,plasma + laser + pulse + missile,weapon_common_plasma_silver_L07_01,weapon_common_laser_silver_L07_01,weapon_common_pulse_bronze_L07_01,weapon_common_missile_bronze_L07_01,,4,OK,OK,OK,OK,OK,OK,OK,OK,stage-2a-sprint-4-2026.08.03,Assets/_Project/Content/Configs/Weapons/STAR_FRONTIER_WeaponConfig_300_config_fields_RU_no_enemy_types_v0.9_cargo_rules.csv,common WeaponConfig IDs are reused by all ally types; difference is in WeaponGroupConfig composition.
weapon_group_ally_medic_L08_01,"Медики — уровень 8, вариант 1","Защитно-поддерживающие группы медиков: оружие заметно лучше транспорта и гражданских, но слабее рейнджеров. Strict-level: 8; weapon count: 4; primary focus: тяжёлый залп. Tier-mix intentionally avoids mono-tier groups when weaponCount > 1.",8,Ally,Medic,,3,3 — after Ranger,PlayerAndRangers,common,1,4,610,Silver + Silver + Bronze + Bronze,plasma + laser + pulse + railgun,weapon_common_plasma_silver_L08_01,weapon_common_laser_silver_L08_01,weapon_common_pulse_bronze_L08_01,weapon_common_railgun_bronze_L08_01,,4,OK,OK,OK,OK,OK,OK,OK,OK,stage-2a-sprint-4-2026.08.03,Assets/_Project/Content/Configs/Weapons/STAR_FRONTIER_WeaponConfig_300_config_fields_RU_no_enemy_types_v0.9_cargo_rules.csv,common WeaponConfig IDs are reused by all ally types; difference is in WeaponGroupConfig composition.
weapon_group_ally_medic_L08_02,"Медики — уровень 8, вариант 2","Защитно-поддерживающие группы медиков: оружие заметно лучше транспорта и гражданских, но слабее рейнджеров. Strict-level: 8; weapon count: 4; primary focus: тяжёлый залп. Tier-mix intentionally avoids mono-tier groups when weaponCount > 1.",8,Ally,Medic,,3,3 — after Ranger,PlayerAndRangers,common,2,4,610,Silver + Silver + Bronze + Bronze,plasma + laser + pulse + railgun,weapon_common_plasma_silver_L08_01,weapon_common_laser_silver_L08_01,weapon_common_pulse_bronze_L08_01,weapon_common_railgun_bronze_L08_01,,4,OK,OK,OK,OK,OK,OK,OK,OK,stage-2a-sprint-4-2026.08.03,Assets/_Project/Content/Configs/Weapons/STAR_FRONTIER_WeaponConfig_300_config_fields_RU_no_enemy_types_v0.9_cargo_rules.csv,common WeaponConfig IDs are reused by all ally types; difference is in WeaponGroupConfig composition.
weapon_group_ally_medic_L08_03,"Медики — уровень 8, вариант 3","Защитно-поддерживающие группы медиков: оружие заметно лучше транспорта и гражданских, но слабее рейнджеров. Strict-level: 8; weapon count: 4; primary focus: тяжёлый залп. Tier-mix intentionally avoids mono-tier groups when weaponCount > 1.",8,Ally,Medic,,3,3 — after Ranger,PlayerAndRangers,common,3,4,611,Silver + Silver + Bronze + Bronze,plasma + pulse + laser + missile,weapon_common_plasma_silver_L08_01,weapon_common_pulse_silver_L08_01,weapon_common_laser_bronze_L08_01,weapon_common_missile_bronze_L08_01,,4,OK,OK,OK,OK,OK,OK,OK,OK,stage-2a-sprint-4-2026.08.03,Assets/_Project/Content/Configs/Weapons/STAR_FRONTIER_WeaponConfig_300_config_fields_RU_no_enemy_types_v0.9_cargo_rules.csv,common WeaponConfig IDs are reused by all ally types; difference is in WeaponGroupConfig composition.
weapon_group_ally_medic_L08_04,"Медики — уровень 8, вариант 4","Защитно-поддерживающие группы медиков: оружие заметно лучше транспорта и гражданских, но слабее рейнджеров. Strict-level: 8; weapon count: 4; primary focus: ракетный удар. Tier-mix intentionally avoids mono-tier groups when weaponCount > 1.",8,Ally,Medic,,3,3 — after Ranger,PlayerAndRangers,common,4,4,612,Silver + Silver + Bronze + Bronze,missile + laser + pulse + railgun,weapon_common_missile_silver_L08_01,weapon_common_laser_silver_L08_01,weapon_common_pulse_bronze_L08_01,weapon_common_railgun_bronze_L08_01,,4,OK,OK,OK,OK,OK,OK,OK,OK,stage-2a-sprint-4-2026.08.03,Assets/_Project/Content/Configs/Weapons/STAR_FRONTIER_WeaponConfig_300_config_fields_RU_no_enemy_types_v0.9_cargo_rules.csv,common WeaponConfig IDs are reused by all ally types; difference is in WeaponGroupConfig composition.
weapon_group_ally_medic_L08_05,"Медики — уровень 8, вариант 5","Защитно-поддерживающие группы медиков: оружие заметно лучше транспорта и гражданских, но слабее рейнджеров. Strict-level: 8; weapon count: 4; primary focus: тяжёлый залп. Tier-mix intentionally avoids mono-tier groups when weaponCount > 1.",8,Ally,Medic,,3,3 — after Ranger,PlayerAndRangers,common,5,4,611,Silver + Silver + Bronze + Bronze,plasma + laser + pulse + missile,weapon_common_plasma_silver_L08_01,weapon_common_laser_silver_L08_01,weapon_common_pulse_bronze_L08_01,weapon_common_missile_bronze_L08_01,,4,OK,OK,OK,OK,OK,OK,OK,OK,stage-2a-sprint-4-2026.08.03,Assets/_Project/Content/Configs/Weapons/STAR_FRONTIER_WeaponConfig_300_config_fields_RU_no_enemy_types_v0.9_cargo_rules.csv,common WeaponConfig IDs are reused by all ally types; difference is in WeaponGroupConfig composition.
weapon_group_ally_medic_L09_01,"Медики — уровень 9, вариант 1","Защитно-поддерживающие группы медиков: оружие заметно лучше транспорта и гражданских, но слабее рейнджеров. Strict-level: 9; weapon count: 5; primary focus: тяжёлый залп. Tier-mix intentionally avoids mono-tier groups when weaponCount > 1.",9,Ally,Medic,,3,3 — after Ranger,PlayerAndRangers,common,1,5,815,Silver + Silver + Bronze + Silver + Bronze,plasma + laser + pulse + railgun + missile,weapon_common_plasma_silver_L09_01,weapon_common_laser_silver_L09_01,weapon_common_pulse_bronze_L09_01,weapon_common_railgun_silver_L09_01,weapon_common_missile_bronze_L09_01,5,OK,OK,OK,OK,OK,OK,OK,OK,stage-2a-sprint-4-2026.08.03,Assets/_Project/Content/Configs/Weapons/STAR_FRONTIER_WeaponConfig_300_config_fields_RU_no_enemy_types_v0.9_cargo_rules.csv,common WeaponConfig IDs are reused by all ally types; difference is in WeaponGroupConfig composition.
weapon_group_ally_medic_L09_02,"Медики — уровень 9, вариант 2","Защитно-поддерживающие группы медиков: оружие заметно лучше транспорта и гражданских, но слабее рейнджеров. Strict-level: 9; weapon count: 5; primary focus: тяжёлый залп. Tier-mix intentionally avoids mono-tier groups when weaponCount > 1.",9,Ally,Medic,,3,3 — after Ranger,PlayerAndRangers,common,2,5,815,Silver + Silver + Bronze + Silver + Bronze,plasma + laser + pulse + railgun + missile,weapon_common_plasma_silver_L09_01,weapon_common_laser_silver_L09_01,weapon_common_pulse_bronze_L09_01,weapon_common_railgun_silver_L09_01,weapon_common_missile_bronze_L09_01,5,OK,OK,OK,OK,OK,OK,OK,OK,stage-2a-sprint-4-2026.08.03,Assets/_Project/Content/Configs/Weapons/STAR_FRONTIER_WeaponConfig_300_config_fields_RU_no_enemy_types_v0.9_cargo_rules.csv,common WeaponConfig IDs are reused by all ally types; difference is in WeaponGroupConfig composition.
weapon_group_ally_medic_L09_03,"Медики — уровень 9, вариант 3","Защитно-поддерживающие группы медиков: оружие заметно лучше транспорта и гражданских, но слабее рейнджеров. Strict-level: 9; weapon count: 5; primary focus: тяжёлый залп. Tier-mix intentionally avoids mono-tier groups when weaponCount > 1.",9,Ally,Medic,,3,3 — after Ranger,PlayerAndRangers,common,3,5,815,Silver + Silver + Bronze + Silver + Bronze,plasma + pulse + laser + missile + railgun,weapon_common_plasma_silver_L09_01,weapon_common_pulse_silver_L09_01,weapon_common_laser_bronze_L09_01,weapon_common_missile_silver_L09_01,weapon_common_railgun_bronze_L09_01,5,OK,OK,OK,OK,OK,OK,OK,OK,stage-2a-sprint-4-2026.08.03,Assets/_Project/Content/Configs/Weapons/STAR_FRONTIER_WeaponConfig_300_config_fields_RU_no_enemy_types_v0.9_cargo_rules.csv,common WeaponConfig IDs are reused by all ally types; difference is in WeaponGroupConfig composition.
weapon_group_ally_medic_L09_04,"Медики — уровень 9, вариант 4","Защитно-поддерживающие группы медиков: оружие заметно лучше транспорта и гражданских, но слабее рейнджеров. Strict-level: 9; weapon count: 5; primary focus: ракетный удар. Tier-mix intentionally avoids mono-tier groups when weaponCount > 1.",9,Ally,Medic,,3,3 — after Ranger,PlayerAndRangers,common,4,5,815,Silver + Silver + Bronze + Silver + Bronze,missile + laser + pulse + railgun + plasma,weapon_common_missile_silver_L09_01,weapon_common_laser_silver_L09_01,weapon_common_pulse_bronze_L09_01,weapon_common_railgun_silver_L09_01,weapon_common_plasma_bronze_L09_01,5,OK,OK,OK,OK,OK,OK,OK,OK,stage-2a-sprint-4-2026.08.03,Assets/_Project/Content/Configs/Weapons/STAR_FRONTIER_WeaponConfig_300_config_fields_RU_no_enemy_types_v0.9_cargo_rules.csv,common WeaponConfig IDs are reused by all ally types; difference is in WeaponGroupConfig composition.
weapon_group_ally_medic_L09_05,"Медики — уровень 9, вариант 5","Защитно-поддерживающие группы медиков: оружие заметно лучше транспорта и гражданских, но слабее рейнджеров. Strict-level: 9; weapon count: 5; primary focus: тяжёлый залп. Tier-mix intentionally avoids mono-tier groups when weaponCount > 1.",9,Ally,Medic,,3,3 — after Ranger,PlayerAndRangers,common,5,5,815,Silver + Silver + Bronze + Silver + Bronze,plasma + laser + pulse + missile + railgun,weapon_common_plasma_silver_L09_01,weapon_common_laser_silver_L09_01,weapon_common_pulse_bronze_L09_01,weapon_common_missile_silver_L09_01,weapon_common_railgun_bronze_L09_01,5,OK,OK,OK,OK,OK,OK,OK,OK,stage-2a-sprint-4-2026.08.03,Assets/_Project/Content/Configs/Weapons/STAR_FRONTIER_WeaponConfig_300_config_fields_RU_no_enemy_types_v0.9_cargo_rules.csv,common WeaponConfig IDs are reused by all ally types; difference is in WeaponGroupConfig composition.
weapon_group_ally_medic_L10_01,"Медики — уровень 10, вариант 1","Защитно-поддерживающие группы медиков: оружие заметно лучше транспорта и гражданских, но слабее рейнджеров. Strict-level: 10; weapon count: 5; primary focus: тяжёлый залп. Tier-mix intentionally avoids mono-tier groups when weaponCount > 1.",10,Ally,Medic,,3,3 — after Ranger,PlayerAndRangers,common,1,5,815,Silver + Silver + Bronze + Silver + Bronze,plasma + laser + pulse + railgun + missile,weapon_common_plasma_silver_L10_01,weapon_common_laser_silver_L10_01,weapon_common_pulse_bronze_L10_01,weapon_common_railgun_silver_L10_01,weapon_common_missile_bronze_L10_01,5,OK,OK,OK,OK,OK,OK,OK,OK,stage-2a-sprint-4-2026.08.03,Assets/_Project/Content/Configs/Weapons/STAR_FRONTIER_WeaponConfig_300_config_fields_RU_no_enemy_types_v0.9_cargo_rules.csv,common WeaponConfig IDs are reused by all ally types; difference is in WeaponGroupConfig composition.
weapon_group_ally_medic_L10_02,"Медики — уровень 10, вариант 2","Защитно-поддерживающие группы медиков: оружие заметно лучше транспорта и гражданских, но слабее рейнджеров. Strict-level: 10; weapon count: 5; primary focus: тяжёлый залп. Tier-mix intentionally avoids mono-tier groups when weaponCount > 1.",10,Ally,Medic,,3,3 — after Ranger,PlayerAndRangers,common,2,5,815,Silver + Silver + Bronze + Silver + Bronze,plasma + laser + pulse + railgun + missile,weapon_common_plasma_silver_L10_01,weapon_common_laser_silver_L10_01,weapon_common_pulse_bronze_L10_01,weapon_common_railgun_silver_L10_01,weapon_common_missile_bronze_L10_01,5,OK,OK,OK,OK,OK,OK,OK,OK,stage-2a-sprint-4-2026.08.03,Assets/_Project/Content/Configs/Weapons/STAR_FRONTIER_WeaponConfig_300_config_fields_RU_no_enemy_types_v0.9_cargo_rules.csv,common WeaponConfig IDs are reused by all ally types; difference is in WeaponGroupConfig composition.
weapon_group_ally_medic_L10_03,"Медики — уровень 10, вариант 3","Защитно-поддерживающие группы медиков: оружие заметно лучше транспорта и гражданских, но слабее рейнджеров. Strict-level: 10; weapon count: 5; primary focus: тяжёлый залп. Tier-mix intentionally avoids mono-tier groups when weaponCount > 1.",10,Ally,Medic,,3,3 — after Ranger,PlayerAndRangers,common,3,5,815,Silver + Silver + Bronze + Silver + Bronze,plasma + pulse + laser + missile + railgun,weapon_common_plasma_silver_L10_01,weapon_common_pulse_silver_L10_01,weapon_common_laser_bronze_L10_01,weapon_common_missile_silver_L10_01,weapon_common_railgun_bronze_L10_01,5,OK,OK,OK,OK,OK,OK,OK,OK,stage-2a-sprint-4-2026.08.03,Assets/_Project/Content/Configs/Weapons/STAR_FRONTIER_WeaponConfig_300_config_fields_RU_no_enemy_types_v0.9_cargo_rules.csv,common WeaponConfig IDs are reused by all ally types; difference is in WeaponGroupConfig composition.
weapon_group_ally_medic_L10_04,"Медики — уровень 10, вариант 4","Защитно-поддерживающие группы медиков: оружие заметно лучше транспорта и гражданских, но слабее рейнджеров. Strict-level: 10; weapon count: 5; primary focus: ракетный удар. Tier-mix intentionally avoids mono-tier groups when weaponCount > 1.",10,Ally,Medic,,3,3 — after Ranger,PlayerAndRangers,common,4,5,815,Silver + Silver + Bronze + Silver + Bronze,missile + laser + pulse + railgun + plasma,weapon_common_missile_silver_L10_01,weapon_common_laser_silver_L10_01,weapon_common_pulse_bronze_L10_01,weapon_common_railgun_silver_L10_01,weapon_common_plasma_bronze_L10_01,5,OK,OK,OK,OK,OK,OK,OK,OK,stage-2a-sprint-4-2026.08.03,Assets/_Project/Content/Configs/Weapons/STAR_FRONTIER_WeaponConfig_300_config_fields_RU_no_enemy_types_v0.9_cargo_rules.csv,common WeaponConfig IDs are reused by all ally types; difference is in WeaponGroupConfig composition.
weapon_group_ally_medic_L10_05,"Медики — уровень 10, вариант 5","Защитно-поддерживающие группы медиков: оружие заметно лучше транспорта и гражданских, но слабее рейнджеров. Strict-level: 10; weapon count: 5; primary focus: тяжёлый залп. Tier-mix intentionally avoids mono-tier groups when weaponCount > 1.",10,Ally,Medic,,3,3 — after Ranger,PlayerAndRangers,common,5,5,815,Silver + Silver + Bronze + Silver + Bronze,plasma + laser + pulse + missile + railgun,weapon_common_plasma_silver_L10_01,weapon_common_laser_silver_L10_01,weapon_common_pulse_bronze_L10_01,weapon_common_missile_silver_L10_01,weapon_common_railgun_bronze_L10_01,5,OK,OK,OK,OK,OK,OK,OK,OK,stage-2a-sprint-4-2026.08.03,Assets/_Project/Content/Configs/Weapons/STAR_FRONTIER_WeaponConfig_300_config_fields_RU_no_enemy_types_v0.9_cargo_rules.csv,common WeaponConfig IDs are reused by all ally types; difference is in WeaponGroupConfig composition.
weapon_group_ally_civilian_transport_L01_01,"Транспорт — уровень 1, вариант 1","Гражданский транспорт с оборонительным вооружением: слабее медиков, но лучше гражданских/торговцев. Strict-level: 1; weapon count: 1; primary focus: точность. Tier-mix intentionally avoids mono-tier groups when weaponCount > 1.",1,Ally,CivilianTransport,,2,4 — after Medic,PlayerAndRangers,common,1,1,102,Bronze,laser,weapon_common_laser_bronze_L01_01,,,,,1,OK,OK,OK,OK,OK,N/A_ONE_WEAPON,OK,OK,stage-2a-sprint-4-2026.08.03,Assets/_Project/Content/Configs/Weapons/STAR_FRONTIER_WeaponConfig_300_config_fields_RU_no_enemy_types_v0.9_cargo_rules.csv,common WeaponConfig IDs are reused by all ally types; difference is in WeaponGroupConfig composition.
weapon_group_ally_civilian_transport_L01_02,"Транспорт — уровень 1, вариант 2","Гражданский транспорт с оборонительным вооружением: слабее медиков, но лучше гражданских/торговцев. Strict-level: 1; weapon count: 1; primary focus: точность. Tier-mix intentionally avoids mono-tier groups when weaponCount > 1.",1,Ally,CivilianTransport,,2,4 — after Medic,PlayerAndRangers,common,2,1,102,Bronze,laser,weapon_common_laser_bronze_L01_01,,,,,1,OK,OK,OK,OK,OK,N/A_ONE_WEAPON,OK,OK,stage-2a-sprint-4-2026.08.03,Assets/_Project/Content/Configs/Weapons/STAR_FRONTIER_WeaponConfig_300_config_fields_RU_no_enemy_types_v0.9_cargo_rules.csv,common WeaponConfig IDs are reused by all ally types; difference is in WeaponGroupConfig composition.
weapon_group_ally_civilian_transport_L01_03,"Транспорт — уровень 1, вариант 3","Гражданский транспорт с оборонительным вооружением: слабее медиков, но лучше гражданских/торговцев. Strict-level: 1; weapon count: 1; primary focus: точность. Tier-mix intentionally avoids mono-tier groups when weaponCount > 1.",1,Ally,CivilianTransport,,2,4 — after Medic,PlayerAndRangers,common,3,1,102,Bronze,laser,weapon_common_laser_bronze_L01_01,,,,,1,OK,OK,OK,OK,OK,N/A_ONE_WEAPON,OK,OK,stage-2a-sprint-4-2026.08.03,Assets/_Project/Content/Configs/Weapons/STAR_FRONTIER_WeaponConfig_300_config_fields_RU_no_enemy_types_v0.9_cargo_rules.csv,common WeaponConfig IDs are reused by all ally types; difference is in WeaponGroupConfig composition.
weapon_group_ally_civilian_transport_L01_04,"Транспорт — уровень 1, вариант 4","Гражданский транспорт с оборонительным вооружением: слабее медиков, но лучше гражданских/торговцев. Strict-level: 1; weapon count: 1; primary focus: тяжёлый залп. Tier-mix intentionally avoids mono-tier groups when weaponCount > 1.",1,Ally,CivilianTransport,,2,4 — after Medic,PlayerAndRangers,common,4,1,103,Bronze,plasma,weapon_common_plasma_bronze_L01_01,,,,,1,OK,OK,OK,OK,OK,N/A_ONE_WEAPON,OK,OK,stage-2a-sprint-4-2026.08.03,Assets/_Project/Content/Configs/Weapons/STAR_FRONTIER_WeaponConfig_300_config_fields_RU_no_enemy_types_v0.9_cargo_rules.csv,common WeaponConfig IDs are reused by all ally types; difference is in WeaponGroupConfig composition.
weapon_group_ally_civilian_transport_L01_05,"Транспорт — уровень 1, вариант 5","Гражданский транспорт с оборонительным вооружением: слабее медиков, но лучше гражданских/торговцев. Strict-level: 1; weapon count: 1; primary focus: точность. Tier-mix intentionally avoids mono-tier groups when weaponCount > 1.",1,Ally,CivilianTransport,,2,4 — after Medic,PlayerAndRangers,common,5,1,102,Bronze,laser,weapon_common_laser_bronze_L01_01,,,,,1,OK,OK,OK,OK,OK,N/A_ONE_WEAPON,OK,OK,stage-2a-sprint-4-2026.08.03,Assets/_Project/Content/Configs/Weapons/STAR_FRONTIER_WeaponConfig_300_config_fields_RU_no_enemy_types_v0.9_cargo_rules.csv,common WeaponConfig IDs are reused by all ally types; difference is in WeaponGroupConfig composition.
weapon_group_ally_civilian_transport_L02_01,"Транспорт — уровень 2, вариант 1","Гражданский транспорт с оборонительным вооружением: слабее медиков, но лучше гражданских/торговцев. Strict-level: 2; weapon count: 1; primary focus: точность. Tier-mix intentionally avoids mono-tier groups when weaponCount > 1.",2,Ally,CivilianTransport,,2,4 — after Medic,PlayerAndRangers,common,1,1,102,Bronze,laser,weapon_common_laser_bronze_L02_01,,,,,1,OK,OK,OK,OK,OK,N/A_ONE_WEAPON,OK,OK,stage-2a-sprint-4-2026.08.03,Assets/_Project/Content/Configs/Weapons/STAR_FRONTIER_WeaponConfig_300_config_fields_RU_no_enemy_types_v0.9_cargo_rules.csv,common WeaponConfig IDs are reused by all ally types; difference is in WeaponGroupConfig composition.
weapon_group_ally_civilian_transport_L02_02,"Транспорт — уровень 2, вариант 2","Гражданский транспорт с оборонительным вооружением: слабее медиков, но лучше гражданских/торговцев. Strict-level: 2; weapon count: 1; primary focus: точность. Tier-mix intentionally avoids mono-tier groups when weaponCount > 1.",2,Ally,CivilianTransport,,2,4 — after Medic,PlayerAndRangers,common,2,1,102,Bronze,laser,weapon_common_laser_bronze_L02_01,,,,,1,OK,OK,OK,OK,OK,N/A_ONE_WEAPON,OK,OK,stage-2a-sprint-4-2026.08.03,Assets/_Project/Content/Configs/Weapons/STAR_FRONTIER_WeaponConfig_300_config_fields_RU_no_enemy_types_v0.9_cargo_rules.csv,common WeaponConfig IDs are reused by all ally types; difference is in WeaponGroupConfig composition.
weapon_group_ally_civilian_transport_L02_03,"Транспорт — уровень 2, вариант 3","Гражданский транспорт с оборонительным вооружением: слабее медиков, но лучше гражданских/торговцев. Strict-level: 2; weapon count: 1; primary focus: точность. Tier-mix intentionally avoids mono-tier groups when weaponCount > 1.",2,Ally,CivilianTransport,,2,4 — after Medic,PlayerAndRangers,common,3,1,102,Bronze,laser,weapon_common_laser_bronze_L02_01,,,,,1,OK,OK,OK,OK,OK,N/A_ONE_WEAPON,OK,OK,stage-2a-sprint-4-2026.08.03,Assets/_Project/Content/Configs/Weapons/STAR_FRONTIER_WeaponConfig_300_config_fields_RU_no_enemy_types_v0.9_cargo_rules.csv,common WeaponConfig IDs are reused by all ally types; difference is in WeaponGroupConfig composition.
weapon_group_ally_civilian_transport_L02_04,"Транспорт — уровень 2, вариант 4","Гражданский транспорт с оборонительным вооружением: слабее медиков, но лучше гражданских/торговцев. Strict-level: 2; weapon count: 1; primary focus: тяжёлый залп. Tier-mix intentionally avoids mono-tier groups when weaponCount > 1.",2,Ally,CivilianTransport,,2,4 — after Medic,PlayerAndRangers,common,4,1,103,Bronze,plasma,weapon_common_plasma_bronze_L02_01,,,,,1,OK,OK,OK,OK,OK,N/A_ONE_WEAPON,OK,OK,stage-2a-sprint-4-2026.08.03,Assets/_Project/Content/Configs/Weapons/STAR_FRONTIER_WeaponConfig_300_config_fields_RU_no_enemy_types_v0.9_cargo_rules.csv,common WeaponConfig IDs are reused by all ally types; difference is in WeaponGroupConfig composition.
weapon_group_ally_civilian_transport_L02_05,"Транспорт — уровень 2, вариант 5","Гражданский транспорт с оборонительным вооружением: слабее медиков, но лучше гражданских/торговцев. Strict-level: 2; weapon count: 1; primary focus: точность. Tier-mix intentionally avoids mono-tier groups when weaponCount > 1.",2,Ally,CivilianTransport,,2,4 — after Medic,PlayerAndRangers,common,5,1,102,Bronze,laser,weapon_common_laser_bronze_L02_01,,,,,1,OK,OK,OK,OK,OK,N/A_ONE_WEAPON,OK,OK,stage-2a-sprint-4-2026.08.03,Assets/_Project/Content/Configs/Weapons/STAR_FRONTIER_WeaponConfig_300_config_fields_RU_no_enemy_types_v0.9_cargo_rules.csv,common WeaponConfig IDs are reused by all ally types; difference is in WeaponGroupConfig composition.
weapon_group_ally_civilian_transport_L03_01,"Транспорт — уровень 3, вариант 1","Гражданский транспорт с оборонительным вооружением: слабее медиков, но лучше гражданских/торговцев. Strict-level: 3; weapon count: 2; primary focus: точность. Tier-mix intentionally avoids mono-tier groups when weaponCount > 1.",3,Ally,CivilianTransport,,2,4 — after Medic,PlayerAndRangers,common,1,2,303,Silver + Bronze,laser + pulse,weapon_common_laser_silver_L03_01,weapon_common_pulse_bronze_L03_01,,,,2,OK,OK,OK,OK,OK,OK,OK,OK,stage-2a-sprint-4-2026.08.03,Assets/_Project/Content/Configs/Weapons/STAR_FRONTIER_WeaponConfig_300_config_fields_RU_no_enemy_types_v0.9_cargo_rules.csv,common WeaponConfig IDs are reused by all ally types; difference is in WeaponGroupConfig composition.
weapon_group_ally_civilian_transport_L03_02,"Транспорт — уровень 3, вариант 2","Гражданский транспорт с оборонительным вооружением: слабее медиков, но лучше гражданских/торговцев. Strict-level: 3; weapon count: 2; primary focus: точность. Tier-mix intentionally avoids mono-tier groups when weaponCount > 1.",3,Ally,CivilianTransport,,2,4 — after Medic,PlayerAndRangers,common,2,2,303,Silver + Bronze,laser + pulse,weapon_common_laser_silver_L03_01,weapon_common_pulse_bronze_L03_01,,,,2,OK,OK,OK,OK,OK,OK,OK,OK,stage-2a-sprint-4-2026.08.03,Assets/_Project/Content/Configs/Weapons/STAR_FRONTIER_WeaponConfig_300_config_fields_RU_no_enemy_types_v0.9_cargo_rules.csv,common WeaponConfig IDs are reused by all ally types; difference is in WeaponGroupConfig composition.
weapon_group_ally_civilian_transport_L03_03,"Транспорт — уровень 3, вариант 3","Гражданский транспорт с оборонительным вооружением: слабее медиков, но лучше гражданских/торговцев. Strict-level: 3; weapon count: 2; primary focus: точность. Tier-mix intentionally avoids mono-tier groups when weaponCount > 1.",3,Ally,CivilianTransport,,2,4 — after Medic,PlayerAndRangers,common,3,2,303,Silver + Bronze,laser + pulse,weapon_common_laser_silver_L03_01,weapon_common_pulse_bronze_L03_01,,,,2,OK,OK,OK,OK,OK,OK,OK,OK,stage-2a-sprint-4-2026.08.03,Assets/_Project/Content/Configs/Weapons/STAR_FRONTIER_WeaponConfig_300_config_fields_RU_no_enemy_types_v0.9_cargo_rules.csv,common WeaponConfig IDs are reused by all ally types; difference is in WeaponGroupConfig composition.
weapon_group_ally_civilian_transport_L03_04,"Транспорт — уровень 3, вариант 4","Гражданский транспорт с оборонительным вооружением: слабее медиков, но лучше гражданских/торговцев. Strict-level: 3; weapon count: 2; primary focus: тяжёлый залп. Tier-mix intentionally avoids mono-tier groups when weaponCount > 1.",3,Ally,CivilianTransport,,2,4 — after Medic,PlayerAndRangers,common,4,2,305,Silver + Bronze,plasma + laser,weapon_common_plasma_silver_L03_01,weapon_common_laser_bronze_L03_01,,,,2,OK,OK,OK,OK,OK,OK,OK,OK,stage-2a-sprint-4-2026.08.03,Assets/_Project/Content/Configs/Weapons/STAR_FRONTIER_WeaponConfig_300_config_fields_RU_no_enemy_types_v0.9_cargo_rules.csv,common WeaponConfig IDs are reused by all ally types; difference is in WeaponGroupConfig composition.
weapon_group_ally_civilian_transport_L03_05,"Транспорт — уровень 3, вариант 5","Гражданский транспорт с оборонительным вооружением: слабее медиков, но лучше гражданских/торговцев. Strict-level: 3; weapon count: 2; primary focus: точность. Tier-mix intentionally avoids mono-tier groups when weaponCount > 1.",3,Ally,CivilianTransport,,2,4 — after Medic,PlayerAndRangers,common,5,2,303,Silver + Bronze,laser + pulse,weapon_common_laser_silver_L03_01,weapon_common_pulse_bronze_L03_01,,,,2,OK,OK,OK,OK,OK,OK,OK,OK,stage-2a-sprint-4-2026.08.03,Assets/_Project/Content/Configs/Weapons/STAR_FRONTIER_WeaponConfig_300_config_fields_RU_no_enemy_types_v0.9_cargo_rules.csv,common WeaponConfig IDs are reused by all ally types; difference is in WeaponGroupConfig composition.
weapon_group_ally_civilian_transport_L04_01,"Транспорт — уровень 4, вариант 1","Гражданский транспорт с оборонительным вооружением: слабее медиков, но лучше гражданских/торговцев. Strict-level: 4; weapon count: 2; primary focus: точность. Tier-mix intentionally avoids mono-tier groups when weaponCount > 1.",4,Ally,CivilianTransport,,2,4 — after Medic,PlayerAndRangers,common,1,2,303,Silver + Bronze,laser + pulse,weapon_common_laser_silver_L04_01,weapon_common_pulse_bronze_L04_01,,,,2,OK,OK,OK,OK,OK,OK,OK,OK,stage-2a-sprint-4-2026.08.03,Assets/_Project/Content/Configs/Weapons/STAR_FRONTIER_WeaponConfig_300_config_fields_RU_no_enemy_types_v0.9_cargo_rules.csv,common WeaponConfig IDs are reused by all ally types; difference is in WeaponGroupConfig composition.
weapon_group_ally_civilian_transport_L04_02,"Транспорт — уровень 4, вариант 2","Гражданский транспорт с оборонительным вооружением: слабее медиков, но лучше гражданских/торговцев. Strict-level: 4; weapon count: 2; primary focus: точность. Tier-mix intentionally avoids mono-tier groups when weaponCount > 1.",4,Ally,CivilianTransport,,2,4 — after Medic,PlayerAndRangers,common,2,2,303,Silver + Bronze,laser + pulse,weapon_common_laser_silver_L04_01,weapon_common_pulse_bronze_L04_01,,,,2,OK,OK,OK,OK,OK,OK,OK,OK,stage-2a-sprint-4-2026.08.03,Assets/_Project/Content/Configs/Weapons/STAR_FRONTIER_WeaponConfig_300_config_fields_RU_no_enemy_types_v0.9_cargo_rules.csv,common WeaponConfig IDs are reused by all ally types; difference is in WeaponGroupConfig composition.
weapon_group_ally_civilian_transport_L04_03,"Транспорт — уровень 4, вариант 3","Гражданский транспорт с оборонительным вооружением: слабее медиков, но лучше гражданских/торговцев. Strict-level: 4; weapon count: 2; primary focus: точность. Tier-mix intentionally avoids mono-tier groups when weaponCount > 1.",4,Ally,CivilianTransport,,2,4 — after Medic,PlayerAndRangers,common,3,2,303,Silver + Bronze,laser + pulse,weapon_common_laser_silver_L04_01,weapon_common_pulse_bronze_L04_01,,,,2,OK,OK,OK,OK,OK,OK,OK,OK,stage-2a-sprint-4-2026.08.03,Assets/_Project/Content/Configs/Weapons/STAR_FRONTIER_WeaponConfig_300_config_fields_RU_no_enemy_types_v0.9_cargo_rules.csv,common WeaponConfig IDs are reused by all ally types; difference is in WeaponGroupConfig composition.
weapon_group_ally_civilian_transport_L04_04,"Транспорт — уровень 4, вариант 4","Гражданский транспорт с оборонительным вооружением: слабее медиков, но лучше гражданских/торговцев. Strict-level: 4; weapon count: 2; primary focus: тяжёлый залп. Tier-mix intentionally avoids mono-tier groups when weaponCount > 1.",4,Ally,CivilianTransport,,2,4 — after Medic,PlayerAndRangers,common,4,2,305,Silver + Bronze,plasma + laser,weapon_common_plasma_silver_L04_01,weapon_common_laser_bronze_L04_01,,,,2,OK,OK,OK,OK,OK,OK,OK,OK,stage-2a-sprint-4-2026.08.03,Assets/_Project/Content/Configs/Weapons/STAR_FRONTIER_WeaponConfig_300_config_fields_RU_no_enemy_types_v0.9_cargo_rules.csv,common WeaponConfig IDs are reused by all ally types; difference is in WeaponGroupConfig composition.
weapon_group_ally_civilian_transport_L04_05,"Транспорт — уровень 4, вариант 5","Гражданский транспорт с оборонительным вооружением: слабее медиков, но лучше гражданских/торговцев. Strict-level: 4; weapon count: 2; primary focus: точность. Tier-mix intentionally avoids mono-tier groups when weaponCount > 1.",4,Ally,CivilianTransport,,2,4 — after Medic,PlayerAndRangers,common,5,2,303,Silver + Bronze,laser + pulse,weapon_common_laser_silver_L04_01,weapon_common_pulse_bronze_L04_01,,,,2,OK,OK,OK,OK,OK,OK,OK,OK,stage-2a-sprint-4-2026.08.03,Assets/_Project/Content/Configs/Weapons/STAR_FRONTIER_WeaponConfig_300_config_fields_RU_no_enemy_types_v0.9_cargo_rules.csv,common WeaponConfig IDs are reused by all ally types; difference is in WeaponGroupConfig composition.
weapon_group_ally_civilian_transport_L05_01,"Транспорт — уровень 5, вариант 1","Гражданский транспорт с оборонительным вооружением: слабее медиков, но лучше гражданских/торговцев. Strict-level: 5; weapon count: 3; primary focus: точность. Tier-mix intentionally avoids mono-tier groups when weaponCount > 1.",5,Ally,CivilianTransport,,2,4 — after Medic,PlayerAndRangers,common,1,3,406,Silver + Bronze + Bronze,laser + pulse + plasma,weapon_common_laser_silver_L05_01,weapon_common_pulse_bronze_L05_01,weapon_common_plasma_bronze_L05_01,,,3,OK,OK,OK,OK,OK,OK,OK,OK,stage-2a-sprint-4-2026.08.03,Assets/_Project/Content/Configs/Weapons/STAR_FRONTIER_WeaponConfig_300_config_fields_RU_no_enemy_types_v0.9_cargo_rules.csv,common WeaponConfig IDs are reused by all ally types; difference is in WeaponGroupConfig composition.
weapon_group_ally_civilian_transport_L05_02,"Транспорт — уровень 5, вариант 2","Гражданский транспорт с оборонительным вооружением: слабее медиков, но лучше гражданских/торговцев. Strict-level: 5; weapon count: 3; primary focus: точность. Tier-mix intentionally avoids mono-tier groups when weaponCount > 1.",5,Ally,CivilianTransport,,2,4 — after Medic,PlayerAndRangers,common,2,3,406,Silver + Bronze + Bronze,laser + pulse + plasma,weapon_common_laser_silver_L05_01,weapon_common_pulse_bronze_L05_01,weapon_common_plasma_bronze_L05_01,,,3,OK,OK,OK,OK,OK,OK,OK,OK,stage-2a-sprint-4-2026.08.03,Assets/_Project/Content/Configs/Weapons/STAR_FRONTIER_WeaponConfig_300_config_fields_RU_no_enemy_types_v0.9_cargo_rules.csv,common WeaponConfig IDs are reused by all ally types; difference is in WeaponGroupConfig composition.
weapon_group_ally_civilian_transport_L05_03,"Транспорт — уровень 5, вариант 3","Гражданский транспорт с оборонительным вооружением: слабее медиков, но лучше гражданских/торговцев. Strict-level: 5; weapon count: 3; primary focus: точность. Tier-mix intentionally avoids mono-tier groups when weaponCount > 1.",5,Ally,CivilianTransport,,2,4 — after Medic,PlayerAndRangers,common,3,3,406,Silver + Bronze + Bronze,laser + pulse + plasma,weapon_common_laser_silver_L05_01,weapon_common_pulse_bronze_L05_01,weapon_common_plasma_bronze_L05_01,,,3,OK,OK,OK,OK,OK,OK,OK,OK,stage-2a-sprint-4-2026.08.03,Assets/_Project/Content/Configs/Weapons/STAR_FRONTIER_WeaponConfig_300_config_fields_RU_no_enemy_types_v0.9_cargo_rules.csv,common WeaponConfig IDs are reused by all ally types; difference is in WeaponGroupConfig composition.
weapon_group_ally_civilian_transport_L05_04,"Транспорт — уровень 5, вариант 4","Гражданский транспорт с оборонительным вооружением: слабее медиков, но лучше гражданских/торговцев. Strict-level: 5; weapon count: 3; primary focus: тяжёлый залп. Tier-mix intentionally avoids mono-tier groups when weaponCount > 1.",5,Ally,CivilianTransport,,2,4 — after Medic,PlayerAndRangers,common,4,3,406,Silver + Bronze + Bronze,plasma + laser + pulse,weapon_common_plasma_silver_L05_01,weapon_common_laser_bronze_L05_01,weapon_common_pulse_bronze_L05_01,,,3,OK,OK,OK,OK,OK,OK,OK,OK,stage-2a-sprint-4-2026.08.03,Assets/_Project/Content/Configs/Weapons/STAR_FRONTIER_WeaponConfig_300_config_fields_RU_no_enemy_types_v0.9_cargo_rules.csv,common WeaponConfig IDs are reused by all ally types; difference is in WeaponGroupConfig composition.
weapon_group_ally_civilian_transport_L05_05,"Транспорт — уровень 5, вариант 5","Гражданский транспорт с оборонительным вооружением: слабее медиков, но лучше гражданских/торговцев. Strict-level: 5; weapon count: 3; primary focus: точность. Tier-mix intentionally avoids mono-tier groups when weaponCount > 1.",5,Ally,CivilianTransport,,2,4 — after Medic,PlayerAndRangers,common,5,3,407,Silver + Bronze + Bronze,laser + pulse + railgun,weapon_common_laser_silver_L05_01,weapon_common_pulse_bronze_L05_01,weapon_common_railgun_bronze_L05_01,,,3,OK,OK,OK,OK,OK,OK,OK,OK,stage-2a-sprint-4-2026.08.03,Assets/_Project/Content/Configs/Weapons/STAR_FRONTIER_WeaponConfig_300_config_fields_RU_no_enemy_types_v0.9_cargo_rules.csv,common WeaponConfig IDs are reused by all ally types; difference is in WeaponGroupConfig composition.
weapon_group_ally_civilian_transport_L06_01,"Транспорт — уровень 6, вариант 1","Гражданский транспорт с оборонительным вооружением: слабее медиков, но лучше гражданских/торговцев. Strict-level: 6; weapon count: 3; primary focus: точность. Tier-mix intentionally avoids mono-tier groups when weaponCount > 1.",6,Ally,CivilianTransport,,2,4 — after Medic,PlayerAndRangers,common,1,3,406,Silver + Bronze + Bronze,laser + pulse + plasma,weapon_common_laser_silver_L06_01,weapon_common_pulse_bronze_L06_01,weapon_common_plasma_bronze_L06_01,,,3,OK,OK,OK,OK,OK,OK,OK,OK,stage-2a-sprint-4-2026.08.03,Assets/_Project/Content/Configs/Weapons/STAR_FRONTIER_WeaponConfig_300_config_fields_RU_no_enemy_types_v0.9_cargo_rules.csv,common WeaponConfig IDs are reused by all ally types; difference is in WeaponGroupConfig composition.
weapon_group_ally_civilian_transport_L06_02,"Транспорт — уровень 6, вариант 2","Гражданский транспорт с оборонительным вооружением: слабее медиков, но лучше гражданских/торговцев. Strict-level: 6; weapon count: 3; primary focus: точность. Tier-mix intentionally avoids mono-tier groups when weaponCount > 1.",6,Ally,CivilianTransport,,2,4 — after Medic,PlayerAndRangers,common,2,3,406,Silver + Bronze + Bronze,laser + pulse + plasma,weapon_common_laser_silver_L06_01,weapon_common_pulse_bronze_L06_01,weapon_common_plasma_bronze_L06_01,,,3,OK,OK,OK,OK,OK,OK,OK,OK,stage-2a-sprint-4-2026.08.03,Assets/_Project/Content/Configs/Weapons/STAR_FRONTIER_WeaponConfig_300_config_fields_RU_no_enemy_types_v0.9_cargo_rules.csv,common WeaponConfig IDs are reused by all ally types; difference is in WeaponGroupConfig composition.
weapon_group_ally_civilian_transport_L06_03,"Транспорт — уровень 6, вариант 3","Гражданский транспорт с оборонительным вооружением: слабее медиков, но лучше гражданских/торговцев. Strict-level: 6; weapon count: 3; primary focus: точность. Tier-mix intentionally avoids mono-tier groups when weaponCount > 1.",6,Ally,CivilianTransport,,2,4 — after Medic,PlayerAndRangers,common,3,3,406,Silver + Bronze + Bronze,laser + pulse + plasma,weapon_common_laser_silver_L06_01,weapon_common_pulse_bronze_L06_01,weapon_common_plasma_bronze_L06_01,,,3,OK,OK,OK,OK,OK,OK,OK,OK,stage-2a-sprint-4-2026.08.03,Assets/_Project/Content/Configs/Weapons/STAR_FRONTIER_WeaponConfig_300_config_fields_RU_no_enemy_types_v0.9_cargo_rules.csv,common WeaponConfig IDs are reused by all ally types; difference is in WeaponGroupConfig composition.
weapon_group_ally_civilian_transport_L06_04,"Транспорт — уровень 6, вариант 4","Гражданский транспорт с оборонительным вооружением: слабее медиков, но лучше гражданских/торговцев. Strict-level: 6; weapon count: 3; primary focus: тяжёлый залп. Tier-mix intentionally avoids mono-tier groups when weaponCount > 1.",6,Ally,CivilianTransport,,2,4 — after Medic,PlayerAndRangers,common,4,3,406,Silver + Bronze + Bronze,plasma + laser + pulse,weapon_common_plasma_silver_L06_01,weapon_common_laser_bronze_L06_01,weapon_common_pulse_bronze_L06_01,,,3,OK,OK,OK,OK,OK,OK,OK,OK,stage-2a-sprint-4-2026.08.03,Assets/_Project/Content/Configs/Weapons/STAR_FRONTIER_WeaponConfig_300_config_fields_RU_no_enemy_types_v0.9_cargo_rules.csv,common WeaponConfig IDs are reused by all ally types; difference is in WeaponGroupConfig composition.
weapon_group_ally_civilian_transport_L06_05,"Транспорт — уровень 6, вариант 5","Гражданский транспорт с оборонительным вооружением: слабее медиков, но лучше гражданских/торговцев. Strict-level: 6; weapon count: 3; primary focus: точность. Tier-mix intentionally avoids mono-tier groups when weaponCount > 1.",6,Ally,CivilianTransport,,2,4 — after Medic,PlayerAndRangers,common,5,3,407,Silver + Bronze + Bronze,laser + pulse + railgun,weapon_common_laser_silver_L06_01,weapon_common_pulse_bronze_L06_01,weapon_common_railgun_bronze_L06_01,,,3,OK,OK,OK,OK,OK,OK,OK,OK,stage-2a-sprint-4-2026.08.03,Assets/_Project/Content/Configs/Weapons/STAR_FRONTIER_WeaponConfig_300_config_fields_RU_no_enemy_types_v0.9_cargo_rules.csv,common WeaponConfig IDs are reused by all ally types; difference is in WeaponGroupConfig composition.
weapon_group_ally_civilian_transport_L07_01,"Транспорт — уровень 7, вариант 1","Гражданский транспорт с оборонительным вооружением: слабее медиков, но лучше гражданских/торговцев. Strict-level: 7; weapon count: 4; primary focus: точность. Tier-mix intentionally avoids mono-tier groups when weaponCount > 1.",7,Ally,CivilianTransport,,2,4 — after Medic,PlayerAndRangers,common,1,4,510,Silver + Bronze + Bronze + Bronze,laser + pulse + plasma + railgun,weapon_common_laser_silver_L07_01,weapon_common_pulse_bronze_L07_01,weapon_common_plasma_bronze_L07_01,weapon_common_railgun_bronze_L07_01,,4,OK,OK,OK,OK,OK,OK,OK,OK,stage-2a-sprint-4-2026.08.03,Assets/_Project/Content/Configs/Weapons/STAR_FRONTIER_WeaponConfig_300_config_fields_RU_no_enemy_types_v0.9_cargo_rules.csv,common WeaponConfig IDs are reused by all ally types; difference is in WeaponGroupConfig composition.
weapon_group_ally_civilian_transport_L07_02,"Транспорт — уровень 7, вариант 2","Гражданский транспорт с оборонительным вооружением: слабее медиков, но лучше гражданских/торговцев. Strict-level: 7; weapon count: 4; primary focus: точность. Tier-mix intentionally avoids mono-tier groups when weaponCount > 1.",7,Ally,CivilianTransport,,2,4 — after Medic,PlayerAndRangers,common,2,4,510,Silver + Bronze + Bronze + Bronze,laser + pulse + plasma + railgun,weapon_common_laser_silver_L07_01,weapon_common_pulse_bronze_L07_01,weapon_common_plasma_bronze_L07_01,weapon_common_railgun_bronze_L07_01,,4,OK,OK,OK,OK,OK,OK,OK,OK,stage-2a-sprint-4-2026.08.03,Assets/_Project/Content/Configs/Weapons/STAR_FRONTIER_WeaponConfig_300_config_fields_RU_no_enemy_types_v0.9_cargo_rules.csv,common WeaponConfig IDs are reused by all ally types; difference is in WeaponGroupConfig composition.
weapon_group_ally_civilian_transport_L07_03,"Транспорт — уровень 7, вариант 3","Гражданский транспорт с оборонительным вооружением: слабее медиков, но лучше гражданских/торговцев. Strict-level: 7; weapon count: 4; primary focus: точность. Tier-mix intentionally avoids mono-tier groups when weaponCount > 1.",7,Ally,CivilianTransport,,2,4 — after Medic,PlayerAndRangers,common,3,4,510,Silver + Bronze + Bronze + Bronze,laser + pulse + plasma + railgun,weapon_common_laser_silver_L07_01,weapon_common_pulse_bronze_L07_01,weapon_common_plasma_bronze_L07_01,weapon_common_railgun_bronze_L07_01,,4,OK,OK,OK,OK,OK,OK,OK,OK,stage-2a-sprint-4-2026.08.03,Assets/_Project/Content/Configs/Weapons/STAR_FRONTIER_WeaponConfig_300_config_fields_RU_no_enemy_types_v0.9_cargo_rules.csv,common WeaponConfig IDs are reused by all ally types; difference is in WeaponGroupConfig composition.
weapon_group_ally_civilian_transport_L07_04,"Транспорт — уровень 7, вариант 4","Гражданский транспорт с оборонительным вооружением: слабее медиков, но лучше гражданских/торговцев. Strict-level: 7; weapon count: 4; primary focus: тяжёлый залп. Tier-mix intentionally avoids mono-tier groups when weaponCount > 1.",7,Ally,CivilianTransport,,2,4 — after Medic,PlayerAndRangers,common,4,4,510,Silver + Bronze + Bronze + Bronze,plasma + laser + pulse + railgun,weapon_common_plasma_silver_L07_01,weapon_common_laser_bronze_L07_01,weapon_common_pulse_bronze_L07_01,weapon_common_railgun_bronze_L07_01,,4,OK,OK,OK,OK,OK,OK,OK,OK,stage-2a-sprint-4-2026.08.03,Assets/_Project/Content/Configs/Weapons/STAR_FRONTIER_WeaponConfig_300_config_fields_RU_no_enemy_types_v0.9_cargo_rules.csv,common WeaponConfig IDs are reused by all ally types; difference is in WeaponGroupConfig composition.
weapon_group_ally_civilian_transport_L07_05,"Транспорт — уровень 7, вариант 5","Гражданский транспорт с оборонительным вооружением: слабее медиков, но лучше гражданских/торговцев. Strict-level: 7; weapon count: 4; primary focus: точность. Tier-mix intentionally avoids mono-tier groups when weaponCount > 1.",7,Ally,CivilianTransport,,2,4 — after Medic,PlayerAndRangers,common,5,4,510,Silver + Bronze + Bronze + Bronze,laser + pulse + railgun + plasma,weapon_common_laser_silver_L07_01,weapon_common_pulse_bronze_L07_01,weapon_common_railgun_bronze_L07_01,weapon_common_plasma_bronze_L07_01,,4,OK,OK,OK,OK,OK,OK,OK,OK,stage-2a-sprint-4-2026.08.03,Assets/_Project/Content/Configs/Weapons/STAR_FRONTIER_WeaponConfig_300_config_fields_RU_no_enemy_types_v0.9_cargo_rules.csv,common WeaponConfig IDs are reused by all ally types; difference is in WeaponGroupConfig composition.
weapon_group_ally_civilian_transport_L08_01,"Транспорт — уровень 8, вариант 1","Гражданский транспорт с оборонительным вооружением: слабее медиков, но лучше гражданских/торговцев. Strict-level: 8; weapon count: 4; primary focus: точность. Tier-mix intentionally avoids mono-tier groups when weaponCount > 1.",8,Ally,CivilianTransport,,2,4 — after Medic,PlayerAndRangers,common,1,4,510,Silver + Bronze + Bronze + Bronze,laser + pulse + plasma + railgun,weapon_common_laser_silver_L08_01,weapon_common_pulse_bronze_L08_01,weapon_common_plasma_bronze_L08_01,weapon_common_railgun_bronze_L08_01,,4,OK,OK,OK,OK,OK,OK,OK,OK,stage-2a-sprint-4-2026.08.03,Assets/_Project/Content/Configs/Weapons/STAR_FRONTIER_WeaponConfig_300_config_fields_RU_no_enemy_types_v0.9_cargo_rules.csv,common WeaponConfig IDs are reused by all ally types; difference is in WeaponGroupConfig composition.
weapon_group_ally_civilian_transport_L08_02,"Транспорт — уровень 8, вариант 2","Гражданский транспорт с оборонительным вооружением: слабее медиков, но лучше гражданских/торговцев. Strict-level: 8; weapon count: 4; primary focus: точность. Tier-mix intentionally avoids mono-tier groups when weaponCount > 1.",8,Ally,CivilianTransport,,2,4 — after Medic,PlayerAndRangers,common,2,4,510,Silver + Bronze + Bronze + Bronze,laser + pulse + plasma + railgun,weapon_common_laser_silver_L08_01,weapon_common_pulse_bronze_L08_01,weapon_common_plasma_bronze_L08_01,weapon_common_railgun_bronze_L08_01,,4,OK,OK,OK,OK,OK,OK,OK,OK,stage-2a-sprint-4-2026.08.03,Assets/_Project/Content/Configs/Weapons/STAR_FRONTIER_WeaponConfig_300_config_fields_RU_no_enemy_types_v0.9_cargo_rules.csv,common WeaponConfig IDs are reused by all ally types; difference is in WeaponGroupConfig composition.
weapon_group_ally_civilian_transport_L08_03,"Транспорт — уровень 8, вариант 3","Гражданский транспорт с оборонительным вооружением: слабее медиков, но лучше гражданских/торговцев. Strict-level: 8; weapon count: 4; primary focus: точность. Tier-mix intentionally avoids mono-tier groups when weaponCount > 1.",8,Ally,CivilianTransport,,2,4 — after Medic,PlayerAndRangers,common,3,4,510,Silver + Bronze + Bronze + Bronze,laser + pulse + plasma + railgun,weapon_common_laser_silver_L08_01,weapon_common_pulse_bronze_L08_01,weapon_common_plasma_bronze_L08_01,weapon_common_railgun_bronze_L08_01,,4,OK,OK,OK,OK,OK,OK,OK,OK,stage-2a-sprint-4-2026.08.03,Assets/_Project/Content/Configs/Weapons/STAR_FRONTIER_WeaponConfig_300_config_fields_RU_no_enemy_types_v0.9_cargo_rules.csv,common WeaponConfig IDs are reused by all ally types; difference is in WeaponGroupConfig composition.
weapon_group_ally_civilian_transport_L08_04,"Транспорт — уровень 8, вариант 4","Гражданский транспорт с оборонительным вооружением: слабее медиков, но лучше гражданских/торговцев. Strict-level: 8; weapon count: 4; primary focus: тяжёлый залп. Tier-mix intentionally avoids mono-tier groups when weaponCount > 1.",8,Ally,CivilianTransport,,2,4 — after Medic,PlayerAndRangers,common,4,4,510,Silver + Bronze + Bronze + Bronze,plasma + laser + pulse + railgun,weapon_common_plasma_silver_L08_01,weapon_common_laser_bronze_L08_01,weapon_common_pulse_bronze_L08_01,weapon_common_railgun_bronze_L08_01,,4,OK,OK,OK,OK,OK,OK,OK,OK,stage-2a-sprint-4-2026.08.03,Assets/_Project/Content/Configs/Weapons/STAR_FRONTIER_WeaponConfig_300_config_fields_RU_no_enemy_types_v0.9_cargo_rules.csv,common WeaponConfig IDs are reused by all ally types; difference is in WeaponGroupConfig composition.
weapon_group_ally_civilian_transport_L08_05,"Транспорт — уровень 8, вариант 5","Гражданский транспорт с оборонительным вооружением: слабее медиков, но лучше гражданских/торговцев. Strict-level: 8; weapon count: 4; primary focus: точность. Tier-mix intentionally avoids mono-tier groups when weaponCount > 1.",8,Ally,CivilianTransport,,2,4 — after Medic,PlayerAndRangers,common,5,4,510,Silver + Bronze + Bronze + Bronze,laser + pulse + railgun + plasma,weapon_common_laser_silver_L08_01,weapon_common_pulse_bronze_L08_01,weapon_common_railgun_bronze_L08_01,weapon_common_plasma_bronze_L08_01,,4,OK,OK,OK,OK,OK,OK,OK,OK,stage-2a-sprint-4-2026.08.03,Assets/_Project/Content/Configs/Weapons/STAR_FRONTIER_WeaponConfig_300_config_fields_RU_no_enemy_types_v0.9_cargo_rules.csv,common WeaponConfig IDs are reused by all ally types; difference is in WeaponGroupConfig composition.
weapon_group_ally_civilian_transport_L09_01,"Транспорт — уровень 9, вариант 1","Гражданский транспорт с оборонительным вооружением: слабее медиков, но лучше гражданских/торговцев. Strict-level: 9; weapon count: 5; primary focus: точность. Tier-mix intentionally avoids mono-tier groups when weaponCount > 1.",9,Ally,CivilianTransport,,2,4 — after Medic,PlayerAndRangers,common,1,5,715,Silver + Bronze + Silver + Bronze + Bronze,laser + pulse + plasma + railgun + missile,weapon_common_laser_silver_L09_01,weapon_common_pulse_bronze_L09_01,weapon_common_plasma_silver_L09_01,weapon_common_railgun_bronze_L09_01,weapon_common_missile_bronze_L09_01,5,OK,OK,OK,OK,OK,OK,OK,OK,stage-2a-sprint-4-2026.08.03,Assets/_Project/Content/Configs/Weapons/STAR_FRONTIER_WeaponConfig_300_config_fields_RU_no_enemy_types_v0.9_cargo_rules.csv,common WeaponConfig IDs are reused by all ally types; difference is in WeaponGroupConfig composition.
weapon_group_ally_civilian_transport_L09_02,"Транспорт — уровень 9, вариант 2","Гражданский транспорт с оборонительным вооружением: слабее медиков, но лучше гражданских/торговцев. Strict-level: 9; weapon count: 5; primary focus: точность. Tier-mix intentionally avoids mono-tier groups when weaponCount > 1.",9,Ally,CivilianTransport,,2,4 — after Medic,PlayerAndRangers,common,2,5,715,Silver + Bronze + Silver + Bronze + Bronze,laser + pulse + plasma + railgun + missile,weapon_common_laser_silver_L09_01,weapon_common_pulse_bronze_L09_01,weapon_common_plasma_silver_L09_01,weapon_common_railgun_bronze_L09_01,weapon_common_missile_bronze_L09_01,5,OK,OK,OK,OK,OK,OK,OK,OK,stage-2a-sprint-4-2026.08.03,Assets/_Project/Content/Configs/Weapons/STAR_FRONTIER_WeaponConfig_300_config_fields_RU_no_enemy_types_v0.9_cargo_rules.csv,common WeaponConfig IDs are reused by all ally types; difference is in WeaponGroupConfig composition.
weapon_group_ally_civilian_transport_L09_03,"Транспорт — уровень 9, вариант 3","Гражданский транспорт с оборонительным вооружением: слабее медиков, но лучше гражданских/торговцев. Strict-level: 9; weapon count: 5; primary focus: точность. Tier-mix intentionally avoids mono-tier groups when weaponCount > 1.",9,Ally,CivilianTransport,,2,4 — after Medic,PlayerAndRangers,common,3,5,715,Silver + Bronze + Silver + Bronze + Bronze,laser + pulse + plasma + railgun + missile,weapon_common_laser_silver_L09_01,weapon_common_pulse_bronze_L09_01,weapon_common_plasma_silver_L09_01,weapon_common_railgun_bronze_L09_01,weapon_common_missile_bronze_L09_01,5,OK,OK,OK,OK,OK,OK,OK,OK,stage-2a-sprint-4-2026.08.03,Assets/_Project/Content/Configs/Weapons/STAR_FRONTIER_WeaponConfig_300_config_fields_RU_no_enemy_types_v0.9_cargo_rules.csv,common WeaponConfig IDs are reused by all ally types; difference is in WeaponGroupConfig composition.
weapon_group_ally_civilian_transport_L09_04,"Транспорт — уровень 9, вариант 4","Гражданский транспорт с оборонительным вооружением: слабее медиков, но лучше гражданских/торговцев. Strict-level: 9; weapon count: 5; primary focus: тяжёлый залп. Tier-mix intentionally avoids mono-tier groups when weaponCount > 1.",9,Ally,CivilianTransport,,2,4 — after Medic,PlayerAndRangers,common,4,5,715,Silver + Bronze + Silver + Bronze + Bronze,plasma + laser + pulse + railgun + missile,weapon_common_plasma_silver_L09_01,weapon_common_laser_bronze_L09_01,weapon_common_pulse_silver_L09_01,weapon_common_railgun_bronze_L09_01,weapon_common_missile_bronze_L09_01,5,OK,OK,OK,OK,OK,OK,OK,OK,stage-2a-sprint-4-2026.08.03,Assets/_Project/Content/Configs/Weapons/STAR_FRONTIER_WeaponConfig_300_config_fields_RU_no_enemy_types_v0.9_cargo_rules.csv,common WeaponConfig IDs are reused by all ally types; difference is in WeaponGroupConfig composition.
weapon_group_ally_civilian_transport_L09_05,"Транспорт — уровень 9, вариант 5","Гражданский транспорт с оборонительным вооружением: слабее медиков, но лучше гражданских/торговцев. Strict-level: 9; weapon count: 5; primary focus: точность. Tier-mix intentionally avoids mono-tier groups when weaponCount > 1.",9,Ally,CivilianTransport,,2,4 — after Medic,PlayerAndRangers,common,5,5,715,Silver + Bronze + Silver + Bronze + Bronze,laser + pulse + railgun + plasma + missile,weapon_common_laser_silver_L09_01,weapon_common_pulse_bronze_L09_01,weapon_common_railgun_silver_L09_01,weapon_common_plasma_bronze_L09_01,weapon_common_missile_bronze_L09_01,5,OK,OK,OK,OK,OK,OK,OK,OK,stage-2a-sprint-4-2026.08.03,Assets/_Project/Content/Configs/Weapons/STAR_FRONTIER_WeaponConfig_300_config_fields_RU_no_enemy_types_v0.9_cargo_rules.csv,common WeaponConfig IDs are reused by all ally types; difference is in WeaponGroupConfig composition.
weapon_group_ally_civilian_transport_L10_01,"Транспорт — уровень 10, вариант 1","Гражданский транспорт с оборонительным вооружением: слабее медиков, но лучше гражданских/торговцев. Strict-level: 10; weapon count: 5; primary focus: точность. Tier-mix intentionally avoids mono-tier groups when weaponCount > 1.",10,Ally,CivilianTransport,,2,4 — after Medic,PlayerAndRangers,common,1,5,715,Silver + Bronze + Silver + Bronze + Bronze,laser + pulse + plasma + railgun + missile,weapon_common_laser_silver_L10_01,weapon_common_pulse_bronze_L10_01,weapon_common_plasma_silver_L10_01,weapon_common_railgun_bronze_L10_01,weapon_common_missile_bronze_L10_01,5,OK,OK,OK,OK,OK,OK,OK,OK,stage-2a-sprint-4-2026.08.03,Assets/_Project/Content/Configs/Weapons/STAR_FRONTIER_WeaponConfig_300_config_fields_RU_no_enemy_types_v0.9_cargo_rules.csv,common WeaponConfig IDs are reused by all ally types; difference is in WeaponGroupConfig composition.
weapon_group_ally_civilian_transport_L10_02,"Транспорт — уровень 10, вариант 2","Гражданский транспорт с оборонительным вооружением: слабее медиков, но лучше гражданских/торговцев. Strict-level: 10; weapon count: 5; primary focus: точность. Tier-mix intentionally avoids mono-tier groups when weaponCount > 1.",10,Ally,CivilianTransport,,2,4 — after Medic,PlayerAndRangers,common,2,5,715,Silver + Bronze + Silver + Bronze + Bronze,laser + pulse + plasma + railgun + missile,weapon_common_laser_silver_L10_01,weapon_common_pulse_bronze_L10_01,weapon_common_plasma_silver_L10_01,weapon_common_railgun_bronze_L10_01,weapon_common_missile_bronze_L10_01,5,OK,OK,OK,OK,OK,OK,OK,OK,stage-2a-sprint-4-2026.08.03,Assets/_Project/Content/Configs/Weapons/STAR_FRONTIER_WeaponConfig_300_config_fields_RU_no_enemy_types_v0.9_cargo_rules.csv,common WeaponConfig IDs are reused by all ally types; difference is in WeaponGroupConfig composition.
weapon_group_ally_civilian_transport_L10_03,"Транспорт — уровень 10, вариант 3","Гражданский транспорт с оборонительным вооружением: слабее медиков, но лучше гражданских/торговцев. Strict-level: 10; weapon count: 5; primary focus: точность. Tier-mix intentionally avoids mono-tier groups when weaponCount > 1.",10,Ally,CivilianTransport,,2,4 — after Medic,PlayerAndRangers,common,3,5,715,Silver + Bronze + Silver + Bronze + Bronze,laser + pulse + plasma + railgun + missile,weapon_common_laser_silver_L10_01,weapon_common_pulse_bronze_L10_01,weapon_common_plasma_silver_L10_01,weapon_common_railgun_bronze_L10_01,weapon_common_missile_bronze_L10_01,5,OK,OK,OK,OK,OK,OK,OK,OK,stage-2a-sprint-4-2026.08.03,Assets/_Project/Content/Configs/Weapons/STAR_FRONTIER_WeaponConfig_300_config_fields_RU_no_enemy_types_v0.9_cargo_rules.csv,common WeaponConfig IDs are reused by all ally types; difference is in WeaponGroupConfig composition.
weapon_group_ally_civilian_transport_L10_04,"Транспорт — уровень 10, вариант 4","Гражданский транспорт с оборонительным вооружением: слабее медиков, но лучше гражданских/торговцев. Strict-level: 10; weapon count: 5; primary focus: тяжёлый залп. Tier-mix intentionally avoids mono-tier groups when weaponCount > 1.",10,Ally,CivilianTransport,,2,4 — after Medic,PlayerAndRangers,common,4,5,715,Silver + Bronze + Silver + Bronze + Bronze,plasma + laser + pulse + railgun + missile,weapon_common_plasma_silver_L10_01,weapon_common_laser_bronze_L10_01,weapon_common_pulse_silver_L10_01,weapon_common_railgun_bronze_L10_01,weapon_common_missile_bronze_L10_01,5,OK,OK,OK,OK,OK,OK,OK,OK,stage-2a-sprint-4-2026.08.03,Assets/_Project/Content/Configs/Weapons/STAR_FRONTIER_WeaponConfig_300_config_fields_RU_no_enemy_types_v0.9_cargo_rules.csv,common WeaponConfig IDs are reused by all ally types; difference is in WeaponGroupConfig composition.
weapon_group_ally_civilian_transport_L10_05,"Транспорт — уровень 10, вариант 5","Гражданский транспорт с оборонительным вооружением: слабее медиков, но лучше гражданских/торговцев. Strict-level: 10; weapon count: 5; primary focus: точность. Tier-mix intentionally avoids mono-tier groups when weaponCount > 1.",10,Ally,CivilianTransport,,2,4 — after Medic,PlayerAndRangers,common,5,5,715,Silver + Bronze + Silver + Bronze + Bronze,laser + pulse + railgun + plasma + missile,weapon_common_laser_silver_L10_01,weapon_common_pulse_bronze_L10_01,weapon_common_railgun_silver_L10_01,weapon_common_plasma_bronze_L10_01,weapon_common_missile_bronze_L10_01,5,OK,OK,OK,OK,OK,OK,OK,OK,stage-2a-sprint-4-2026.08.03,Assets/_Project/Content/Configs/Weapons/STAR_FRONTIER_WeaponConfig_300_config_fields_RU_no_enemy_types_v0.9_cargo_rules.csv,common WeaponConfig IDs are reused by all ally types; difference is in WeaponGroupConfig composition.
weapon_group_ally_trader_L01_01,"Гражданские / торговцы — уровень 1, вариант 1",Самые слабые союзные/гражданские группы: минимальное самооборонительное вооружение. Strict-level: 1; weapon count: 1; primary focus: шквальный огонь. Tier-mix intentionally avoids mono-tier groups when weaponCount > 1.,1,Ally,Trader,,1,5 — weakest ally,PlayerAndRangers,common,1,1,101,Bronze,pulse,weapon_common_pulse_bronze_L01_01,,,,,1,OK,OK,OK,OK,OK,N/A_ONE_WEAPON,OK,OK,stage-2a-sprint-4-2026.08.03,Assets/_Project/Content/Configs/Weapons/STAR_FRONTIER_WeaponConfig_300_config_fields_RU_no_enemy_types_v0.9_cargo_rules.csv,common WeaponConfig IDs are reused by all ally types; difference is in WeaponGroupConfig composition.
weapon_group_ally_trader_L01_02,"Гражданские / торговцы — уровень 1, вариант 2",Самые слабые союзные/гражданские группы: минимальное самооборонительное вооружение. Strict-level: 1; weapon count: 1; primary focus: шквальный огонь. Tier-mix intentionally avoids mono-tier groups when weaponCount > 1.,1,Ally,Trader,,1,5 — weakest ally,PlayerAndRangers,common,2,1,101,Bronze,pulse,weapon_common_pulse_bronze_L01_01,,,,,1,OK,OK,OK,OK,OK,N/A_ONE_WEAPON,OK,OK,stage-2a-sprint-4-2026.08.03,Assets/_Project/Content/Configs/Weapons/STAR_FRONTIER_WeaponConfig_300_config_fields_RU_no_enemy_types_v0.9_cargo_rules.csv,common WeaponConfig IDs are reused by all ally types; difference is in WeaponGroupConfig composition.
weapon_group_ally_trader_L01_03,"Гражданские / торговцы — уровень 1, вариант 3",Самые слабые союзные/гражданские группы: минимальное самооборонительное вооружение. Strict-level: 1; weapon count: 1; primary focus: шквальный огонь. Tier-mix intentionally avoids mono-tier groups when weaponCount > 1.,1,Ally,Trader,,1,5 — weakest ally,PlayerAndRangers,common,3,1,101,Bronze,pulse,weapon_common_pulse_bronze_L01_01,,,,,1,OK,OK,OK,OK,OK,N/A_ONE_WEAPON,OK,OK,stage-2a-sprint-4-2026.08.03,Assets/_Project/Content/Configs/Weapons/STAR_FRONTIER_WeaponConfig_300_config_fields_RU_no_enemy_types_v0.9_cargo_rules.csv,common WeaponConfig IDs are reused by all ally types; difference is in WeaponGroupConfig composition.
weapon_group_ally_trader_L01_04,"Гражданские / торговцы — уровень 1, вариант 4",Самые слабые союзные/гражданские группы: минимальное самооборонительное вооружение. Strict-level: 1; weapon count: 1; primary focus: шквальный огонь. Tier-mix intentionally avoids mono-tier groups when weaponCount > 1.,1,Ally,Trader,,1,5 — weakest ally,PlayerAndRangers,common,4,1,101,Bronze,pulse,weapon_common_pulse_bronze_L01_01,,,,,1,OK,OK,OK,OK,OK,N/A_ONE_WEAPON,OK,OK,stage-2a-sprint-4-2026.08.03,Assets/_Project/Content/Configs/Weapons/STAR_FRONTIER_WeaponConfig_300_config_fields_RU_no_enemy_types_v0.9_cargo_rules.csv,common WeaponConfig IDs are reused by all ally types; difference is in WeaponGroupConfig composition.
weapon_group_ally_trader_L01_05,"Гражданские / торговцы — уровень 1, вариант 5",Самые слабые союзные/гражданские группы: минимальное самооборонительное вооружение. Strict-level: 1; weapon count: 1; primary focus: шквальный огонь. Tier-mix intentionally avoids mono-tier groups when weaponCount > 1.,1,Ally,Trader,,1,5 — weakest ally,PlayerAndRangers,common,5,1,101,Bronze,pulse,weapon_common_pulse_bronze_L01_01,,,,,1,OK,OK,OK,OK,OK,N/A_ONE_WEAPON,OK,OK,stage-2a-sprint-4-2026.08.03,Assets/_Project/Content/Configs/Weapons/STAR_FRONTIER_WeaponConfig_300_config_fields_RU_no_enemy_types_v0.9_cargo_rules.csv,common WeaponConfig IDs are reused by all ally types; difference is in WeaponGroupConfig composition.
weapon_group_ally_trader_L02_01,"Гражданские / торговцы — уровень 2, вариант 1",Самые слабые союзные/гражданские группы: минимальное самооборонительное вооружение. Strict-level: 2; weapon count: 1; primary focus: шквальный огонь. Tier-mix intentionally avoids mono-tier groups when weaponCount > 1.,2,Ally,Trader,,1,5 — weakest ally,PlayerAndRangers,common,1,1,101,Bronze,pulse,weapon_common_pulse_bronze_L02_01,,,,,1,OK,OK,OK,OK,OK,N/A_ONE_WEAPON,OK,OK,stage-2a-sprint-4-2026.08.03,Assets/_Project/Content/Configs/Weapons/STAR_FRONTIER_WeaponConfig_300_config_fields_RU_no_enemy_types_v0.9_cargo_rules.csv,common WeaponConfig IDs are reused by all ally types; difference is in WeaponGroupConfig composition.
weapon_group_ally_trader_L02_02,"Гражданские / торговцы — уровень 2, вариант 2",Самые слабые союзные/гражданские группы: минимальное самооборонительное вооружение. Strict-level: 2; weapon count: 1; primary focus: шквальный огонь. Tier-mix intentionally avoids mono-tier groups when weaponCount > 1.,2,Ally,Trader,,1,5 — weakest ally,PlayerAndRangers,common,2,1,101,Bronze,pulse,weapon_common_pulse_bronze_L02_01,,,,,1,OK,OK,OK,OK,OK,N/A_ONE_WEAPON,OK,OK,stage-2a-sprint-4-2026.08.03,Assets/_Project/Content/Configs/Weapons/STAR_FRONTIER_WeaponConfig_300_config_fields_RU_no_enemy_types_v0.9_cargo_rules.csv,common WeaponConfig IDs are reused by all ally types; difference is in WeaponGroupConfig composition.
weapon_group_ally_trader_L02_03,"Гражданские / торговцы — уровень 2, вариант 3",Самые слабые союзные/гражданские группы: минимальное самооборонительное вооружение. Strict-level: 2; weapon count: 1; primary focus: шквальный огонь. Tier-mix intentionally avoids mono-tier groups when weaponCount > 1.,2,Ally,Trader,,1,5 — weakest ally,PlayerAndRangers,common,3,1,101,Bronze,pulse,weapon_common_pulse_bronze_L02_01,,,,,1,OK,OK,OK,OK,OK,N/A_ONE_WEAPON,OK,OK,stage-2a-sprint-4-2026.08.03,Assets/_Project/Content/Configs/Weapons/STAR_FRONTIER_WeaponConfig_300_config_fields_RU_no_enemy_types_v0.9_cargo_rules.csv,common WeaponConfig IDs are reused by all ally types; difference is in WeaponGroupConfig composition.
weapon_group_ally_trader_L02_04,"Гражданские / торговцы — уровень 2, вариант 4",Самые слабые союзные/гражданские группы: минимальное самооборонительное вооружение. Strict-level: 2; weapon count: 1; primary focus: шквальный огонь. Tier-mix intentionally avoids mono-tier groups when weaponCount > 1.,2,Ally,Trader,,1,5 — weakest ally,PlayerAndRangers,common,4,1,101,Bronze,pulse,weapon_common_pulse_bronze_L02_01,,,,,1,OK,OK,OK,OK,OK,N/A_ONE_WEAPON,OK,OK,stage-2a-sprint-4-2026.08.03,Assets/_Project/Content/Configs/Weapons/STAR_FRONTIER_WeaponConfig_300_config_fields_RU_no_enemy_types_v0.9_cargo_rules.csv,common WeaponConfig IDs are reused by all ally types; difference is in WeaponGroupConfig composition.
weapon_group_ally_trader_L02_05,"Гражданские / торговцы — уровень 2, вариант 5",Самые слабые союзные/гражданские группы: минимальное самооборонительное вооружение. Strict-level: 2; weapon count: 1; primary focus: шквальный огонь. Tier-mix intentionally avoids mono-tier groups when weaponCount > 1.,2,Ally,Trader,,1,5 — weakest ally,PlayerAndRangers,common,5,1,101,Bronze,pulse,weapon_common_pulse_bronze_L02_01,,,,,1,OK,OK,OK,OK,OK,N/A_ONE_WEAPON,OK,OK,stage-2a-sprint-4-2026.08.03,Assets/_Project/Content/Configs/Weapons/STAR_FRONTIER_WeaponConfig_300_config_fields_RU_no_enemy_types_v0.9_cargo_rules.csv,common WeaponConfig IDs are reused by all ally types; difference is in WeaponGroupConfig composition.
weapon_group_ally_trader_L03_01,"Гражданские / торговцы — уровень 3, вариант 1",Самые слабые союзные/гражданские группы: минимальное самооборонительное вооружение. Strict-level: 3; weapon count: 2; primary focus: шквальный огонь. Tier-mix intentionally avoids mono-tier groups when weaponCount > 1.,3,Ally,Trader,,1,5 — weakest ally,PlayerAndRangers,common,1,2,302,Silver + Bronze,pulse + pulse,weapon_common_pulse_silver_L03_01,weapon_common_pulse_bronze_L03_01,,,,2,OK,OK,OK,OK,OK,OK,OK,OK,stage-2a-sprint-4-2026.08.03,Assets/_Project/Content/Configs/Weapons/STAR_FRONTIER_WeaponConfig_300_config_fields_RU_no_enemy_types_v0.9_cargo_rules.csv,common WeaponConfig IDs are reused by all ally types; difference is in WeaponGroupConfig composition.
weapon_group_ally_trader_L03_02,"Гражданские / торговцы — уровень 3, вариант 2",Самые слабые союзные/гражданские группы: минимальное самооборонительное вооружение. Strict-level: 3; weapon count: 2; primary focus: шквальный огонь. Tier-mix intentionally avoids mono-tier groups when weaponCount > 1.,3,Ally,Trader,,1,5 — weakest ally,PlayerAndRangers,common,2,2,302,Silver + Bronze,pulse + pulse,weapon_common_pulse_silver_L03_01,weapon_common_pulse_bronze_L03_01,,,,2,OK,OK,OK,OK,OK,OK,OK,OK,stage-2a-sprint-4-2026.08.03,Assets/_Project/Content/Configs/Weapons/STAR_FRONTIER_WeaponConfig_300_config_fields_RU_no_enemy_types_v0.9_cargo_rules.csv,common WeaponConfig IDs are reused by all ally types; difference is in WeaponGroupConfig composition.
weapon_group_ally_trader_L03_03,"Гражданские / торговцы — уровень 3, вариант 3",Самые слабые союзные/гражданские группы: минимальное самооборонительное вооружение. Strict-level: 3; weapon count: 2; primary focus: шквальный огонь. Tier-mix intentionally avoids mono-tier groups when weaponCount > 1.,3,Ally,Trader,,1,5 — weakest ally,PlayerAndRangers,common,3,2,302,Silver + Bronze,pulse + pulse,weapon_common_pulse_silver_L03_01,weapon_common_pulse_bronze_L03_01,,,,2,OK,OK,OK,OK,OK,OK,OK,OK,stage-2a-sprint-4-2026.08.03,Assets/_Project/Content/Configs/Weapons/STAR_FRONTIER_WeaponConfig_300_config_fields_RU_no_enemy_types_v0.9_cargo_rules.csv,common WeaponConfig IDs are reused by all ally types; difference is in WeaponGroupConfig composition.
weapon_group_ally_trader_L03_04,"Гражданские / торговцы — уровень 3, вариант 4",Самые слабые союзные/гражданские группы: минимальное самооборонительное вооружение. Strict-level: 3; weapon count: 2; primary focus: шквальный огонь. Tier-mix intentionally avoids mono-tier groups when weaponCount > 1.,3,Ally,Trader,,1,5 — weakest ally,PlayerAndRangers,common,4,2,302,Silver + Bronze,pulse + pulse,weapon_common_pulse_silver_L03_01,weapon_common_pulse_bronze_L03_01,,,,2,OK,OK,OK,OK,OK,OK,OK,OK,stage-2a-sprint-4-2026.08.03,Assets/_Project/Content/Configs/Weapons/STAR_FRONTIER_WeaponConfig_300_config_fields_RU_no_enemy_types_v0.9_cargo_rules.csv,common WeaponConfig IDs are reused by all ally types; difference is in WeaponGroupConfig composition.
weapon_group_ally_trader_L03_05,"Гражданские / торговцы — уровень 3, вариант 5",Самые слабые союзные/гражданские группы: минимальное самооборонительное вооружение. Strict-level: 3; weapon count: 2; primary focus: шквальный огонь. Tier-mix intentionally avoids mono-tier groups when weaponCount > 1.,3,Ally,Trader,,1,5 — weakest ally,PlayerAndRangers,common,5,2,302,Silver + Bronze,pulse + pulse,weapon_common_pulse_silver_L03_01,weapon_common_pulse_bronze_L03_01,,,,2,OK,OK,OK,OK,OK,OK,OK,OK,stage-2a-sprint-4-2026.08.03,Assets/_Project/Content/Configs/Weapons/STAR_FRONTIER_WeaponConfig_300_config_fields_RU_no_enemy_types_v0.9_cargo_rules.csv,common WeaponConfig IDs are reused by all ally types; difference is in WeaponGroupConfig composition.
weapon_group_ally_trader_L04_01,"Гражданские / торговцы — уровень 4, вариант 1",Самые слабые союзные/гражданские группы: минимальное самооборонительное вооружение. Strict-level: 4; weapon count: 2; primary focus: шквальный огонь. Tier-mix intentionally avoids mono-tier groups when weaponCount > 1.,4,Ally,Trader,,1,5 — weakest ally,PlayerAndRangers,common,1,2,302,Silver + Bronze,pulse + pulse,weapon_common_pulse_silver_L04_01,weapon_common_pulse_bronze_L04_01,,,,2,OK,OK,OK,OK,OK,OK,OK,OK,stage-2a-sprint-4-2026.08.03,Assets/_Project/Content/Configs/Weapons/STAR_FRONTIER_WeaponConfig_300_config_fields_RU_no_enemy_types_v0.9_cargo_rules.csv,common WeaponConfig IDs are reused by all ally types; difference is in WeaponGroupConfig composition.
weapon_group_ally_trader_L04_02,"Гражданские / торговцы — уровень 4, вариант 2",Самые слабые союзные/гражданские группы: минимальное самооборонительное вооружение. Strict-level: 4; weapon count: 2; primary focus: шквальный огонь. Tier-mix intentionally avoids mono-tier groups when weaponCount > 1.,4,Ally,Trader,,1,5 — weakest ally,PlayerAndRangers,common,2,2,302,Silver + Bronze,pulse + pulse,weapon_common_pulse_silver_L04_01,weapon_common_pulse_bronze_L04_01,,,,2,OK,OK,OK,OK,OK,OK,OK,OK,stage-2a-sprint-4-2026.08.03,Assets/_Project/Content/Configs/Weapons/STAR_FRONTIER_WeaponConfig_300_config_fields_RU_no_enemy_types_v0.9_cargo_rules.csv,common WeaponConfig IDs are reused by all ally types; difference is in WeaponGroupConfig composition.
weapon_group_ally_trader_L04_03,"Гражданские / торговцы — уровень 4, вариант 3",Самые слабые союзные/гражданские группы: минимальное самооборонительное вооружение. Strict-level: 4; weapon count: 2; primary focus: шквальный огонь. Tier-mix intentionally avoids mono-tier groups when weaponCount > 1.,4,Ally,Trader,,1,5 — weakest ally,PlayerAndRangers,common,3,2,302,Silver + Bronze,pulse + pulse,weapon_common_pulse_silver_L04_01,weapon_common_pulse_bronze_L04_01,,,,2,OK,OK,OK,OK,OK,OK,OK,OK,stage-2a-sprint-4-2026.08.03,Assets/_Project/Content/Configs/Weapons/STAR_FRONTIER_WeaponConfig_300_config_fields_RU_no_enemy_types_v0.9_cargo_rules.csv,common WeaponConfig IDs are reused by all ally types; difference is in WeaponGroupConfig composition.
weapon_group_ally_trader_L04_04,"Гражданские / торговцы — уровень 4, вариант 4",Самые слабые союзные/гражданские группы: минимальное самооборонительное вооружение. Strict-level: 4; weapon count: 2; primary focus: шквальный огонь. Tier-mix intentionally avoids mono-tier groups when weaponCount > 1.,4,Ally,Trader,,1,5 — weakest ally,PlayerAndRangers,common,4,2,302,Silver + Bronze,pulse + pulse,weapon_common_pulse_silver_L04_01,weapon_common_pulse_bronze_L04_01,,,,2,OK,OK,OK,OK,OK,OK,OK,OK,stage-2a-sprint-4-2026.08.03,Assets/_Project/Content/Configs/Weapons/STAR_FRONTIER_WeaponConfig_300_config_fields_RU_no_enemy_types_v0.9_cargo_rules.csv,common WeaponConfig IDs are reused by all ally types; difference is in WeaponGroupConfig composition.
weapon_group_ally_trader_L04_05,"Гражданские / торговцы — уровень 4, вариант 5",Самые слабые союзные/гражданские группы: минимальное самооборонительное вооружение. Strict-level: 4; weapon count: 2; primary focus: шквальный огонь. Tier-mix intentionally avoids mono-tier groups when weaponCount > 1.,4,Ally,Trader,,1,5 — weakest ally,PlayerAndRangers,common,5,2,302,Silver + Bronze,pulse + pulse,weapon_common_pulse_silver_L04_01,weapon_common_pulse_bronze_L04_01,,,,2,OK,OK,OK,OK,OK,OK,OK,OK,stage-2a-sprint-4-2026.08.03,Assets/_Project/Content/Configs/Weapons/STAR_FRONTIER_WeaponConfig_300_config_fields_RU_no_enemy_types_v0.9_cargo_rules.csv,common WeaponConfig IDs are reused by all ally types; difference is in WeaponGroupConfig composition.
weapon_group_ally_trader_L05_01,"Гражданские / торговцы — уровень 5, вариант 1",Самые слабые союзные/гражданские группы: минимальное самооборонительное вооружение. Strict-level: 5; weapon count: 3; primary focus: шквальный огонь. Tier-mix intentionally avoids mono-tier groups when weaponCount > 1.,5,Ally,Trader,,1,5 — weakest ally,PlayerAndRangers,common,1,3,404,Bronze + Silver + Bronze,pulse + pulse + laser,weapon_common_pulse_bronze_L05_01,weapon_common_pulse_silver_L05_01,weapon_common_laser_bronze_L05_01,,,3,OK,OK,OK,OK,OK,OK,OK,OK,stage-2a-sprint-4-2026.08.03,Assets/_Project/Content/Configs/Weapons/STAR_FRONTIER_WeaponConfig_300_config_fields_RU_no_enemy_types_v0.9_cargo_rules.csv,common WeaponConfig IDs are reused by all ally types; difference is in WeaponGroupConfig composition.
weapon_group_ally_trader_L05_02,"Гражданские / торговцы — уровень 5, вариант 2",Самые слабые союзные/гражданские группы: минимальное самооборонительное вооружение. Strict-level: 5; weapon count: 3; primary focus: шквальный огонь. Tier-mix intentionally avoids mono-tier groups when weaponCount > 1.,5,Ally,Trader,,1,5 — weakest ally,PlayerAndRangers,common,2,3,405,Bronze + Silver + Bronze,pulse + pulse + plasma,weapon_common_pulse_bronze_L05_01,weapon_common_pulse_silver_L05_01,weapon_common_plasma_bronze_L05_01,,,3,OK,OK,OK,OK,OK,OK,OK,OK,stage-2a-sprint-4-2026.08.03,Assets/_Project/Content/Configs/Weapons/STAR_FRONTIER_WeaponConfig_300_config_fields_RU_no_enemy_types_v0.9_cargo_rules.csv,common WeaponConfig IDs are reused by all ally types; difference is in WeaponGroupConfig composition.
weapon_group_ally_trader_L05_03,"Гражданские / торговцы — уровень 5, вариант 3",Самые слабые союзные/гражданские группы: минимальное самооборонительное вооружение. Strict-level: 5; weapon count: 3; primary focus: шквальный огонь. Tier-mix intentionally avoids mono-tier groups when weaponCount > 1.,5,Ally,Trader,,1,5 — weakest ally,PlayerAndRangers,common,3,3,404,Bronze + Silver + Bronze,pulse + pulse + laser,weapon_common_pulse_bronze_L05_01,weapon_common_pulse_silver_L05_01,weapon_common_laser_bronze_L05_01,,,3,OK,OK,OK,OK,OK,OK,OK,OK,stage-2a-sprint-4-2026.08.03,Assets/_Project/Content/Configs/Weapons/STAR_FRONTIER_WeaponConfig_300_config_fields_RU_no_enemy_types_v0.9_cargo_rules.csv,common WeaponConfig IDs are reused by all ally types; difference is in WeaponGroupConfig composition.
weapon_group_ally_trader_L05_04,"Гражданские / торговцы — уровень 5, вариант 4",Самые слабые союзные/гражданские группы: минимальное самооборонительное вооружение. Strict-level: 5; weapon count: 3; primary focus: шквальный огонь. Tier-mix intentionally avoids mono-tier groups when weaponCount > 1.,5,Ally,Trader,,1,5 — weakest ally,PlayerAndRangers,common,4,3,404,Bronze + Silver + Bronze,pulse + pulse + laser,weapon_common_pulse_bronze_L05_01,weapon_common_pulse_silver_L05_01,weapon_common_laser_bronze_L05_01,,,3,OK,OK,OK,OK,OK,OK,OK,OK,stage-2a-sprint-4-2026.08.03,Assets/_Project/Content/Configs/Weapons/STAR_FRONTIER_WeaponConfig_300_config_fields_RU_no_enemy_types_v0.9_cargo_rules.csv,common WeaponConfig IDs are reused by all ally types; difference is in WeaponGroupConfig composition.
weapon_group_ally_trader_L05_05,"Гражданские / торговцы — уровень 5, вариант 5",Самые слабые союзные/гражданские группы: минимальное самооборонительное вооружение. Strict-level: 5; weapon count: 3; primary focus: шквальный огонь. Tier-mix intentionally avoids mono-tier groups when weaponCount > 1.,5,Ally,Trader,,1,5 — weakest ally,PlayerAndRangers,common,5,3,404,Bronze + Silver + Bronze,pulse + pulse + laser,weapon_common_pulse_bronze_L05_01,weapon_common_pulse_silver_L05_01,weapon_common_laser_bronze_L05_01,,,3,OK,OK,OK,OK,OK,OK,OK,OK,stage-2a-sprint-4-2026.08.03,Assets/_Project/Content/Configs/Weapons/STAR_FRONTIER_WeaponConfig_300_config_fields_RU_no_enemy_types_v0.9_cargo_rules.csv,common WeaponConfig IDs are reused by all ally types; difference is in WeaponGroupConfig composition.
weapon_group_ally_trader_L06_01,"Гражданские / торговцы — уровень 6, вариант 1",Самые слабые союзные/гражданские группы: минимальное самооборонительное вооружение. Strict-level: 6; weapon count: 3; primary focus: шквальный огонь. Tier-mix intentionally avoids mono-tier groups when weaponCount > 1.,6,Ally,Trader,,1,5 — weakest ally,PlayerAndRangers,common,1,3,404,Bronze + Silver + Bronze,pulse + pulse + laser,weapon_common_pulse_bronze_L06_01,weapon_common_pulse_silver_L06_01,weapon_common_laser_bronze_L06_01,,,3,OK,OK,OK,OK,OK,OK,OK,OK,stage-2a-sprint-4-2026.08.03,Assets/_Project/Content/Configs/Weapons/STAR_FRONTIER_WeaponConfig_300_config_fields_RU_no_enemy_types_v0.9_cargo_rules.csv,common WeaponConfig IDs are reused by all ally types; difference is in WeaponGroupConfig composition.
weapon_group_ally_trader_L06_02,"Гражданские / торговцы — уровень 6, вариант 2",Самые слабые союзные/гражданские группы: минимальное самооборонительное вооружение. Strict-level: 6; weapon count: 3; primary focus: шквальный огонь. Tier-mix intentionally avoids mono-tier groups when weaponCount > 1.,6,Ally,Trader,,1,5 — weakest ally,PlayerAndRangers,common,2,3,405,Bronze + Silver + Bronze,pulse + pulse + plasma,weapon_common_pulse_bronze_L06_01,weapon_common_pulse_silver_L06_01,weapon_common_plasma_bronze_L06_01,,,3,OK,OK,OK,OK,OK,OK,OK,OK,stage-2a-sprint-4-2026.08.03,Assets/_Project/Content/Configs/Weapons/STAR_FRONTIER_WeaponConfig_300_config_fields_RU_no_enemy_types_v0.9_cargo_rules.csv,common WeaponConfig IDs are reused by all ally types; difference is in WeaponGroupConfig composition.
weapon_group_ally_trader_L06_03,"Гражданские / торговцы — уровень 6, вариант 3",Самые слабые союзные/гражданские группы: минимальное самооборонительное вооружение. Strict-level: 6; weapon count: 3; primary focus: шквальный огонь. Tier-mix intentionally avoids mono-tier groups when weaponCount > 1.,6,Ally,Trader,,1,5 — weakest ally,PlayerAndRangers,common,3,3,404,Bronze + Silver + Bronze,pulse + pulse + laser,weapon_common_pulse_bronze_L06_01,weapon_common_pulse_silver_L06_01,weapon_common_laser_bronze_L06_01,,,3,OK,OK,OK,OK,OK,OK,OK,OK,stage-2a-sprint-4-2026.08.03,Assets/_Project/Content/Configs/Weapons/STAR_FRONTIER_WeaponConfig_300_config_fields_RU_no_enemy_types_v0.9_cargo_rules.csv,common WeaponConfig IDs are reused by all ally types; difference is in WeaponGroupConfig composition.
weapon_group_ally_trader_L06_04,"Гражданские / торговцы — уровень 6, вариант 4",Самые слабые союзные/гражданские группы: минимальное самооборонительное вооружение. Strict-level: 6; weapon count: 3; primary focus: шквальный огонь. Tier-mix intentionally avoids mono-tier groups when weaponCount > 1.,6,Ally,Trader,,1,5 — weakest ally,PlayerAndRangers,common,4,3,404,Bronze + Silver + Bronze,pulse + pulse + laser,weapon_common_pulse_bronze_L06_01,weapon_common_pulse_silver_L06_01,weapon_common_laser_bronze_L06_01,,,3,OK,OK,OK,OK,OK,OK,OK,OK,stage-2a-sprint-4-2026.08.03,Assets/_Project/Content/Configs/Weapons/STAR_FRONTIER_WeaponConfig_300_config_fields_RU_no_enemy_types_v0.9_cargo_rules.csv,common WeaponConfig IDs are reused by all ally types; difference is in WeaponGroupConfig composition.
weapon_group_ally_trader_L06_05,"Гражданские / торговцы — уровень 6, вариант 5",Самые слабые союзные/гражданские группы: минимальное самооборонительное вооружение. Strict-level: 6; weapon count: 3; primary focus: шквальный огонь. Tier-mix intentionally avoids mono-tier groups when weaponCount > 1.,6,Ally,Trader,,1,5 — weakest ally,PlayerAndRangers,common,5,3,404,Bronze + Silver + Bronze,pulse + pulse + laser,weapon_common_pulse_bronze_L06_01,weapon_common_pulse_silver_L06_01,weapon_common_laser_bronze_L06_01,,,3,OK,OK,OK,OK,OK,OK,OK,OK,stage-2a-sprint-4-2026.08.03,Assets/_Project/Content/Configs/Weapons/STAR_FRONTIER_WeaponConfig_300_config_fields_RU_no_enemy_types_v0.9_cargo_rules.csv,common WeaponConfig IDs are reused by all ally types; difference is in WeaponGroupConfig composition.
weapon_group_ally_trader_L07_01,"Гражданские / торговцы — уровень 7, вариант 1",Самые слабые союзные/гражданские группы: минимальное самооборонительное вооружение. Strict-level: 7; weapon count: 4; primary focus: шквальный огонь. Tier-mix intentionally avoids mono-tier groups when weaponCount > 1.,7,Ally,Trader,,1,5 — weakest ally,PlayerAndRangers,common,1,4,507,Bronze + Silver + Bronze + Bronze,pulse + pulse + laser + plasma,weapon_common_pulse_bronze_L07_01,weapon_common_pulse_silver_L07_01,weapon_common_laser_bronze_L07_01,weapon_common_plasma_bronze_L07_01,,4,OK,OK,OK,OK,OK,OK,OK,OK,stage-2a-sprint-4-2026.08.03,Assets/_Project/Content/Configs/Weapons/STAR_FRONTIER_WeaponConfig_300_config_fields_RU_no_enemy_types_v0.9_cargo_rules.csv,common WeaponConfig IDs are reused by all ally types; difference is in WeaponGroupConfig composition.
weapon_group_ally_trader_L07_02,"Гражданские / торговцы — уровень 7, вариант 2",Самые слабые союзные/гражданские группы: минимальное самооборонительное вооружение. Strict-level: 7; weapon count: 4; primary focus: шквальный огонь. Tier-mix intentionally avoids mono-tier groups when weaponCount > 1.,7,Ally,Trader,,1,5 — weakest ally,PlayerAndRangers,common,2,4,507,Bronze + Silver + Bronze + Bronze,pulse + pulse + plasma + laser,weapon_common_pulse_bronze_L07_01,weapon_common_pulse_silver_L07_01,weapon_common_plasma_bronze_L07_01,weapon_common_laser_bronze_L07_01,,4,OK,OK,OK,OK,OK,OK,OK,OK,stage-2a-sprint-4-2026.08.03,Assets/_Project/Content/Configs/Weapons/STAR_FRONTIER_WeaponConfig_300_config_fields_RU_no_enemy_types_v0.9_cargo_rules.csv,common WeaponConfig IDs are reused by all ally types; difference is in WeaponGroupConfig composition.
weapon_group_ally_trader_L07_03,"Гражданские / торговцы — уровень 7, вариант 3",Самые слабые союзные/гражданские группы: минимальное самооборонительное вооружение. Strict-level: 7; weapon count: 4; primary focus: шквальный огонь. Tier-mix intentionally avoids mono-tier groups when weaponCount > 1.,7,Ally,Trader,,1,5 — weakest ally,PlayerAndRangers,common,3,4,508,Bronze + Silver + Bronze + Bronze,pulse + pulse + laser + railgun,weapon_common_pulse_bronze_L07_01,weapon_common_pulse_silver_L07_01,weapon_common_laser_bronze_L07_01,weapon_common_railgun_bronze_L07_01,,4,OK,OK,OK,OK,OK,OK,OK,OK,stage-2a-sprint-4-2026.08.03,Assets/_Project/Content/Configs/Weapons/STAR_FRONTIER_WeaponConfig_300_config_fields_RU_no_enemy_types_v0.9_cargo_rules.csv,common WeaponConfig IDs are reused by all ally types; difference is in WeaponGroupConfig composition.
weapon_group_ally_trader_L07_04,"Гражданские / торговцы — уровень 7, вариант 4",Самые слабые союзные/гражданские группы: минимальное самооборонительное вооружение. Strict-level: 7; weapon count: 4; primary focus: шквальный огонь. Tier-mix intentionally avoids mono-tier groups when weaponCount > 1.,7,Ally,Trader,,1,5 — weakest ally,PlayerAndRangers,common,4,4,508,Bronze + Silver + Bronze + Bronze,pulse + pulse + laser + railgun,weapon_common_pulse_bronze_L07_01,weapon_common_pulse_silver_L07_01,weapon_common_laser_bronze_L07_01,weapon_common_railgun_bronze_L07_01,,4,OK,OK,OK,OK,OK,OK,OK,OK,stage-2a-sprint-4-2026.08.03,Assets/_Project/Content/Configs/Weapons/STAR_FRONTIER_WeaponConfig_300_config_fields_RU_no_enemy_types_v0.9_cargo_rules.csv,common WeaponConfig IDs are reused by all ally types; difference is in WeaponGroupConfig composition.
weapon_group_ally_trader_L07_05,"Гражданские / торговцы — уровень 7, вариант 5",Самые слабые союзные/гражданские группы: минимальное самооборонительное вооружение. Strict-level: 7; weapon count: 4; primary focus: шквальный огонь. Tier-mix intentionally avoids mono-tier groups when weaponCount > 1.,7,Ally,Trader,,1,5 — weakest ally,PlayerAndRangers,common,5,4,507,Bronze + Silver + Bronze + Bronze,pulse + pulse + laser + plasma,weapon_common_pulse_bronze_L07_01,weapon_common_pulse_silver_L07_01,weapon_common_laser_bronze_L07_01,weapon_common_plasma_bronze_L07_01,,4,OK,OK,OK,OK,OK,OK,OK,OK,stage-2a-sprint-4-2026.08.03,Assets/_Project/Content/Configs/Weapons/STAR_FRONTIER_WeaponConfig_300_config_fields_RU_no_enemy_types_v0.9_cargo_rules.csv,common WeaponConfig IDs are reused by all ally types; difference is in WeaponGroupConfig composition.
weapon_group_ally_trader_L08_01,"Гражданские / торговцы — уровень 8, вариант 1",Самые слабые союзные/гражданские группы: минимальное самооборонительное вооружение. Strict-level: 8; weapon count: 4; primary focus: шквальный огонь. Tier-mix intentionally avoids mono-tier groups when weaponCount > 1.,8,Ally,Trader,,1,5 — weakest ally,PlayerAndRangers,common,1,4,507,Bronze + Silver + Bronze + Bronze,pulse + pulse + laser + plasma,weapon_common_pulse_bronze_L08_01,weapon_common_pulse_silver_L08_01,weapon_common_laser_bronze_L08_01,weapon_common_plasma_bronze_L08_01,,4,OK,OK,OK,OK,OK,OK,OK,OK,stage-2a-sprint-4-2026.08.03,Assets/_Project/Content/Configs/Weapons/STAR_FRONTIER_WeaponConfig_300_config_fields_RU_no_enemy_types_v0.9_cargo_rules.csv,common WeaponConfig IDs are reused by all ally types; difference is in WeaponGroupConfig composition.
weapon_group_ally_trader_L08_02,"Гражданские / торговцы — уровень 8, вариант 2",Самые слабые союзные/гражданские группы: минимальное самооборонительное вооружение. Strict-level: 8; weapon count: 4; primary focus: шквальный огонь. Tier-mix intentionally avoids mono-tier groups when weaponCount > 1.,8,Ally,Trader,,1,5 — weakest ally,PlayerAndRangers,common,2,4,507,Bronze + Silver + Bronze + Bronze,pulse + pulse + plasma + laser,weapon_common_pulse_bronze_L08_01,weapon_common_pulse_silver_L08_01,weapon_common_plasma_bronze_L08_01,weapon_common_laser_bronze_L08_01,,4,OK,OK,OK,OK,OK,OK,OK,OK,stage-2a-sprint-4-2026.08.03,Assets/_Project/Content/Configs/Weapons/STAR_FRONTIER_WeaponConfig_300_config_fields_RU_no_enemy_types_v0.9_cargo_rules.csv,common WeaponConfig IDs are reused by all ally types; difference is in WeaponGroupConfig composition.
weapon_group_ally_trader_L08_03,"Гражданские / торговцы — уровень 8, вариант 3",Самые слабые союзные/гражданские группы: минимальное самооборонительное вооружение. Strict-level: 8; weapon count: 4; primary focus: шквальный огонь. Tier-mix intentionally avoids mono-tier groups when weaponCount > 1.,8,Ally,Trader,,1,5 — weakest ally,PlayerAndRangers,common,3,4,508,Bronze + Silver + Bronze + Bronze,pulse + pulse + laser + railgun,weapon_common_pulse_bronze_L08_01,weapon_common_pulse_silver_L08_01,weapon_common_laser_bronze_L08_01,weapon_common_railgun_bronze_L08_01,,4,OK,OK,OK,OK,OK,OK,OK,OK,stage-2a-sprint-4-2026.08.03,Assets/_Project/Content/Configs/Weapons/STAR_FRONTIER_WeaponConfig_300_config_fields_RU_no_enemy_types_v0.9_cargo_rules.csv,common WeaponConfig IDs are reused by all ally types; difference is in WeaponGroupConfig composition.
weapon_group_ally_trader_L08_04,"Гражданские / торговцы — уровень 8, вариант 4",Самые слабые союзные/гражданские группы: минимальное самооборонительное вооружение. Strict-level: 8; weapon count: 4; primary focus: шквальный огонь. Tier-mix intentionally avoids mono-tier groups when weaponCount > 1.,8,Ally,Trader,,1,5 — weakest ally,PlayerAndRangers,common,4,4,508,Bronze + Silver + Bronze + Bronze,pulse + pulse + laser + railgun,weapon_common_pulse_bronze_L08_01,weapon_common_pulse_silver_L08_01,weapon_common_laser_bronze_L08_01,weapon_common_railgun_bronze_L08_01,,4,OK,OK,OK,OK,OK,OK,OK,OK,stage-2a-sprint-4-2026.08.03,Assets/_Project/Content/Configs/Weapons/STAR_FRONTIER_WeaponConfig_300_config_fields_RU_no_enemy_types_v0.9_cargo_rules.csv,common WeaponConfig IDs are reused by all ally types; difference is in WeaponGroupConfig composition.
weapon_group_ally_trader_L08_05,"Гражданские / торговцы — уровень 8, вариант 5",Самые слабые союзные/гражданские группы: минимальное самооборонительное вооружение. Strict-level: 8; weapon count: 4; primary focus: шквальный огонь. Tier-mix intentionally avoids mono-tier groups when weaponCount > 1.,8,Ally,Trader,,1,5 — weakest ally,PlayerAndRangers,common,5,4,507,Bronze + Silver + Bronze + Bronze,pulse + pulse + laser + plasma,weapon_common_pulse_bronze_L08_01,weapon_common_pulse_silver_L08_01,weapon_common_laser_bronze_L08_01,weapon_common_plasma_bronze_L08_01,,4,OK,OK,OK,OK,OK,OK,OK,OK,stage-2a-sprint-4-2026.08.03,Assets/_Project/Content/Configs/Weapons/STAR_FRONTIER_WeaponConfig_300_config_fields_RU_no_enemy_types_v0.9_cargo_rules.csv,common WeaponConfig IDs are reused by all ally types; difference is in WeaponGroupConfig composition.
weapon_group_ally_trader_L09_01,"Гражданские / торговцы — уровень 9, вариант 1",Самые слабые союзные/гражданские группы: минимальное самооборонительное вооружение. Strict-level: 9; weapon count: 5; primary focus: шквальный огонь. Tier-mix intentionally avoids mono-tier groups when weaponCount > 1.,9,Ally,Trader,,1,5 — weakest ally,PlayerAndRangers,common,1,5,711,Bronze + Silver + Bronze + Silver + Bronze,pulse + pulse + laser + plasma + railgun,weapon_common_pulse_bronze_L09_01,weapon_common_pulse_silver_L09_01,weapon_common_laser_bronze_L09_01,weapon_common_plasma_silver_L09_01,weapon_common_railgun_bronze_L09_01,5,OK,OK,OK,OK,OK,OK,OK,OK,stage-2a-sprint-4-2026.08.03,Assets/_Project/Content/Configs/Weapons/STAR_FRONTIER_WeaponConfig_300_config_fields_RU_no_enemy_types_v0.9_cargo_rules.csv,common WeaponConfig IDs are reused by all ally types; difference is in WeaponGroupConfig composition.
weapon_group_ally_trader_L09_02,"Гражданские / торговцы — уровень 9, вариант 2",Самые слабые союзные/гражданские группы: минимальное самооборонительное вооружение. Strict-level: 9; weapon count: 5; primary focus: шквальный огонь. Tier-mix intentionally avoids mono-tier groups when weaponCount > 1.,9,Ally,Trader,,1,5 — weakest ally,PlayerAndRangers,common,2,5,711,Bronze + Silver + Bronze + Silver + Bronze,pulse + pulse + plasma + laser + railgun,weapon_common_pulse_bronze_L09_01,weapon_common_pulse_silver_L09_01,weapon_common_plasma_bronze_L09_01,weapon_common_laser_silver_L09_01,weapon_common_railgun_bronze_L09_01,5,OK,OK,OK,OK,OK,OK,OK,OK,stage-2a-sprint-4-2026.08.03,Assets/_Project/Content/Configs/Weapons/STAR_FRONTIER_WeaponConfig_300_config_fields_RU_no_enemy_types_v0.9_cargo_rules.csv,common WeaponConfig IDs are reused by all ally types; difference is in WeaponGroupConfig composition.
weapon_group_ally_trader_L09_03,"Гражданские / торговцы — уровень 9, вариант 3",Самые слабые союзные/гражданские группы: минимальное самооборонительное вооружение. Strict-level: 9; weapon count: 5; primary focus: шквальный огонь. Tier-mix intentionally avoids mono-tier groups when weaponCount > 1.,9,Ally,Trader,,1,5 — weakest ally,PlayerAndRangers,common,3,5,711,Bronze + Silver + Bronze + Silver + Bronze,pulse + pulse + laser + railgun + plasma,weapon_common_pulse_bronze_L09_01,weapon_common_pulse_silver_L09_01,weapon_common_laser_bronze_L09_01,weapon_common_railgun_silver_L09_01,weapon_common_plasma_bronze_L09_01,5,OK,OK,OK,OK,OK,OK,OK,OK,stage-2a-sprint-4-2026.08.03,Assets/_Project/Content/Configs/Weapons/STAR_FRONTIER_WeaponConfig_300_config_fields_RU_no_enemy_types_v0.9_cargo_rules.csv,common WeaponConfig IDs are reused by all ally types; difference is in WeaponGroupConfig composition.
weapon_group_ally_trader_L09_04,"Гражданские / торговцы — уровень 9, вариант 4",Самые слабые союзные/гражданские группы: минимальное самооборонительное вооружение. Strict-level: 9; weapon count: 5; primary focus: шквальный огонь. Tier-mix intentionally avoids mono-tier groups when weaponCount > 1.,9,Ally,Trader,,1,5 — weakest ally,PlayerAndRangers,common,4,5,711,Bronze + Silver + Bronze + Silver + Bronze,pulse + pulse + laser + railgun + plasma,weapon_common_pulse_bronze_L09_01,weapon_common_pulse_silver_L09_01,weapon_common_laser_bronze_L09_01,weapon_common_railgun_silver_L09_01,weapon_common_plasma_bronze_L09_01,5,OK,OK,OK,OK,OK,OK,OK,OK,stage-2a-sprint-4-2026.08.03,Assets/_Project/Content/Configs/Weapons/STAR_FRONTIER_WeaponConfig_300_config_fields_RU_no_enemy_types_v0.9_cargo_rules.csv,common WeaponConfig IDs are reused by all ally types; difference is in WeaponGroupConfig composition.
weapon_group_ally_trader_L09_05,"Гражданские / торговцы — уровень 9, вариант 5",Самые слабые союзные/гражданские группы: минимальное самооборонительное вооружение. Strict-level: 9; weapon count: 5; primary focus: шквальный огонь. Tier-mix intentionally avoids mono-tier groups when weaponCount > 1.,9,Ally,Trader,,1,5 — weakest ally,PlayerAndRangers,common,5,5,712,Bronze + Silver + Bronze + Silver + Bronze,pulse + pulse + laser + plasma + missile,weapon_common_pulse_bronze_L09_01,weapon_common_pulse_silver_L09_01,weapon_common_laser_bronze_L09_01,weapon_common_plasma_silver_L09_01,weapon_common_missile_bronze_L09_01,5,OK,OK,OK,OK,OK,OK,OK,OK,stage-2a-sprint-4-2026.08.03,Assets/_Project/Content/Configs/Weapons/STAR_FRONTIER_WeaponConfig_300_config_fields_RU_no_enemy_types_v0.9_cargo_rules.csv,common WeaponConfig IDs are reused by all ally types; difference is in WeaponGroupConfig composition.
weapon_group_ally_trader_L10_01,"Гражданские / торговцы — уровень 10, вариант 1",Самые слабые союзные/гражданские группы: минимальное самооборонительное вооружение. Strict-level: 10; weapon count: 5; primary focus: шквальный огонь. Tier-mix intentionally avoids mono-tier groups when weaponCount > 1.,10,Ally,Trader,,1,5 — weakest ally,PlayerAndRangers,common,1,5,711,Bronze + Silver + Bronze + Silver + Bronze,pulse + pulse + laser + plasma + railgun,weapon_common_pulse_bronze_L10_01,weapon_common_pulse_silver_L10_01,weapon_common_laser_bronze_L10_01,weapon_common_plasma_silver_L10_01,weapon_common_railgun_bronze_L10_01,5,OK,OK,OK,OK,OK,OK,OK,OK,stage-2a-sprint-4-2026.08.03,Assets/_Project/Content/Configs/Weapons/STAR_FRONTIER_WeaponConfig_300_config_fields_RU_no_enemy_types_v0.9_cargo_rules.csv,common WeaponConfig IDs are reused by all ally types; difference is in WeaponGroupConfig composition.
weapon_group_ally_trader_L10_02,"Гражданские / торговцы — уровень 10, вариант 2",Самые слабые союзные/гражданские группы: минимальное самооборонительное вооружение. Strict-level: 10; weapon count: 5; primary focus: шквальный огонь. Tier-mix intentionally avoids mono-tier groups when weaponCount > 1.,10,Ally,Trader,,1,5 — weakest ally,PlayerAndRangers,common,2,5,711,Bronze + Silver + Bronze + Silver + Bronze,pulse + pulse + plasma + laser + railgun,weapon_common_pulse_bronze_L10_01,weapon_common_pulse_silver_L10_01,weapon_common_plasma_bronze_L10_01,weapon_common_laser_silver_L10_01,weapon_common_railgun_bronze_L10_01,5,OK,OK,OK,OK,OK,OK,OK,OK,stage-2a-sprint-4-2026.08.03,Assets/_Project/Content/Configs/Weapons/STAR_FRONTIER_WeaponConfig_300_config_fields_RU_no_enemy_types_v0.9_cargo_rules.csv,common WeaponConfig IDs are reused by all ally types; difference is in WeaponGroupConfig composition.
weapon_group_ally_trader_L10_03,"Гражданские / торговцы — уровень 10, вариант 3",Самые слабые союзные/гражданские группы: минимальное самооборонительное вооружение. Strict-level: 10; weapon count: 5; primary focus: шквальный огонь. Tier-mix intentionally avoids mono-tier groups when weaponCount > 1.,10,Ally,Trader,,1,5 — weakest ally,PlayerAndRangers,common,3,5,711,Bronze + Silver + Bronze + Silver + Bronze,pulse + pulse + laser + railgun + plasma,weapon_common_pulse_bronze_L10_01,weapon_common_pulse_silver_L10_01,weapon_common_laser_bronze_L10_01,weapon_common_railgun_silver_L10_01,weapon_common_plasma_bronze_L10_01,5,OK,OK,OK,OK,OK,OK,OK,OK,stage-2a-sprint-4-2026.08.03,Assets/_Project/Content/Configs/Weapons/STAR_FRONTIER_WeaponConfig_300_config_fields_RU_no_enemy_types_v0.9_cargo_rules.csv,common WeaponConfig IDs are reused by all ally types; difference is in WeaponGroupConfig composition.
weapon_group_ally_trader_L10_04,"Гражданские / торговцы — уровень 10, вариант 4",Самые слабые союзные/гражданские группы: минимальное самооборонительное вооружение. Strict-level: 10; weapon count: 5; primary focus: шквальный огонь. Tier-mix intentionally avoids mono-tier groups when weaponCount > 1.,10,Ally,Trader,,1,5 — weakest ally,PlayerAndRangers,common,4,5,711,Bronze + Silver + Bronze + Silver + Bronze,pulse + pulse + laser + railgun + plasma,weapon_common_pulse_bronze_L10_01,weapon_common_pulse_silver_L10_01,weapon_common_laser_bronze_L10_01,weapon_common_railgun_silver_L10_01,weapon_common_plasma_bronze_L10_01,5,OK,OK,OK,OK,OK,OK,OK,OK,stage-2a-sprint-4-2026.08.03,Assets/_Project/Content/Configs/Weapons/STAR_FRONTIER_WeaponConfig_300_config_fields_RU_no_enemy_types_v0.9_cargo_rules.csv,common WeaponConfig IDs are reused by all ally types; difference is in WeaponGroupConfig composition.
weapon_group_ally_trader_L10_05,"Гражданские / торговцы — уровень 10, вариант 5",Самые слабые союзные/гражданские группы: минимальное самооборонительное вооружение. Strict-level: 10; weapon count: 5; primary focus: шквальный огонь. Tier-mix intentionally avoids mono-tier groups when weaponCount > 1.,10,Ally,Trader,,1,5 — weakest ally,PlayerAndRangers,common,5,5,712,Bronze + Silver + Bronze + Silver + Bronze,pulse + pulse + laser + plasma + missile,weapon_common_pulse_bronze_L10_01,weapon_common_pulse_silver_L10_01,weapon_common_laser_bronze_L10_01,weapon_common_plasma_silver_L10_01,weapon_common_missile_bronze_L10_01,5,OK,OK,OK,OK,OK,OK,OK,OK,stage-2a-sprint-4-2026.08.03,Assets/_Project/Content/Configs/Weapons/STAR_FRONTIER_WeaponConfig_300_config_fields_RU_no_enemy_types_v0.9_cargo_rules.csv,common WeaponConfig IDs are reused by all ally types; difference is in WeaponGroupConfig composition.
weapon_group_enemy_ai_L01_01,"Враги — ИИ — уровень 1, вариант 1","Вражеские группы ИИ: холодная точность, дальность и машинный огонь. Strict-level: 1; weapon count: 1; enemy baseline tier: Silver.",1,Enemy,,AI,,Enemy faction; not part of ally order,AI,ai,1,1,202,Silver,laser,weapon_ai_laser_silver_L01_01,,,,,1,OK,OK,OK,OK,OK,N/A_ENEMY_SILVER_BASELINE,N/A_ENEMY,OK,stage-2a-sprint-4-2026.08.03,Assets/_Project/Content/Configs/Weapons/STAR_FRONTIER_WeaponConfig_300_config_fields_RU_no_enemy_types_v0.9_cargo_rules.csv,enemy weapon groups keep the current Silver enemy baseline.
weapon_group_enemy_ai_L01_02,"Враги — ИИ — уровень 1, вариант 2","Вражеские группы ИИ: холодная точность, дальность и машинный огонь. Strict-level: 1; weapon count: 1; enemy baseline tier: Silver.",1,Enemy,,AI,,Enemy faction; not part of ally order,AI,ai,2,1,204,Silver,railgun,weapon_ai_railgun_silver_L01_01,,,,,1,OK,OK,OK,OK,OK,N/A_ENEMY_SILVER_BASELINE,N/A_ENEMY,OK,stage-2a-sprint-4-2026.08.03,Assets/_Project/Content/Configs/Weapons/STAR_FRONTIER_WeaponConfig_300_config_fields_RU_no_enemy_types_v0.9_cargo_rules.csv,enemy weapon groups keep the current Silver enemy baseline.
weapon_group_enemy_ai_L01_03,"Враги — ИИ — уровень 1, вариант 3","Вражеские группы ИИ: холодная точность, дальность и машинный огонь. Strict-level: 1; weapon count: 1; enemy baseline tier: Silver.",1,Enemy,,AI,,Enemy faction; not part of ally order,AI,ai,3,1,201,Silver,pulse,weapon_ai_pulse_silver_L01_01,,,,,1,OK,OK,OK,OK,OK,N/A_ENEMY_SILVER_BASELINE,N/A_ENEMY,OK,stage-2a-sprint-4-2026.08.03,Assets/_Project/Content/Configs/Weapons/STAR_FRONTIER_WeaponConfig_300_config_fields_RU_no_enemy_types_v0.9_cargo_rules.csv,enemy weapon groups keep the current Silver enemy baseline.
weapon_group_enemy_ai_L01_04,"Враги — ИИ — уровень 1, вариант 4","Вражеские группы ИИ: холодная точность, дальность и машинный огонь. Strict-level: 1; weapon count: 1; enemy baseline tier: Silver.",1,Enemy,,AI,,Enemy faction; not part of ally order,AI,ai,4,1,205,Silver,missile,weapon_ai_missile_silver_L01_01,,,,,1,OK,OK,OK,OK,OK,N/A_ENEMY_SILVER_BASELINE,N/A_ENEMY,OK,stage-2a-sprint-4-2026.08.03,Assets/_Project/Content/Configs/Weapons/STAR_FRONTIER_WeaponConfig_300_config_fields_RU_no_enemy_types_v0.9_cargo_rules.csv,enemy weapon groups keep the current Silver enemy baseline.
weapon_group_enemy_ai_L01_05,"Враги — ИИ — уровень 1, вариант 5","Вражеские группы ИИ: холодная точность, дальность и машинный огонь. Strict-level: 1; weapon count: 1; enemy baseline tier: Silver.",1,Enemy,,AI,,Enemy faction; not part of ally order,AI,ai,5,1,203,Silver,plasma,weapon_ai_plasma_silver_L01_01,,,,,1,OK,OK,OK,OK,OK,N/A_ENEMY_SILVER_BASELINE,N/A_ENEMY,OK,stage-2a-sprint-4-2026.08.03,Assets/_Project/Content/Configs/Weapons/STAR_FRONTIER_WeaponConfig_300_config_fields_RU_no_enemy_types_v0.9_cargo_rules.csv,enemy weapon groups keep the current Silver enemy baseline.
weapon_group_enemy_ai_L02_01,"Враги — ИИ — уровень 2, вариант 1","Вражеские группы ИИ: холодная точность, дальность и машинный огонь. Strict-level: 2; weapon count: 1; enemy baseline tier: Silver.",2,Enemy,,AI,,Enemy faction; not part of ally order,AI,ai,1,1,202,Silver,laser,weapon_ai_laser_silver_L02_01,,,,,1,OK,OK,OK,OK,OK,N/A_ENEMY_SILVER_BASELINE,N/A_ENEMY,OK,stage-2a-sprint-4-2026.08.03,Assets/_Project/Content/Configs/Weapons/STAR_FRONTIER_WeaponConfig_300_config_fields_RU_no_enemy_types_v0.9_cargo_rules.csv,enemy weapon groups keep the current Silver enemy baseline.
weapon_group_enemy_ai_L02_02,"Враги — ИИ — уровень 2, вариант 2","Вражеские группы ИИ: холодная точность, дальность и машинный огонь. Strict-level: 2; weapon count: 1; enemy baseline tier: Silver.",2,Enemy,,AI,,Enemy faction; not part of ally order,AI,ai,2,1,204,Silver,railgun,weapon_ai_railgun_silver_L02_01,,,,,1,OK,OK,OK,OK,OK,N/A_ENEMY_SILVER_BASELINE,N/A_ENEMY,OK,stage-2a-sprint-4-2026.08.03,Assets/_Project/Content/Configs/Weapons/STAR_FRONTIER_WeaponConfig_300_config_fields_RU_no_enemy_types_v0.9_cargo_rules.csv,enemy weapon groups keep the current Silver enemy baseline.
weapon_group_enemy_ai_L02_03,"Враги — ИИ — уровень 2, вариант 3","Вражеские группы ИИ: холодная точность, дальность и машинный огонь. Strict-level: 2; weapon count: 1; enemy baseline tier: Silver.",2,Enemy,,AI,,Enemy faction; not part of ally order,AI,ai,3,1,201,Silver,pulse,weapon_ai_pulse_silver_L02_01,,,,,1,OK,OK,OK,OK,OK,N/A_ENEMY_SILVER_BASELINE,N/A_ENEMY,OK,stage-2a-sprint-4-2026.08.03,Assets/_Project/Content/Configs/Weapons/STAR_FRONTIER_WeaponConfig_300_config_fields_RU_no_enemy_types_v0.9_cargo_rules.csv,enemy weapon groups keep the current Silver enemy baseline.
weapon_group_enemy_ai_L02_04,"Враги — ИИ — уровень 2, вариант 4","Вражеские группы ИИ: холодная точность, дальность и машинный огонь. Strict-level: 2; weapon count: 1; enemy baseline tier: Silver.",2,Enemy,,AI,,Enemy faction; not part of ally order,AI,ai,4,1,205,Silver,missile,weapon_ai_missile_silver_L02_01,,,,,1,OK,OK,OK,OK,OK,N/A_ENEMY_SILVER_BASELINE,N/A_ENEMY,OK,stage-2a-sprint-4-2026.08.03,Assets/_Project/Content/Configs/Weapons/STAR_FRONTIER_WeaponConfig_300_config_fields_RU_no_enemy_types_v0.9_cargo_rules.csv,enemy weapon groups keep the current Silver enemy baseline.
weapon_group_enemy_ai_L02_05,"Враги — ИИ — уровень 2, вариант 5","Вражеские группы ИИ: холодная точность, дальность и машинный огонь. Strict-level: 2; weapon count: 1; enemy baseline tier: Silver.",2,Enemy,,AI,,Enemy faction; not part of ally order,AI,ai,5,1,203,Silver,plasma,weapon_ai_plasma_silver_L02_01,,,,,1,OK,OK,OK,OK,OK,N/A_ENEMY_SILVER_BASELINE,N/A_ENEMY,OK,stage-2a-sprint-4-2026.08.03,Assets/_Project/Content/Configs/Weapons/STAR_FRONTIER_WeaponConfig_300_config_fields_RU_no_enemy_types_v0.9_cargo_rules.csv,enemy weapon groups keep the current Silver enemy baseline.
weapon_group_enemy_ai_L03_01,"Враги — ИИ — уровень 3, вариант 1","Вражеские группы ИИ: холодная точность, дальность и машинный огонь. Strict-level: 3; weapon count: 2; enemy baseline tier: Silver.",3,Enemy,,AI,,Enemy faction; not part of ally order,AI,ai,1,2,403,Silver + Silver,laser + pulse,weapon_ai_laser_silver_L03_01,weapon_ai_pulse_silver_L03_01,,,,2,OK,OK,OK,OK,OK,N/A_ENEMY_SILVER_BASELINE,N/A_ENEMY,OK,stage-2a-sprint-4-2026.08.03,Assets/_Project/Content/Configs/Weapons/STAR_FRONTIER_WeaponConfig_300_config_fields_RU_no_enemy_types_v0.9_cargo_rules.csv,enemy weapon groups keep the current Silver enemy baseline.
weapon_group_enemy_ai_L03_02,"Враги — ИИ — уровень 3, вариант 2","Вражеские группы ИИ: холодная точность, дальность и машинный огонь. Strict-level: 3; weapon count: 2; enemy baseline tier: Silver.",3,Enemy,,AI,,Enemy faction; not part of ally order,AI,ai,2,2,409,Silver + Silver,railgun + missile,weapon_ai_railgun_silver_L03_01,weapon_ai_missile_silver_L03_01,,,,2,OK,OK,OK,OK,OK,N/A_ENEMY_SILVER_BASELINE,N/A_ENEMY,OK,stage-2a-sprint-4-2026.08.03,Assets/_Project/Content/Configs/Weapons/STAR_FRONTIER_WeaponConfig_300_config_fields_RU_no_enemy_types_v0.9_cargo_rules.csv,enemy weapon groups keep the current Silver enemy baseline.
weapon_group_enemy_ai_L03_03,"Враги — ИИ — уровень 3, вариант 3","Вражеские группы ИИ: холодная точность, дальность и машинный огонь. Strict-level: 3; weapon count: 2; enemy baseline tier: Silver.",3,Enemy,,AI,,Enemy faction; not part of ally order,AI,ai,3,2,404,Silver + Silver,pulse + plasma,weapon_ai_pulse_silver_L03_01,weapon_ai_plasma_silver_L03_01,,,,2,OK,OK,OK,OK,OK,N/A_ENEMY_SILVER_BASELINE,N/A_ENEMY,OK,stage-2a-sprint-4-2026.08.03,Assets/_Project/Content/Configs/Weapons/STAR_FRONTIER_WeaponConfig_300_config_fields_RU_no_enemy_types_v0.9_cargo_rules.csv,enemy weapon groups keep the current Silver enemy baseline.
weapon_group_enemy_ai_L03_04,"Враги — ИИ — уровень 3, вариант 4","Вражеские группы ИИ: холодная точность, дальность и машинный огонь. Strict-level: 3; weapon count: 2; enemy baseline tier: Silver.",3,Enemy,,AI,,Enemy faction; not part of ally order,AI,ai,4,2,407,Silver + Silver,missile + laser,weapon_ai_missile_silver_L03_01,weapon_ai_laser_silver_L03_01,,,,2,OK,OK,OK,OK,OK,N/A_ENEMY_SILVER_BASELINE,N/A_ENEMY,OK,stage-2a-sprint-4-2026.08.03,Assets/_Project/Content/Configs/Weapons/STAR_FRONTIER_WeaponConfig_300_config_fields_RU_no_enemy_types_v0.9_cargo_rules.csv,enemy weapon groups keep the current Silver enemy baseline.
weapon_group_enemy_ai_L03_05,"Враги — ИИ — уровень 3, вариант 5","Вражеские группы ИИ: холодная точность, дальность и машинный огонь. Strict-level: 3; weapon count: 2; enemy baseline tier: Silver.",3,Enemy,,AI,,Enemy faction; not part of ally order,AI,ai,5,2,407,Silver + Silver,plasma + railgun,weapon_ai_plasma_silver_L03_01,weapon_ai_railgun_silver_L03_01,,,,2,OK,OK,OK,OK,OK,N/A_ENEMY_SILVER_BASELINE,N/A_ENEMY,OK,stage-2a-sprint-4-2026.08.03,Assets/_Project/Content/Configs/Weapons/STAR_FRONTIER_WeaponConfig_300_config_fields_RU_no_enemy_types_v0.9_cargo_rules.csv,enemy weapon groups keep the current Silver enemy baseline.
weapon_group_enemy_ai_L04_01,"Враги — ИИ — уровень 4, вариант 1","Вражеские группы ИИ: холодная точность, дальность и машинный огонь. Strict-level: 4; weapon count: 2; enemy baseline tier: Silver.",4,Enemy,,AI,,Enemy faction; not part of ally order,AI,ai,1,2,403,Silver + Silver,laser + pulse,weapon_ai_laser_silver_L04_01,weapon_ai_pulse_silver_L04_01,,,,2,OK,OK,OK,OK,OK,N/A_ENEMY_SILVER_BASELINE,N/A_ENEMY,OK,stage-2a-sprint-4-2026.08.03,Assets/_Project/Content/Configs/Weapons/STAR_FRONTIER_WeaponConfig_300_config_fields_RU_no_enemy_types_v0.9_cargo_rules.csv,enemy weapon groups keep the current Silver enemy baseline.
weapon_group_enemy_ai_L04_02,"Враги — ИИ — уровень 4, вариант 2","Вражеские группы ИИ: холодная точность, дальность и машинный огонь. Strict-level: 4; weapon count: 2; enemy baseline tier: Silver.",4,Enemy,,AI,,Enemy faction; not part of ally order,AI,ai,2,2,409,Silver + Silver,railgun + missile,weapon_ai_railgun_silver_L04_01,weapon_ai_missile_silver_L04_01,,,,2,OK,OK,OK,OK,OK,N/A_ENEMY_SILVER_BASELINE,N/A_ENEMY,OK,stage-2a-sprint-4-2026.08.03,Assets/_Project/Content/Configs/Weapons/STAR_FRONTIER_WeaponConfig_300_config_fields_RU_no_enemy_types_v0.9_cargo_rules.csv,enemy weapon groups keep the current Silver enemy baseline.
weapon_group_enemy_ai_L04_03,"Враги — ИИ — уровень 4, вариант 3","Вражеские группы ИИ: холодная точность, дальность и машинный огонь. Strict-level: 4; weapon count: 2; enemy baseline tier: Silver.",4,Enemy,,AI,,Enemy faction; not part of ally order,AI,ai,3,2,404,Silver + Silver,pulse + plasma,weapon_ai_pulse_silver_L04_01,weapon_ai_plasma_silver_L04_01,,,,2,OK,OK,OK,OK,OK,N/A_ENEMY_SILVER_BASELINE,N/A_ENEMY,OK,stage-2a-sprint-4-2026.08.03,Assets/_Project/Content/Configs/Weapons/STAR_FRONTIER_WeaponConfig_300_config_fields_RU_no_enemy_types_v0.9_cargo_rules.csv,enemy weapon groups keep the current Silver enemy baseline.
weapon_group_enemy_ai_L04_04,"Враги — ИИ — уровень 4, вариант 4","Вражеские группы ИИ: холодная точность, дальность и машинный огонь. Strict-level: 4; weapon count: 2; enemy baseline tier: Silver.",4,Enemy,,AI,,Enemy faction; not part of ally order,AI,ai,4,2,407,Silver + Silver,missile + laser,weapon_ai_missile_silver_L04_01,weapon_ai_laser_silver_L04_01,,,,2,OK,OK,OK,OK,OK,N/A_ENEMY_SILVER_BASELINE,N/A_ENEMY,OK,stage-2a-sprint-4-2026.08.03,Assets/_Project/Content/Configs/Weapons/STAR_FRONTIER_WeaponConfig_300_config_fields_RU_no_enemy_types_v0.9_cargo_rules.csv,enemy weapon groups keep the current Silver enemy baseline.
weapon_group_enemy_ai_L04_05,"Враги — ИИ — уровень 4, вариант 5","Вражеские группы ИИ: холодная точность, дальность и машинный огонь. Strict-level: 4; weapon count: 2; enemy baseline tier: Silver.",4,Enemy,,AI,,Enemy faction; not part of ally order,AI,ai,5,2,407,Silver + Silver,plasma + railgun,weapon_ai_plasma_silver_L04_01,weapon_ai_railgun_silver_L04_01,,,,2,OK,OK,OK,OK,OK,N/A_ENEMY_SILVER_BASELINE,N/A_ENEMY,OK,stage-2a-sprint-4-2026.08.03,Assets/_Project/Content/Configs/Weapons/STAR_FRONTIER_WeaponConfig_300_config_fields_RU_no_enemy_types_v0.9_cargo_rules.csv,enemy weapon groups keep the current Silver enemy baseline.
weapon_group_enemy_ai_L05_01,"Враги — ИИ — уровень 5, вариант 1","Вражеские группы ИИ: холодная точность, дальность и машинный огонь. Strict-level: 5; weapon count: 3; enemy baseline tier: Silver.",5,Enemy,,AI,,Enemy faction; not part of ally order,AI,ai,1,3,606,Silver + Silver + Silver,laser + pulse + plasma,weapon_ai_laser_silver_L05_01,weapon_ai_pulse_silver_L05_01,weapon_ai_plasma_silver_L05_01,,,3,OK,OK,OK,OK,OK,N/A_ENEMY_SILVER_BASELINE,N/A_ENEMY,OK,stage-2a-sprint-4-2026.08.03,Assets/_Project/Content/Configs/Weapons/STAR_FRONTIER_WeaponConfig_300_config_fields_RU_no_enemy_types_v0.9_cargo_rules.csv,enemy weapon groups keep the current Silver enemy baseline.
weapon_group_enemy_ai_L05_02,"Враги — ИИ — уровень 5, вариант 2","Вражеские группы ИИ: холодная точность, дальность и машинный огонь. Strict-level: 5; weapon count: 3; enemy baseline tier: Silver.",5,Enemy,,AI,,Enemy faction; not part of ally order,AI,ai,2,3,611,Silver + Silver + Silver,railgun + missile + laser,weapon_ai_railgun_silver_L05_01,weapon_ai_missile_silver_L05_01,weapon_ai_laser_silver_L05_01,,,3,OK,OK,OK,OK,OK,N/A_ENEMY_SILVER_BASELINE,N/A_ENEMY,OK,stage-2a-sprint-4-2026.08.03,Assets/_Project/Content/Configs/Weapons/STAR_FRONTIER_WeaponConfig_300_config_fields_RU_no_enemy_types_v0.9_cargo_rules.csv,enemy weapon groups keep the current Silver enemy baseline.
weapon_group_enemy_ai_L05_03,"Враги — ИИ — уровень 5, вариант 3","Вражеские группы ИИ: холодная точность, дальность и машинный огонь. Strict-level: 5; weapon count: 3; enemy baseline tier: Silver.",5,Enemy,,AI,,Enemy faction; not part of ally order,AI,ai,3,3,608,Silver + Silver + Silver,pulse + plasma + railgun,weapon_ai_pulse_silver_L05_01,weapon_ai_plasma_silver_L05_01,weapon_ai_railgun_silver_L05_01,,,3,OK,OK,OK,OK,OK,N/A_ENEMY_SILVER_BASELINE,N/A_ENEMY,OK,stage-2a-sprint-4-2026.08.03,Assets/_Project/Content/Configs/Weapons/STAR_FRONTIER_WeaponConfig_300_config_fields_RU_no_enemy_types_v0.9_cargo_rules.csv,enemy weapon groups keep the current Silver enemy baseline.
weapon_group_enemy_ai_L05_04,"Враги — ИИ — уровень 5, вариант 4","Вражеские группы ИИ: холодная точность, дальность и машинный огонь. Strict-level: 5; weapon count: 3; enemy baseline tier: Silver.",5,Enemy,,AI,,Enemy faction; not part of ally order,AI,ai,4,3,608,Silver + Silver + Silver,missile + laser + pulse,weapon_ai_missile_silver_L05_01,weapon_ai_laser_silver_L05_01,weapon_ai_pulse_silver_L05_01,,,3,OK,OK,OK,OK,OK,N/A_ENEMY_SILVER_BASELINE,N/A_ENEMY,OK,stage-2a-sprint-4-2026.08.03,Assets/_Project/Content/Configs/Weapons/STAR_FRONTIER_WeaponConfig_300_config_fields_RU_no_enemy_types_v0.9_cargo_rules.csv,enemy weapon groups keep the current Silver enemy baseline.
weapon_group_enemy_ai_L05_05,"Враги — ИИ — уровень 5, вариант 5","Вражеские группы ИИ: холодная точность, дальность и машинный огонь. Strict-level: 5; weapon count: 3; enemy baseline tier: Silver.",5,Enemy,,AI,,Enemy faction; not part of ally order,AI,ai,5,3,612,Silver + Silver + Silver,plasma + railgun + missile,weapon_ai_plasma_silver_L05_01,weapon_ai_railgun_silver_L05_01,weapon_ai_missile_silver_L05_01,,,3,OK,OK,OK,OK,OK,N/A_ENEMY_SILVER_BASELINE,N/A_ENEMY,OK,stage-2a-sprint-4-2026.08.03,Assets/_Project/Content/Configs/Weapons/STAR_FRONTIER_WeaponConfig_300_config_fields_RU_no_enemy_types_v0.9_cargo_rules.csv,enemy weapon groups keep the current Silver enemy baseline.
weapon_group_enemy_ai_L06_01,"Враги — ИИ — уровень 6, вариант 1","Вражеские группы ИИ: холодная точность, дальность и машинный огонь. Strict-level: 6; weapon count: 3; enemy baseline tier: Silver.",6,Enemy,,AI,,Enemy faction; not part of ally order,AI,ai,1,3,606,Silver + Silver + Silver,laser + pulse + plasma,weapon_ai_laser_silver_L06_01,weapon_ai_pulse_silver_L06_01,weapon_ai_plasma_silver_L06_01,,,3,OK,OK,OK,OK,OK,N/A_ENEMY_SILVER_BASELINE,N/A_ENEMY,OK,stage-2a-sprint-4-2026.08.03,Assets/_Project/Content/Configs/Weapons/STAR_FRONTIER_WeaponConfig_300_config_fields_RU_no_enemy_types_v0.9_cargo_rules.csv,enemy weapon groups keep the current Silver enemy baseline.
weapon_group_enemy_ai_L06_02,"Враги — ИИ — уровень 6, вариант 2","Вражеские группы ИИ: холодная точность, дальность и машинный огонь. Strict-level: 6; weapon count: 3; enemy baseline tier: Silver.",6,Enemy,,AI,,Enemy faction; not part of ally order,AI,ai,2,3,611,Silver + Silver + Silver,railgun + missile + laser,weapon_ai_railgun_silver_L06_01,weapon_ai_missile_silver_L06_01,weapon_ai_laser_silver_L06_01,,,3,OK,OK,OK,OK,OK,N/A_ENEMY_SILVER_BASELINE,N/A_ENEMY,OK,stage-2a-sprint-4-2026.08.03,Assets/_Project/Content/Configs/Weapons/STAR_FRONTIER_WeaponConfig_300_config_fields_RU_no_enemy_types_v0.9_cargo_rules.csv,enemy weapon groups keep the current Silver enemy baseline.
weapon_group_enemy_ai_L06_03,"Враги — ИИ — уровень 6, вариант 3","Вражеские группы ИИ: холодная точность, дальность и машинный огонь. Strict-level: 6; weapon count: 3; enemy baseline tier: Silver.",6,Enemy,,AI,,Enemy faction; not part of ally order,AI,ai,3,3,608,Silver + Silver + Silver,pulse + plasma + railgun,weapon_ai_pulse_silver_L06_01,weapon_ai_plasma_silver_L06_01,weapon_ai_railgun_silver_L06_01,,,3,OK,OK,OK,OK,OK,N/A_ENEMY_SILVER_BASELINE,N/A_ENEMY,OK,stage-2a-sprint-4-2026.08.03,Assets/_Project/Content/Configs/Weapons/STAR_FRONTIER_WeaponConfig_300_config_fields_RU_no_enemy_types_v0.9_cargo_rules.csv,enemy weapon groups keep the current Silver enemy baseline.
weapon_group_enemy_ai_L06_04,"Враги — ИИ — уровень 6, вариант 4","Вражеские группы ИИ: холодная точность, дальность и машинный огонь. Strict-level: 6; weapon count: 3; enemy baseline tier: Silver.",6,Enemy,,AI,,Enemy faction; not part of ally order,AI,ai,4,3,608,Silver + Silver + Silver,missile + laser + pulse,weapon_ai_missile_silver_L06_01,weapon_ai_laser_silver_L06_01,weapon_ai_pulse_silver_L06_01,,,3,OK,OK,OK,OK,OK,N/A_ENEMY_SILVER_BASELINE,N/A_ENEMY,OK,stage-2a-sprint-4-2026.08.03,Assets/_Project/Content/Configs/Weapons/STAR_FRONTIER_WeaponConfig_300_config_fields_RU_no_enemy_types_v0.9_cargo_rules.csv,enemy weapon groups keep the current Silver enemy baseline.
weapon_group_enemy_ai_L06_05,"Враги — ИИ — уровень 6, вариант 5","Вражеские группы ИИ: холодная точность, дальность и машинный огонь. Strict-level: 6; weapon count: 3; enemy baseline tier: Silver.",6,Enemy,,AI,,Enemy faction; not part of ally order,AI,ai,5,3,612,Silver + Silver + Silver,plasma + railgun + missile,weapon_ai_plasma_silver_L06_01,weapon_ai_railgun_silver_L06_01,weapon_ai_missile_silver_L06_01,,,3,OK,OK,OK,OK,OK,N/A_ENEMY_SILVER_BASELINE,N/A_ENEMY,OK,stage-2a-sprint-4-2026.08.03,Assets/_Project/Content/Configs/Weapons/STAR_FRONTIER_WeaponConfig_300_config_fields_RU_no_enemy_types_v0.9_cargo_rules.csv,enemy weapon groups keep the current Silver enemy baseline.
weapon_group_enemy_ai_L07_01,"Враги — ИИ — уровень 7, вариант 1","Вражеские группы ИИ: холодная точность, дальность и машинный огонь. Strict-level: 7; weapon count: 4; enemy baseline tier: Silver.",7,Enemy,,AI,,Enemy faction; not part of ally order,AI,ai,1,4,810,Silver + Silver + Silver + Silver,laser + pulse + plasma + railgun,weapon_ai_laser_silver_L07_01,weapon_ai_pulse_silver_L07_01,weapon_ai_plasma_silver_L07_01,weapon_ai_railgun_silver_L07_01,,4,OK,OK,OK,OK,OK,N/A_ENEMY_SILVER_BASELINE,N/A_ENEMY,OK,stage-2a-sprint-4-2026.08.03,Assets/_Project/Content/Configs/Weapons/STAR_FRONTIER_WeaponConfig_300_config_fields_RU_no_enemy_types_v0.9_cargo_rules.csv,enemy weapon groups keep the current Silver enemy baseline.
weapon_group_enemy_ai_L07_02,"Враги — ИИ — уровень 7, вариант 2","Вражеские группы ИИ: холодная точность, дальность и машинный огонь. Strict-level: 7; weapon count: 4; enemy baseline tier: Silver.",7,Enemy,,AI,,Enemy faction; not part of ally order,AI,ai,2,4,812,Silver + Silver + Silver + Silver,railgun + missile + laser + pulse,weapon_ai_railgun_silver_L07_01,weapon_ai_missile_silver_L07_01,weapon_ai_laser_silver_L07_01,weapon_ai_pulse_silver_L07_01,,4,OK,OK,OK,OK,OK,N/A_ENEMY_SILVER_BASELINE,N/A_ENEMY,OK,stage-2a-sprint-4-2026.08.03,Assets/_Project/Content/Configs/Weapons/STAR_FRONTIER_WeaponConfig_300_config_fields_RU_no_enemy_types_v0.9_cargo_rules.csv,enemy weapon groups keep the current Silver enemy baseline.
weapon_group_enemy_ai_L07_03,"Враги — ИИ — уровень 7, вариант 3","Вражеские группы ИИ: холодная точность, дальность и машинный огонь. Strict-level: 7; weapon count: 4; enemy baseline tier: Silver.",7,Enemy,,AI,,Enemy faction; not part of ally order,AI,ai,3,4,813,Silver + Silver + Silver + Silver,pulse + plasma + railgun + missile,weapon_ai_pulse_silver_L07_01,weapon_ai_plasma_silver_L07_01,weapon_ai_railgun_silver_L07_01,weapon_ai_missile_silver_L07_01,,4,OK,OK,OK,OK,OK,N/A_ENEMY_SILVER_BASELINE,N/A_ENEMY,OK,stage-2a-sprint-4-2026.08.03,Assets/_Project/Content/Configs/Weapons/STAR_FRONTIER_WeaponConfig_300_config_fields_RU_no_enemy_types_v0.9_cargo_rules.csv,enemy weapon groups keep the current Silver enemy baseline.
weapon_group_enemy_ai_L07_04,"Враги — ИИ — уровень 7, вариант 4","Вражеские группы ИИ: холодная точность, дальность и машинный огонь. Strict-level: 7; weapon count: 4; enemy baseline tier: Silver.",7,Enemy,,AI,,Enemy faction; not part of ally order,AI,ai,4,4,811,Silver + Silver + Silver + Silver,missile + laser + pulse + plasma,weapon_ai_missile_silver_L07_01,weapon_ai_laser_silver_L07_01,weapon_ai_pulse_silver_L07_01,weapon_ai_plasma_silver_L07_01,,4,OK,OK,OK,OK,OK,N/A_ENEMY_SILVER_BASELINE,N/A_ENEMY,OK,stage-2a-sprint-4-2026.08.03,Assets/_Project/Content/Configs/Weapons/STAR_FRONTIER_WeaponConfig_300_config_fields_RU_no_enemy_types_v0.9_cargo_rules.csv,enemy weapon groups keep the current Silver enemy baseline.
weapon_group_enemy_ai_L07_05,"Враги — ИИ — уровень 7, вариант 5","Вражеские группы ИИ: холодная точность, дальность и машинный огонь. Strict-level: 7; weapon count: 4; enemy baseline tier: Silver.",7,Enemy,,AI,,Enemy faction; not part of ally order,AI,ai,5,4,814,Silver + Silver + Silver + Silver,plasma + railgun + missile + laser,weapon_ai_plasma_silver_L07_01,weapon_ai_railgun_silver_L07_01,weapon_ai_missile_silver_L07_01,weapon_ai_laser_silver_L07_01,,4,OK,OK,OK,OK,OK,N/A_ENEMY_SILVER_BASELINE,N/A_ENEMY,OK,stage-2a-sprint-4-2026.08.03,Assets/_Project/Content/Configs/Weapons/STAR_FRONTIER_WeaponConfig_300_config_fields_RU_no_enemy_types_v0.9_cargo_rules.csv,enemy weapon groups keep the current Silver enemy baseline.
weapon_group_enemy_ai_L08_01,"Враги — ИИ — уровень 8, вариант 1","Вражеские группы ИИ: холодная точность, дальность и машинный огонь. Strict-level: 8; weapon count: 4; enemy baseline tier: Silver.",8,Enemy,,AI,,Enemy faction; not part of ally order,AI,ai,1,4,810,Silver + Silver + Silver + Silver,laser + pulse + plasma + railgun,weapon_ai_laser_silver_L08_01,weapon_ai_pulse_silver_L08_01,weapon_ai_plasma_silver_L08_01,weapon_ai_railgun_silver_L08_01,,4,OK,OK,OK,OK,OK,N/A_ENEMY_SILVER_BASELINE,N/A_ENEMY,OK,stage-2a-sprint-4-2026.08.03,Assets/_Project/Content/Configs/Weapons/STAR_FRONTIER_WeaponConfig_300_config_fields_RU_no_enemy_types_v0.9_cargo_rules.csv,enemy weapon groups keep the current Silver enemy baseline.
weapon_group_enemy_ai_L08_02,"Враги — ИИ — уровень 8, вариант 2","Вражеские группы ИИ: холодная точность, дальность и машинный огонь. Strict-level: 8; weapon count: 4; enemy baseline tier: Silver.",8,Enemy,,AI,,Enemy faction; not part of ally order,AI,ai,2,4,812,Silver + Silver + Silver + Silver,railgun + missile + laser + pulse,weapon_ai_railgun_silver_L08_01,weapon_ai_missile_silver_L08_01,weapon_ai_laser_silver_L08_01,weapon_ai_pulse_silver_L08_01,,4,OK,OK,OK,OK,OK,N/A_ENEMY_SILVER_BASELINE,N/A_ENEMY,OK,stage-2a-sprint-4-2026.08.03,Assets/_Project/Content/Configs/Weapons/STAR_FRONTIER_WeaponConfig_300_config_fields_RU_no_enemy_types_v0.9_cargo_rules.csv,enemy weapon groups keep the current Silver enemy baseline.
weapon_group_enemy_ai_L08_03,"Враги — ИИ — уровень 8, вариант 3","Вражеские группы ИИ: холодная точность, дальность и машинный огонь. Strict-level: 8; weapon count: 4; enemy baseline tier: Silver.",8,Enemy,,AI,,Enemy faction; not part of ally order,AI,ai,3,4,813,Silver + Silver + Silver + Silver,pulse + plasma + railgun + missile,weapon_ai_pulse_silver_L08_01,weapon_ai_plasma_silver_L08_01,weapon_ai_railgun_silver_L08_01,weapon_ai_missile_silver_L08_01,,4,OK,OK,OK,OK,OK,N/A_ENEMY_SILVER_BASELINE,N/A_ENEMY,OK,stage-2a-sprint-4-2026.08.03,Assets/_Project/Content/Configs/Weapons/STAR_FRONTIER_WeaponConfig_300_config_fields_RU_no_enemy_types_v0.9_cargo_rules.csv,enemy weapon groups keep the current Silver enemy baseline.
weapon_group_enemy_ai_L08_04,"Враги — ИИ — уровень 8, вариант 4","Вражеские группы ИИ: холодная точность, дальность и машинный огонь. Strict-level: 8; weapon count: 4; enemy baseline tier: Silver.",8,Enemy,,AI,,Enemy faction; not part of ally order,AI,ai,4,4,811,Silver + Silver + Silver + Silver,missile + laser + pulse + plasma,weapon_ai_missile_silver_L08_01,weapon_ai_laser_silver_L08_01,weapon_ai_pulse_silver_L08_01,weapon_ai_plasma_silver_L08_01,,4,OK,OK,OK,OK,OK,N/A_ENEMY_SILVER_BASELINE,N/A_ENEMY,OK,stage-2a-sprint-4-2026.08.03,Assets/_Project/Content/Configs/Weapons/STAR_FRONTIER_WeaponConfig_300_config_fields_RU_no_enemy_types_v0.9_cargo_rules.csv,enemy weapon groups keep the current Silver enemy baseline.
weapon_group_enemy_ai_L08_05,"Враги — ИИ — уровень 8, вариант 5","Вражеские группы ИИ: холодная точность, дальность и машинный огонь. Strict-level: 8; weapon count: 4; enemy baseline tier: Silver.",8,Enemy,,AI,,Enemy faction; not part of ally order,AI,ai,5,4,814,Silver + Silver + Silver + Silver,plasma + railgun + missile + laser,weapon_ai_plasma_silver_L08_01,weapon_ai_railgun_silver_L08_01,weapon_ai_missile_silver_L08_01,weapon_ai_laser_silver_L08_01,,4,OK,OK,OK,OK,OK,N/A_ENEMY_SILVER_BASELINE,N/A_ENEMY,OK,stage-2a-sprint-4-2026.08.03,Assets/_Project/Content/Configs/Weapons/STAR_FRONTIER_WeaponConfig_300_config_fields_RU_no_enemy_types_v0.9_cargo_rules.csv,enemy weapon groups keep the current Silver enemy baseline.
weapon_group_enemy_ai_L09_01,"Враги — ИИ — уровень 9, вариант 1","Вражеские группы ИИ: холодная точность, дальность и машинный огонь. Strict-level: 9; weapon count: 5; enemy baseline tier: Silver.",9,Enemy,,AI,,Enemy faction; not part of ally order,AI,ai,1,5,1015,Silver + Silver + Silver + Silver + Silver,laser + pulse + plasma + railgun + missile,weapon_ai_laser_silver_L09_01,weapon_ai_pulse_silver_L09_01,weapon_ai_plasma_silver_L09_01,weapon_ai_railgun_silver_L09_01,weapon_ai_missile_silver_L09_01,5,OK,OK,OK,OK,OK,N/A_ENEMY_SILVER_BASELINE,N/A_ENEMY,OK,stage-2a-sprint-4-2026.08.03,Assets/_Project/Content/Configs/Weapons/STAR_FRONTIER_WeaponConfig_300_config_fields_RU_no_enemy_types_v0.9_cargo_rules.csv,enemy weapon groups keep the current Silver enemy baseline.
weapon_group_enemy_ai_L09_02,"Враги — ИИ — уровень 9, вариант 2","Вражеские группы ИИ: холодная точность, дальность и машинный огонь. Strict-level: 9; weapon count: 5; enemy baseline tier: Silver.",9,Enemy,,AI,,Enemy faction; not part of ally order,AI,ai,2,5,1015,Silver + Silver + Silver + Silver + Silver,railgun + missile + laser + pulse + plasma,weapon_ai_railgun_silver_L09_01,weapon_ai_missile_silver_L09_01,weapon_ai_laser_silver_L09_01,weapon_ai_pulse_silver_L09_01,weapon_ai_plasma_silver_L09_01,5,OK,OK,OK,OK,OK,N/A_ENEMY_SILVER_BASELINE,N/A_ENEMY,OK,stage-2a-sprint-4-2026.08.03,Assets/_Project/Content/Configs/Weapons/STAR_FRONTIER_WeaponConfig_300_config_fields_RU_no_enemy_types_v0.9_cargo_rules.csv,enemy weapon groups keep the current Silver enemy baseline.
weapon_group_enemy_ai_L09_03,"Враги — ИИ — уровень 9, вариант 3","Вражеские группы ИИ: холодная точность, дальность и машинный огонь. Strict-level: 9; weapon count: 5; enemy baseline tier: Silver.",9,Enemy,,AI,,Enemy faction; not part of ally order,AI,ai,3,5,1015,Silver + Silver + Silver + Silver + Silver,pulse + plasma + railgun + missile + laser,weapon_ai_pulse_silver_L09_01,weapon_ai_plasma_silver_L09_01,weapon_ai_railgun_silver_L09_01,weapon_ai_missile_silver_L09_01,weapon_ai_laser_silver_L09_01,5,OK,OK,OK,OK,OK,N/A_ENEMY_SILVER_BASELINE,N/A_ENEMY,OK,stage-2a-sprint-4-2026.08.03,Assets/_Project/Content/Configs/Weapons/STAR_FRONTIER_WeaponConfig_300_config_fields_RU_no_enemy_types_v0.9_cargo_rules.csv,enemy weapon groups keep the current Silver enemy baseline.
weapon_group_enemy_ai_L09_04,"Враги — ИИ — уровень 9, вариант 4","Вражеские группы ИИ: холодная точность, дальность и машинный огонь. Strict-level: 9; weapon count: 5; enemy baseline tier: Silver.",9,Enemy,,AI,,Enemy faction; not part of ally order,AI,ai,4,5,1015,Silver + Silver + Silver + Silver + Silver,missile + laser + pulse + plasma + railgun,weapon_ai_missile_silver_L09_01,weapon_ai_laser_silver_L09_01,weapon_ai_pulse_silver_L09_01,weapon_ai_plasma_silver_L09_01,weapon_ai_railgun_silver_L09_01,5,OK,OK,OK,OK,OK,N/A_ENEMY_SILVER_BASELINE,N/A_ENEMY,OK,stage-2a-sprint-4-2026.08.03,Assets/_Project/Content/Configs/Weapons/STAR_FRONTIER_WeaponConfig_300_config_fields_RU_no_enemy_types_v0.9_cargo_rules.csv,enemy weapon groups keep the current Silver enemy baseline.
weapon_group_enemy_ai_L09_05,"Враги — ИИ — уровень 9, вариант 5","Вражеские группы ИИ: холодная точность, дальность и машинный огонь. Strict-level: 9; weapon count: 5; enemy baseline tier: Silver.",9,Enemy,,AI,,Enemy faction; not part of ally order,AI,ai,5,5,1015,Silver + Silver + Silver + Silver + Silver,plasma + railgun + missile + laser + pulse,weapon_ai_plasma_silver_L09_01,weapon_ai_railgun_silver_L09_01,weapon_ai_missile_silver_L09_01,weapon_ai_laser_silver_L09_01,weapon_ai_pulse_silver_L09_01,5,OK,OK,OK,OK,OK,N/A_ENEMY_SILVER_BASELINE,N/A_ENEMY,OK,stage-2a-sprint-4-2026.08.03,Assets/_Project/Content/Configs/Weapons/STAR_FRONTIER_WeaponConfig_300_config_fields_RU_no_enemy_types_v0.9_cargo_rules.csv,enemy weapon groups keep the current Silver enemy baseline.
weapon_group_enemy_ai_L10_01,"Враги — ИИ — уровень 10, вариант 1","Вражеские группы ИИ: холодная точность, дальность и машинный огонь. Strict-level: 10; weapon count: 5; enemy baseline tier: Silver.",10,Enemy,,AI,,Enemy faction; not part of ally order,AI,ai,1,5,1015,Silver + Silver + Silver + Silver + Silver,laser + pulse + plasma + railgun + missile,weapon_ai_laser_silver_L10_01,weapon_ai_pulse_silver_L10_01,weapon_ai_plasma_silver_L10_01,weapon_ai_railgun_silver_L10_01,weapon_ai_missile_silver_L10_01,5,OK,OK,OK,OK,OK,N/A_ENEMY_SILVER_BASELINE,N/A_ENEMY,OK,stage-2a-sprint-4-2026.08.03,Assets/_Project/Content/Configs/Weapons/STAR_FRONTIER_WeaponConfig_300_config_fields_RU_no_enemy_types_v0.9_cargo_rules.csv,enemy weapon groups keep the current Silver enemy baseline.
weapon_group_enemy_ai_L10_02,"Враги — ИИ — уровень 10, вариант 2","Вражеские группы ИИ: холодная точность, дальность и машинный огонь. Strict-level: 10; weapon count: 5; enemy baseline tier: Silver.",10,Enemy,,AI,,Enemy faction; not part of ally order,AI,ai,2,5,1015,Silver + Silver + Silver + Silver + Silver,railgun + missile + laser + pulse + plasma,weapon_ai_railgun_silver_L10_01,weapon_ai_missile_silver_L10_01,weapon_ai_laser_silver_L10_01,weapon_ai_pulse_silver_L10_01,weapon_ai_plasma_silver_L10_01,5,OK,OK,OK,OK,OK,N/A_ENEMY_SILVER_BASELINE,N/A_ENEMY,OK,stage-2a-sprint-4-2026.08.03,Assets/_Project/Content/Configs/Weapons/STAR_FRONTIER_WeaponConfig_300_config_fields_RU_no_enemy_types_v0.9_cargo_rules.csv,enemy weapon groups keep the current Silver enemy baseline.
weapon_group_enemy_ai_L10_03,"Враги — ИИ — уровень 10, вариант 3","Вражеские группы ИИ: холодная точность, дальность и машинный огонь. Strict-level: 10; weapon count: 5; enemy baseline tier: Silver.",10,Enemy,,AI,,Enemy faction; not part of ally order,AI,ai,3,5,1015,Silver + Silver + Silver + Silver + Silver,pulse + plasma + railgun + missile + laser,weapon_ai_pulse_silver_L10_01,weapon_ai_plasma_silver_L10_01,weapon_ai_railgun_silver_L10_01,weapon_ai_missile_silver_L10_01,weapon_ai_laser_silver_L10_01,5,OK,OK,OK,OK,OK,N/A_ENEMY_SILVER_BASELINE,N/A_ENEMY,OK,stage-2a-sprint-4-2026.08.03,Assets/_Project/Content/Configs/Weapons/STAR_FRONTIER_WeaponConfig_300_config_fields_RU_no_enemy_types_v0.9_cargo_rules.csv,enemy weapon groups keep the current Silver enemy baseline.
weapon_group_enemy_ai_L10_04,"Враги — ИИ — уровень 10, вариант 4","Вражеские группы ИИ: холодная точность, дальность и машинный огонь. Strict-level: 10; weapon count: 5; enemy baseline tier: Silver.",10,Enemy,,AI,,Enemy faction; not part of ally order,AI,ai,4,5,1015,Silver + Silver + Silver + Silver + Silver,missile + laser + pulse + plasma + railgun,weapon_ai_missile_silver_L10_01,weapon_ai_laser_silver_L10_01,weapon_ai_pulse_silver_L10_01,weapon_ai_plasma_silver_L10_01,weapon_ai_railgun_silver_L10_01,5,OK,OK,OK,OK,OK,N/A_ENEMY_SILVER_BASELINE,N/A_ENEMY,OK,stage-2a-sprint-4-2026.08.03,Assets/_Project/Content/Configs/Weapons/STAR_FRONTIER_WeaponConfig_300_config_fields_RU_no_enemy_types_v0.9_cargo_rules.csv,enemy weapon groups keep the current Silver enemy baseline.
weapon_group_enemy_ai_L10_05,"Враги — ИИ — уровень 10, вариант 5","Вражеские группы ИИ: холодная точность, дальность и машинный огонь. Strict-level: 10; weapon count: 5; enemy baseline tier: Silver.",10,Enemy,,AI,,Enemy faction; not part of ally order,AI,ai,5,5,1015,Silver + Silver + Silver + Silver + Silver,plasma + railgun + missile + laser + pulse,weapon_ai_plasma_silver_L10_01,weapon_ai_railgun_silver_L10_01,weapon_ai_missile_silver_L10_01,weapon_ai_laser_silver_L10_01,weapon_ai_pulse_silver_L10_01,5,OK,OK,OK,OK,OK,N/A_ENEMY_SILVER_BASELINE,N/A_ENEMY,OK,stage-2a-sprint-4-2026.08.03,Assets/_Project/Content/Configs/Weapons/STAR_FRONTIER_WeaponConfig_300_config_fields_RU_no_enemy_types_v0.9_cargo_rules.csv,enemy weapon groups keep the current Silver enemy baseline.
weapon_group_enemy_ancient_L01_01,"Враги — Древние — уровень 1, вариант 1","Вражеские группы Древних: тяжёлое, дальнобойное и взрывное оружие. Strict-level: 1; weapon count: 1; enemy baseline tier: Silver.",1,Enemy,,Ancients,,Enemy faction; not part of ally order,Ancients,ancient,1,1,203,Silver,plasma,weapon_ancient_plasma_silver_L01_01,,,,,1,OK,OK,OK,OK,OK,N/A_ENEMY_SILVER_BASELINE,N/A_ENEMY,OK,stage-2a-sprint-4-2026.08.03,Assets/_Project/Content/Configs/Weapons/STAR_FRONTIER_WeaponConfig_300_config_fields_RU_no_enemy_types_v0.9_cargo_rules.csv,enemy weapon groups keep the current Silver enemy baseline.
weapon_group_enemy_ancient_L01_02,"Враги — Древние — уровень 1, вариант 2","Вражеские группы Древних: тяжёлое, дальнобойное и взрывное оружие. Strict-level: 1; weapon count: 1; enemy baseline tier: Silver.",1,Enemy,,Ancients,,Enemy faction; not part of ally order,Ancients,ancient,2,1,204,Silver,railgun,weapon_ancient_railgun_silver_L01_01,,,,,1,OK,OK,OK,OK,OK,N/A_ENEMY_SILVER_BASELINE,N/A_ENEMY,OK,stage-2a-sprint-4-2026.08.03,Assets/_Project/Content/Configs/Weapons/STAR_FRONTIER_WeaponConfig_300_config_fields_RU_no_enemy_types_v0.9_cargo_rules.csv,enemy weapon groups keep the current Silver enemy baseline.
weapon_group_enemy_ancient_L01_03,"Враги — Древние — уровень 1, вариант 3","Вражеские группы Древних: тяжёлое, дальнобойное и взрывное оружие. Strict-level: 1; weapon count: 1; enemy baseline tier: Silver.",1,Enemy,,Ancients,,Enemy faction; not part of ally order,Ancients,ancient,3,1,205,Silver,missile,weapon_ancient_missile_silver_L01_01,,,,,1,OK,OK,OK,OK,OK,N/A_ENEMY_SILVER_BASELINE,N/A_ENEMY,OK,stage-2a-sprint-4-2026.08.03,Assets/_Project/Content/Configs/Weapons/STAR_FRONTIER_WeaponConfig_300_config_fields_RU_no_enemy_types_v0.9_cargo_rules.csv,enemy weapon groups keep the current Silver enemy baseline.
weapon_group_enemy_ancient_L01_04,"Враги — Древние — уровень 1, вариант 4","Вражеские группы Древних: тяжёлое, дальнобойное и взрывное оружие. Strict-level: 1; weapon count: 1; enemy baseline tier: Silver.",1,Enemy,,Ancients,,Enemy faction; not part of ally order,Ancients,ancient,4,1,202,Silver,laser,weapon_ancient_laser_silver_L01_01,,,,,1,OK,OK,OK,OK,OK,N/A_ENEMY_SILVER_BASELINE,N/A_ENEMY,OK,stage-2a-sprint-4-2026.08.03,Assets/_Project/Content/Configs/Weapons/STAR_FRONTIER_WeaponConfig_300_config_fields_RU_no_enemy_types_v0.9_cargo_rules.csv,enemy weapon groups keep the current Silver enemy baseline.
weapon_group_enemy_ancient_L01_05,"Враги — Древние — уровень 1, вариант 5","Вражеские группы Древних: тяжёлое, дальнобойное и взрывное оружие. Strict-level: 1; weapon count: 1; enemy baseline tier: Silver.",1,Enemy,,Ancients,,Enemy faction; not part of ally order,Ancients,ancient,5,1,201,Silver,pulse,weapon_ancient_pulse_silver_L01_01,,,,,1,OK,OK,OK,OK,OK,N/A_ENEMY_SILVER_BASELINE,N/A_ENEMY,OK,stage-2a-sprint-4-2026.08.03,Assets/_Project/Content/Configs/Weapons/STAR_FRONTIER_WeaponConfig_300_config_fields_RU_no_enemy_types_v0.9_cargo_rules.csv,enemy weapon groups keep the current Silver enemy baseline.
weapon_group_enemy_ancient_L02_01,"Враги — Древние — уровень 2, вариант 1","Вражеские группы Древних: тяжёлое, дальнобойное и взрывное оружие. Strict-level: 2; weapon count: 1; enemy baseline tier: Silver.",2,Enemy,,Ancients,,Enemy faction; not part of ally order,Ancients,ancient,1,1,203,Silver,plasma,weapon_ancient_plasma_silver_L02_01,,,,,1,OK,OK,OK,OK,OK,N/A_ENEMY_SILVER_BASELINE,N/A_ENEMY,OK,stage-2a-sprint-4-2026.08.03,Assets/_Project/Content/Configs/Weapons/STAR_FRONTIER_WeaponConfig_300_config_fields_RU_no_enemy_types_v0.9_cargo_rules.csv,enemy weapon groups keep the current Silver enemy baseline.
weapon_group_enemy_ancient_L02_02,"Враги — Древние — уровень 2, вариант 2","Вражеские группы Древних: тяжёлое, дальнобойное и взрывное оружие. Strict-level: 2; weapon count: 1; enemy baseline tier: Silver.",2,Enemy,,Ancients,,Enemy faction; not part of ally order,Ancients,ancient,2,1,204,Silver,railgun,weapon_ancient_railgun_silver_L02_01,,,,,1,OK,OK,OK,OK,OK,N/A_ENEMY_SILVER_BASELINE,N/A_ENEMY,OK,stage-2a-sprint-4-2026.08.03,Assets/_Project/Content/Configs/Weapons/STAR_FRONTIER_WeaponConfig_300_config_fields_RU_no_enemy_types_v0.9_cargo_rules.csv,enemy weapon groups keep the current Silver enemy baseline.
weapon_group_enemy_ancient_L02_03,"Враги — Древние — уровень 2, вариант 3","Вражеские группы Древних: тяжёлое, дальнобойное и взрывное оружие. Strict-level: 2; weapon count: 1; enemy baseline tier: Silver.",2,Enemy,,Ancients,,Enemy faction; not part of ally order,Ancients,ancient,3,1,205,Silver,missile,weapon_ancient_missile_silver_L02_01,,,,,1,OK,OK,OK,OK,OK,N/A_ENEMY_SILVER_BASELINE,N/A_ENEMY,OK,stage-2a-sprint-4-2026.08.03,Assets/_Project/Content/Configs/Weapons/STAR_FRONTIER_WeaponConfig_300_config_fields_RU_no_enemy_types_v0.9_cargo_rules.csv,enemy weapon groups keep the current Silver enemy baseline.
weapon_group_enemy_ancient_L02_04,"Враги — Древние — уровень 2, вариант 4","Вражеские группы Древних: тяжёлое, дальнобойное и взрывное оружие. Strict-level: 2; weapon count: 1; enemy baseline tier: Silver.",2,Enemy,,Ancients,,Enemy faction; not part of ally order,Ancients,ancient,4,1,202,Silver,laser,weapon_ancient_laser_silver_L02_01,,,,,1,OK,OK,OK,OK,OK,N/A_ENEMY_SILVER_BASELINE,N/A_ENEMY,OK,stage-2a-sprint-4-2026.08.03,Assets/_Project/Content/Configs/Weapons/STAR_FRONTIER_WeaponConfig_300_config_fields_RU_no_enemy_types_v0.9_cargo_rules.csv,enemy weapon groups keep the current Silver enemy baseline.
weapon_group_enemy_ancient_L02_05,"Враги — Древние — уровень 2, вариант 5","Вражеские группы Древних: тяжёлое, дальнобойное и взрывное оружие. Strict-level: 2; weapon count: 1; enemy baseline tier: Silver.",2,Enemy,,Ancients,,Enemy faction; not part of ally order,Ancients,ancient,5,1,201,Silver,pulse,weapon_ancient_pulse_silver_L02_01,,,,,1,OK,OK,OK,OK,OK,N/A_ENEMY_SILVER_BASELINE,N/A_ENEMY,OK,stage-2a-sprint-4-2026.08.03,Assets/_Project/Content/Configs/Weapons/STAR_FRONTIER_WeaponConfig_300_config_fields_RU_no_enemy_types_v0.9_cargo_rules.csv,enemy weapon groups keep the current Silver enemy baseline.
weapon_group_enemy_ancient_L03_01,"Враги — Древние — уровень 3, вариант 1","Вражеские группы Древних: тяжёлое, дальнобойное и взрывное оружие. Strict-level: 3; weapon count: 2; enemy baseline tier: Silver.",3,Enemy,,Ancients,,Enemy faction; not part of ally order,Ancients,ancient,1,2,408,Silver + Silver,plasma + missile,weapon_ancient_plasma_silver_L03_01,weapon_ancient_missile_silver_L03_01,,,,2,OK,OK,OK,OK,OK,N/A_ENEMY_SILVER_BASELINE,N/A_ENEMY,OK,stage-2a-sprint-4-2026.08.03,Assets/_Project/Content/Configs/Weapons/STAR_FRONTIER_WeaponConfig_300_config_fields_RU_no_enemy_types_v0.9_cargo_rules.csv,enemy weapon groups keep the current Silver enemy baseline.
weapon_group_enemy_ancient_L03_02,"Враги — Древние — уровень 3, вариант 2","Вражеские группы Древних: тяжёлое, дальнобойное и взрывное оружие. Strict-level: 3; weapon count: 2; enemy baseline tier: Silver.",3,Enemy,,Ancients,,Enemy faction; not part of ally order,Ancients,ancient,2,2,406,Silver + Silver,railgun + laser,weapon_ancient_railgun_silver_L03_01,weapon_ancient_laser_silver_L03_01,,,,2,OK,OK,OK,OK,OK,N/A_ENEMY_SILVER_BASELINE,N/A_ENEMY,OK,stage-2a-sprint-4-2026.08.03,Assets/_Project/Content/Configs/Weapons/STAR_FRONTIER_WeaponConfig_300_config_fields_RU_no_enemy_types_v0.9_cargo_rules.csv,enemy weapon groups keep the current Silver enemy baseline.
weapon_group_enemy_ancient_L03_03,"Враги — Древние — уровень 3, вариант 3","Вражеские группы Древних: тяжёлое, дальнобойное и взрывное оружие. Strict-level: 3; weapon count: 2; enemy baseline tier: Silver.",3,Enemy,,Ancients,,Enemy faction; not part of ally order,Ancients,ancient,3,2,406,Silver + Silver,missile + pulse,weapon_ancient_missile_silver_L03_01,weapon_ancient_pulse_silver_L03_01,,,,2,OK,OK,OK,OK,OK,N/A_ENEMY_SILVER_BASELINE,N/A_ENEMY,OK,stage-2a-sprint-4-2026.08.03,Assets/_Project/Content/Configs/Weapons/STAR_FRONTIER_WeaponConfig_300_config_fields_RU_no_enemy_types_v0.9_cargo_rules.csv,enemy weapon groups keep the current Silver enemy baseline.
weapon_group_enemy_ancient_L03_04,"Враги — Древние — уровень 3, вариант 4","Вражеские группы Древних: тяжёлое, дальнобойное и взрывное оружие. Strict-level: 3; weapon count: 2; enemy baseline tier: Silver.",3,Enemy,,Ancients,,Enemy faction; not part of ally order,Ancients,ancient,4,2,405,Silver + Silver,laser + plasma,weapon_ancient_laser_silver_L03_01,weapon_ancient_plasma_silver_L03_01,,,,2,OK,OK,OK,OK,OK,N/A_ENEMY_SILVER_BASELINE,N/A_ENEMY,OK,stage-2a-sprint-4-2026.08.03,Assets/_Project/Content/Configs/Weapons/STAR_FRONTIER_WeaponConfig_300_config_fields_RU_no_enemy_types_v0.9_cargo_rules.csv,enemy weapon groups keep the current Silver enemy baseline.
weapon_group_enemy_ancient_L03_05,"Враги — Древние — уровень 3, вариант 5","Вражеские группы Древних: тяжёлое, дальнобойное и взрывное оружие. Strict-level: 3; weapon count: 2; enemy baseline tier: Silver.",3,Enemy,,Ancients,,Enemy faction; not part of ally order,Ancients,ancient,5,2,405,Silver + Silver,pulse + railgun,weapon_ancient_pulse_silver_L03_01,weapon_ancient_railgun_silver_L03_01,,,,2,OK,OK,OK,OK,OK,N/A_ENEMY_SILVER_BASELINE,N/A_ENEMY,OK,stage-2a-sprint-4-2026.08.03,Assets/_Project/Content/Configs/Weapons/STAR_FRONTIER_WeaponConfig_300_config_fields_RU_no_enemy_types_v0.9_cargo_rules.csv,enemy weapon groups keep the current Silver enemy baseline.
weapon_group_enemy_ancient_L04_01,"Враги — Древние — уровень 4, вариант 1","Вражеские группы Древних: тяжёлое, дальнобойное и взрывное оружие. Strict-level: 4; weapon count: 2; enemy baseline tier: Silver.",4,Enemy,,Ancients,,Enemy faction; not part of ally order,Ancients,ancient,1,2,408,Silver + Silver,plasma + missile,weapon_ancient_plasma_silver_L04_01,weapon_ancient_missile_silver_L04_01,,,,2,OK,OK,OK,OK,OK,N/A_ENEMY_SILVER_BASELINE,N/A_ENEMY,OK,stage-2a-sprint-4-2026.08.03,Assets/_Project/Content/Configs/Weapons/STAR_FRONTIER_WeaponConfig_300_config_fields_RU_no_enemy_types_v0.9_cargo_rules.csv,enemy weapon groups keep the current Silver enemy baseline.
weapon_group_enemy_ancient_L04_02,"Враги — Древние — уровень 4, вариант 2","Вражеские группы Древних: тяжёлое, дальнобойное и взрывное оружие. Strict-level: 4; weapon count: 2; enemy baseline tier: Silver.",4,Enemy,,Ancients,,Enemy faction; not part of ally order,Ancients,ancient,2,2,406,Silver + Silver,railgun + laser,weapon_ancient_railgun_silver_L04_01,weapon_ancient_laser_silver_L04_01,,,,2,OK,OK,OK,OK,OK,N/A_ENEMY_SILVER_BASELINE,N/A_ENEMY,OK,stage-2a-sprint-4-2026.08.03,Assets/_Project/Content/Configs/Weapons/STAR_FRONTIER_WeaponConfig_300_config_fields_RU_no_enemy_types_v0.9_cargo_rules.csv,enemy weapon groups keep the current Silver enemy baseline.
weapon_group_enemy_ancient_L04_03,"Враги — Древние — уровень 4, вариант 3","Вражеские группы Древних: тяжёлое, дальнобойное и взрывное оружие. Strict-level: 4; weapon count: 2; enemy baseline tier: Silver.",4,Enemy,,Ancients,,Enemy faction; not part of ally order,Ancients,ancient,3,2,406,Silver + Silver,missile + pulse,weapon_ancient_missile_silver_L04_01,weapon_ancient_pulse_silver_L04_01,,,,2,OK,OK,OK,OK,OK,N/A_ENEMY_SILVER_BASELINE,N/A_ENEMY,OK,stage-2a-sprint-4-2026.08.03,Assets/_Project/Content/Configs/Weapons/STAR_FRONTIER_WeaponConfig_300_config_fields_RU_no_enemy_types_v0.9_cargo_rules.csv,enemy weapon groups keep the current Silver enemy baseline.
weapon_group_enemy_ancient_L04_04,"Враги — Древние — уровень 4, вариант 4","Вражеские группы Древних: тяжёлое, дальнобойное и взрывное оружие. Strict-level: 4; weapon count: 2; enemy baseline tier: Silver.",4,Enemy,,Ancients,,Enemy faction; not part of ally order,Ancients,ancient,4,2,405,Silver + Silver,laser + plasma,weapon_ancient_laser_silver_L04_01,weapon_ancient_plasma_silver_L04_01,,,,2,OK,OK,OK,OK,OK,N/A_ENEMY_SILVER_BASELINE,N/A_ENEMY,OK,stage-2a-sprint-4-2026.08.03,Assets/_Project/Content/Configs/Weapons/STAR_FRONTIER_WeaponConfig_300_config_fields_RU_no_enemy_types_v0.9_cargo_rules.csv,enemy weapon groups keep the current Silver enemy baseline.
weapon_group_enemy_ancient_L04_05,"Враги — Древние — уровень 4, вариант 5","Вражеские группы Древних: тяжёлое, дальнобойное и взрывное оружие. Strict-level: 4; weapon count: 2; enemy baseline tier: Silver.",4,Enemy,,Ancients,,Enemy faction; not part of ally order,Ancients,ancient,5,2,405,Silver + Silver,pulse + railgun,weapon_ancient_pulse_silver_L04_01,weapon_ancient_railgun_silver_L04_01,,,,2,OK,OK,OK,OK,OK,N/A_ENEMY_SILVER_BASELINE,N/A_ENEMY,OK,stage-2a-sprint-4-2026.08.03,Assets/_Project/Content/Configs/Weapons/STAR_FRONTIER_WeaponConfig_300_config_fields_RU_no_enemy_types_v0.9_cargo_rules.csv,enemy weapon groups keep the current Silver enemy baseline.
weapon_group_enemy_ancient_L05_01,"Враги — Древние — уровень 5, вариант 1","Вражеские группы Древних: тяжёлое, дальнобойное и взрывное оружие. Strict-level: 5; weapon count: 3; enemy baseline tier: Silver.",5,Enemy,,Ancients,,Enemy faction; not part of ally order,Ancients,ancient,1,3,609,Silver + Silver + Silver,plasma + missile + pulse,weapon_ancient_plasma_silver_L05_01,weapon_ancient_missile_silver_L05_01,weapon_ancient_pulse_silver_L05_01,,,3,OK,OK,OK,OK,OK,N/A_ENEMY_SILVER_BASELINE,N/A_ENEMY,OK,stage-2a-sprint-4-2026.08.03,Assets/_Project/Content/Configs/Weapons/STAR_FRONTIER_WeaponConfig_300_config_fields_RU_no_enemy_types_v0.9_cargo_rules.csv,enemy weapon groups keep the current Silver enemy baseline.
weapon_group_enemy_ancient_L05_02,"Враги — Древние — уровень 5, вариант 2","Вражеские группы Древних: тяжёлое, дальнобойное и взрывное оружие. Strict-level: 5; weapon count: 3; enemy baseline tier: Silver.",5,Enemy,,Ancients,,Enemy faction; not part of ally order,Ancients,ancient,2,3,609,Silver + Silver + Silver,railgun + laser + plasma,weapon_ancient_railgun_silver_L05_01,weapon_ancient_laser_silver_L05_01,weapon_ancient_plasma_silver_L05_01,,,3,OK,OK,OK,OK,OK,N/A_ENEMY_SILVER_BASELINE,N/A_ENEMY,OK,stage-2a-sprint-4-2026.08.03,Assets/_Project/Content/Configs/Weapons/STAR_FRONTIER_WeaponConfig_300_config_fields_RU_no_enemy_types_v0.9_cargo_rules.csv,enemy weapon groups keep the current Silver enemy baseline.
weapon_group_enemy_ancient_L05_03,"Враги — Древние — уровень 5, вариант 3","Вражеские группы Древних: тяжёлое, дальнобойное и взрывное оружие. Strict-level: 5; weapon count: 3; enemy baseline tier: Silver.",5,Enemy,,Ancients,,Enemy faction; not part of ally order,Ancients,ancient,3,3,610,Silver + Silver + Silver,missile + pulse + railgun,weapon_ancient_missile_silver_L05_01,weapon_ancient_pulse_silver_L05_01,weapon_ancient_railgun_silver_L05_01,,,3,OK,OK,OK,OK,OK,N/A_ENEMY_SILVER_BASELINE,N/A_ENEMY,OK,stage-2a-sprint-4-2026.08.03,Assets/_Project/Content/Configs/Weapons/STAR_FRONTIER_WeaponConfig_300_config_fields_RU_no_enemy_types_v0.9_cargo_rules.csv,enemy weapon groups keep the current Silver enemy baseline.
weapon_group_enemy_ancient_L05_04,"Враги — Древние — уровень 5, вариант 4","Вражеские группы Древних: тяжёлое, дальнобойное и взрывное оружие. Strict-level: 5; weapon count: 3; enemy baseline tier: Silver.",5,Enemy,,Ancients,,Enemy faction; not part of ally order,Ancients,ancient,4,3,610,Silver + Silver + Silver,laser + plasma + missile,weapon_ancient_laser_silver_L05_01,weapon_ancient_plasma_silver_L05_01,weapon_ancient_missile_silver_L05_01,,,3,OK,OK,OK,OK,OK,N/A_ENEMY_SILVER_BASELINE,N/A_ENEMY,OK,stage-2a-sprint-4-2026.08.03,Assets/_Project/Content/Configs/Weapons/STAR_FRONTIER_WeaponConfig_300_config_fields_RU_no_enemy_types_v0.9_cargo_rules.csv,enemy weapon groups keep the current Silver enemy baseline.
weapon_group_enemy_ancient_L05_05,"Враги — Древние — уровень 5, вариант 5","Вражеские группы Древних: тяжёлое, дальнобойное и взрывное оружие. Strict-level: 5; weapon count: 3; enemy baseline tier: Silver.",5,Enemy,,Ancients,,Enemy faction; not part of ally order,Ancients,ancient,5,3,607,Silver + Silver + Silver,pulse + railgun + laser,weapon_ancient_pulse_silver_L05_01,weapon_ancient_railgun_silver_L05_01,weapon_ancient_laser_silver_L05_01,,,3,OK,OK,OK,OK,OK,N/A_ENEMY_SILVER_BASELINE,N/A_ENEMY,OK,stage-2a-sprint-4-2026.08.03,Assets/_Project/Content/Configs/Weapons/STAR_FRONTIER_WeaponConfig_300_config_fields_RU_no_enemy_types_v0.9_cargo_rules.csv,enemy weapon groups keep the current Silver enemy baseline.
weapon_group_enemy_ancient_L06_01,"Враги — Древние — уровень 6, вариант 1","Вражеские группы Древних: тяжёлое, дальнобойное и взрывное оружие. Strict-level: 6; weapon count: 3; enemy baseline tier: Silver.",6,Enemy,,Ancients,,Enemy faction; not part of ally order,Ancients,ancient,1,3,609,Silver + Silver + Silver,plasma + missile + pulse,weapon_ancient_plasma_silver_L06_01,weapon_ancient_missile_silver_L06_01,weapon_ancient_pulse_silver_L06_01,,,3,OK,OK,OK,OK,OK,N/A_ENEMY_SILVER_BASELINE,N/A_ENEMY,OK,stage-2a-sprint-4-2026.08.03,Assets/_Project/Content/Configs/Weapons/STAR_FRONTIER_WeaponConfig_300_config_fields_RU_no_enemy_types_v0.9_cargo_rules.csv,enemy weapon groups keep the current Silver enemy baseline.
weapon_group_enemy_ancient_L06_02,"Враги — Древние — уровень 6, вариант 2","Вражеские группы Древних: тяжёлое, дальнобойное и взрывное оружие. Strict-level: 6; weapon count: 3; enemy baseline tier: Silver.",6,Enemy,,Ancients,,Enemy faction; not part of ally order,Ancients,ancient,2,3,609,Silver + Silver + Silver,railgun + laser + plasma,weapon_ancient_railgun_silver_L06_01,weapon_ancient_laser_silver_L06_01,weapon_ancient_plasma_silver_L06_01,,,3,OK,OK,OK,OK,OK,N/A_ENEMY_SILVER_BASELINE,N/A_ENEMY,OK,stage-2a-sprint-4-2026.08.03,Assets/_Project/Content/Configs/Weapons/STAR_FRONTIER_WeaponConfig_300_config_fields_RU_no_enemy_types_v0.9_cargo_rules.csv,enemy weapon groups keep the current Silver enemy baseline.
weapon_group_enemy_ancient_L06_03,"Враги — Древние — уровень 6, вариант 3","Вражеские группы Древних: тяжёлое, дальнобойное и взрывное оружие. Strict-level: 6; weapon count: 3; enemy baseline tier: Silver.",6,Enemy,,Ancients,,Enemy faction; not part of ally order,Ancients,ancient,3,3,610,Silver + Silver + Silver,missile + pulse + railgun,weapon_ancient_missile_silver_L06_01,weapon_ancient_pulse_silver_L06_01,weapon_ancient_railgun_silver_L06_01,,,3,OK,OK,OK,OK,OK,N/A_ENEMY_SILVER_BASELINE,N/A_ENEMY,OK,stage-2a-sprint-4-2026.08.03,Assets/_Project/Content/Configs/Weapons/STAR_FRONTIER_WeaponConfig_300_config_fields_RU_no_enemy_types_v0.9_cargo_rules.csv,enemy weapon groups keep the current Silver enemy baseline.
weapon_group_enemy_ancient_L06_04,"Враги — Древние — уровень 6, вариант 4","Вражеские группы Древних: тяжёлое, дальнобойное и взрывное оружие. Strict-level: 6; weapon count: 3; enemy baseline tier: Silver.",6,Enemy,,Ancients,,Enemy faction; not part of ally order,Ancients,ancient,4,3,610,Silver + Silver + Silver,laser + plasma + missile,weapon_ancient_laser_silver_L06_01,weapon_ancient_plasma_silver_L06_01,weapon_ancient_missile_silver_L06_01,,,3,OK,OK,OK,OK,OK,N/A_ENEMY_SILVER_BASELINE,N/A_ENEMY,OK,stage-2a-sprint-4-2026.08.03,Assets/_Project/Content/Configs/Weapons/STAR_FRONTIER_WeaponConfig_300_config_fields_RU_no_enemy_types_v0.9_cargo_rules.csv,enemy weapon groups keep the current Silver enemy baseline.
weapon_group_enemy_ancient_L06_05,"Враги — Древние — уровень 6, вариант 5","Вражеские группы Древних: тяжёлое, дальнобойное и взрывное оружие. Strict-level: 6; weapon count: 3; enemy baseline tier: Silver.",6,Enemy,,Ancients,,Enemy faction; not part of ally order,Ancients,ancient,5,3,607,Silver + Silver + Silver,pulse + railgun + laser,weapon_ancient_pulse_silver_L06_01,weapon_ancient_railgun_silver_L06_01,weapon_ancient_laser_silver_L06_01,,,3,OK,OK,OK,OK,OK,N/A_ENEMY_SILVER_BASELINE,N/A_ENEMY,OK,stage-2a-sprint-4-2026.08.03,Assets/_Project/Content/Configs/Weapons/STAR_FRONTIER_WeaponConfig_300_config_fields_RU_no_enemy_types_v0.9_cargo_rules.csv,enemy weapon groups keep the current Silver enemy baseline.
weapon_group_enemy_ancient_L07_01,"Враги — Древние — уровень 7, вариант 1","Вражеские группы Древних: тяжёлое, дальнобойное и взрывное оружие. Strict-level: 7; weapon count: 4; enemy baseline tier: Silver.",7,Enemy,,Ancients,,Enemy faction; not part of ally order,Ancients,ancient,1,4,813,Silver + Silver + Silver + Silver,plasma + missile + pulse + railgun,weapon_ancient_plasma_silver_L07_01,weapon_ancient_missile_silver_L07_01,weapon_ancient_pulse_silver_L07_01,weapon_ancient_railgun_silver_L07_01,,4,OK,OK,OK,OK,OK,N/A_ENEMY_SILVER_BASELINE,N/A_ENEMY,OK,stage-2a-sprint-4-2026.08.03,Assets/_Project/Content/Configs/Weapons/STAR_FRONTIER_WeaponConfig_300_config_fields_RU_no_enemy_types_v0.9_cargo_rules.csv,enemy weapon groups keep the current Silver enemy baseline.
weapon_group_enemy_ancient_L07_02,"Враги — Древние — уровень 7, вариант 2","Вражеские группы Древних: тяжёлое, дальнобойное и взрывное оружие. Strict-level: 7; weapon count: 4; enemy baseline tier: Silver.",7,Enemy,,Ancients,,Enemy faction; not part of ally order,Ancients,ancient,2,4,814,Silver + Silver + Silver + Silver,railgun + laser + plasma + missile,weapon_ancient_railgun_silver_L07_01,weapon_ancient_laser_silver_L07_01,weapon_ancient_plasma_silver_L07_01,weapon_ancient_missile_silver_L07_01,,4,OK,OK,OK,OK,OK,N/A_ENEMY_SILVER_BASELINE,N/A_ENEMY,OK,stage-2a-sprint-4-2026.08.03,Assets/_Project/Content/Configs/Weapons/STAR_FRONTIER_WeaponConfig_300_config_fields_RU_no_enemy_types_v0.9_cargo_rules.csv,enemy weapon groups keep the current Silver enemy baseline.
weapon_group_enemy_ancient_L07_03,"Враги — Древние — уровень 7, вариант 3","Вражеские группы Древних: тяжёлое, дальнобойное и взрывное оружие. Strict-level: 7; weapon count: 4; enemy baseline tier: Silver.",7,Enemy,,Ancients,,Enemy faction; not part of ally order,Ancients,ancient,3,4,812,Silver + Silver + Silver + Silver,missile + pulse + railgun + laser,weapon_ancient_missile_silver_L07_01,weapon_ancient_pulse_silver_L07_01,weapon_ancient_railgun_silver_L07_01,weapon_ancient_laser_silver_L07_01,,4,OK,OK,OK,OK,OK,N/A_ENEMY_SILVER_BASELINE,N/A_ENEMY,OK,stage-2a-sprint-4-2026.08.03,Assets/_Project/Content/Configs/Weapons/STAR_FRONTIER_WeaponConfig_300_config_fields_RU_no_enemy_types_v0.9_cargo_rules.csv,enemy weapon groups keep the current Silver enemy baseline.
weapon_group_enemy_ancient_L07_04,"Враги — Древние — уровень 7, вариант 4","Вражеские группы Древних: тяжёлое, дальнобойное и взрывное оружие. Strict-level: 7; weapon count: 4; enemy baseline tier: Silver.",7,Enemy,,Ancients,,Enemy faction; not part of ally order,Ancients,ancient,4,4,811,Silver + Silver + Silver + Silver,laser + plasma + missile + pulse,weapon_ancient_laser_silver_L07_01,weapon_ancient_plasma_silver_L07_01,weapon_ancient_missile_silver_L07_01,weapon_ancient_pulse_silver_L07_01,,4,OK,OK,OK,OK,OK,N/A_ENEMY_SILVER_BASELINE,N/A_ENEMY,OK,stage-2a-sprint-4-2026.08.03,Assets/_Project/Content/Configs/Weapons/STAR_FRONTIER_WeaponConfig_300_config_fields_RU_no_enemy_types_v0.9_cargo_rules.csv,enemy weapon groups keep the current Silver enemy baseline.
weapon_group_enemy_ancient_L07_05,"Враги — Древние — уровень 7, вариант 5","Вражеские группы Древних: тяжёлое, дальнобойное и взрывное оружие. Strict-level: 7; weapon count: 4; enemy baseline tier: Silver.",7,Enemy,,Ancients,,Enemy faction; not part of ally order,Ancients,ancient,5,4,810,Silver + Silver + Silver + Silver,pulse + railgun + laser + plasma,weapon_ancient_pulse_silver_L07_01,weapon_ancient_railgun_silver_L07_01,weapon_ancient_laser_silver_L07_01,weapon_ancient_plasma_silver_L07_01,,4,OK,OK,OK,OK,OK,N/A_ENEMY_SILVER_BASELINE,N/A_ENEMY,OK,stage-2a-sprint-4-2026.08.03,Assets/_Project/Content/Configs/Weapons/STAR_FRONTIER_WeaponConfig_300_config_fields_RU_no_enemy_types_v0.9_cargo_rules.csv,enemy weapon groups keep the current Silver enemy baseline.
weapon_group_enemy_ancient_L08_01,"Враги — Древние — уровень 8, вариант 1","Вражеские группы Древних: тяжёлое, дальнобойное и взрывное оружие. Strict-level: 8; weapon count: 4; enemy baseline tier: Silver.",8,Enemy,,Ancients,,Enemy faction; not part of ally order,Ancients,ancient,1,4,813,Silver + Silver + Silver + Silver,plasma + missile + pulse + railgun,weapon_ancient_plasma_silver_L08_01,weapon_ancient_missile_silver_L08_01,weapon_ancient_pulse_silver_L08_01,weapon_ancient_railgun_silver_L08_01,,4,OK,OK,OK,OK,OK,N/A_ENEMY_SILVER_BASELINE,N/A_ENEMY,OK,stage-2a-sprint-4-2026.08.03,Assets/_Project/Content/Configs/Weapons/STAR_FRONTIER_WeaponConfig_300_config_fields_RU_no_enemy_types_v0.9_cargo_rules.csv,enemy weapon groups keep the current Silver enemy baseline.
weapon_group_enemy_ancient_L08_02,"Враги — Древние — уровень 8, вариант 2","Вражеские группы Древних: тяжёлое, дальнобойное и взрывное оружие. Strict-level: 8; weapon count: 4; enemy baseline tier: Silver.",8,Enemy,,Ancients,,Enemy faction; not part of ally order,Ancients,ancient,2,4,814,Silver + Silver + Silver + Silver,railgun + laser + plasma + missile,weapon_ancient_railgun_silver_L08_01,weapon_ancient_laser_silver_L08_01,weapon_ancient_plasma_silver_L08_01,weapon_ancient_missile_silver_L08_01,,4,OK,OK,OK,OK,OK,N/A_ENEMY_SILVER_BASELINE,N/A_ENEMY,OK,stage-2a-sprint-4-2026.08.03,Assets/_Project/Content/Configs/Weapons/STAR_FRONTIER_WeaponConfig_300_config_fields_RU_no_enemy_types_v0.9_cargo_rules.csv,enemy weapon groups keep the current Silver enemy baseline.
weapon_group_enemy_ancient_L08_03,"Враги — Древние — уровень 8, вариант 3","Вражеские группы Древних: тяжёлое, дальнобойное и взрывное оружие. Strict-level: 8; weapon count: 4; enemy baseline tier: Silver.",8,Enemy,,Ancients,,Enemy faction; not part of ally order,Ancients,ancient,3,4,812,Silver + Silver + Silver + Silver,missile + pulse + railgun + laser,weapon_ancient_missile_silver_L08_01,weapon_ancient_pulse_silver_L08_01,weapon_ancient_railgun_silver_L08_01,weapon_ancient_laser_silver_L08_01,,4,OK,OK,OK,OK,OK,N/A_ENEMY_SILVER_BASELINE,N/A_ENEMY,OK,stage-2a-sprint-4-2026.08.03,Assets/_Project/Content/Configs/Weapons/STAR_FRONTIER_WeaponConfig_300_config_fields_RU_no_enemy_types_v0.9_cargo_rules.csv,enemy weapon groups keep the current Silver enemy baseline.
weapon_group_enemy_ancient_L08_04,"Враги — Древние — уровень 8, вариант 4","Вражеские группы Древних: тяжёлое, дальнобойное и взрывное оружие. Strict-level: 8; weapon count: 4; enemy baseline tier: Silver.",8,Enemy,,Ancients,,Enemy faction; not part of ally order,Ancients,ancient,4,4,811,Silver + Silver + Silver + Silver,laser + plasma + missile + pulse,weapon_ancient_laser_silver_L08_01,weapon_ancient_plasma_silver_L08_01,weapon_ancient_missile_silver_L08_01,weapon_ancient_pulse_silver_L08_01,,4,OK,OK,OK,OK,OK,N/A_ENEMY_SILVER_BASELINE,N/A_ENEMY,OK,stage-2a-sprint-4-2026.08.03,Assets/_Project/Content/Configs/Weapons/STAR_FRONTIER_WeaponConfig_300_config_fields_RU_no_enemy_types_v0.9_cargo_rules.csv,enemy weapon groups keep the current Silver enemy baseline.
weapon_group_enemy_ancient_L08_05,"Враги — Древние — уровень 8, вариант 5","Вражеские группы Древних: тяжёлое, дальнобойное и взрывное оружие. Strict-level: 8; weapon count: 4; enemy baseline tier: Silver.",8,Enemy,,Ancients,,Enemy faction; not part of ally order,Ancients,ancient,5,4,810,Silver + Silver + Silver + Silver,pulse + railgun + laser + plasma,weapon_ancient_pulse_silver_L08_01,weapon_ancient_railgun_silver_L08_01,weapon_ancient_laser_silver_L08_01,weapon_ancient_plasma_silver_L08_01,,4,OK,OK,OK,OK,OK,N/A_ENEMY_SILVER_BASELINE,N/A_ENEMY,OK,stage-2a-sprint-4-2026.08.03,Assets/_Project/Content/Configs/Weapons/STAR_FRONTIER_WeaponConfig_300_config_fields_RU_no_enemy_types_v0.9_cargo_rules.csv,enemy weapon groups keep the current Silver enemy baseline.
weapon_group_enemy_ancient_L09_01,"Враги — Древние — уровень 9, вариант 1","Вражеские группы Древних: тяжёлое, дальнобойное и взрывное оружие. Strict-level: 9; weapon count: 5; enemy baseline tier: Silver.",9,Enemy,,Ancients,,Enemy faction; not part of ally order,Ancients,ancient,1,5,1015,Silver + Silver + Silver + Silver + Silver,plasma + missile + pulse + railgun + laser,weapon_ancient_plasma_silver_L09_01,weapon_ancient_missile_silver_L09_01,weapon_ancient_pulse_silver_L09_01,weapon_ancient_railgun_silver_L09_01,weapon_ancient_laser_silver_L09_01,5,OK,OK,OK,OK,OK,N/A_ENEMY_SILVER_BASELINE,N/A_ENEMY,OK,stage-2a-sprint-4-2026.08.03,Assets/_Project/Content/Configs/Weapons/STAR_FRONTIER_WeaponConfig_300_config_fields_RU_no_enemy_types_v0.9_cargo_rules.csv,enemy weapon groups keep the current Silver enemy baseline.
weapon_group_enemy_ancient_L09_02,"Враги — Древние — уровень 9, вариант 2","Вражеские группы Древних: тяжёлое, дальнобойное и взрывное оружие. Strict-level: 9; weapon count: 5; enemy baseline tier: Silver.",9,Enemy,,Ancients,,Enemy faction; not part of ally order,Ancients,ancient,2,5,1015,Silver + Silver + Silver + Silver + Silver,railgun + laser + plasma + missile + pulse,weapon_ancient_railgun_silver_L09_01,weapon_ancient_laser_silver_L09_01,weapon_ancient_plasma_silver_L09_01,weapon_ancient_missile_silver_L09_01,weapon_ancient_pulse_silver_L09_01,5,OK,OK,OK,OK,OK,N/A_ENEMY_SILVER_BASELINE,N/A_ENEMY,OK,stage-2a-sprint-4-2026.08.03,Assets/_Project/Content/Configs/Weapons/STAR_FRONTIER_WeaponConfig_300_config_fields_RU_no_enemy_types_v0.9_cargo_rules.csv,enemy weapon groups keep the current Silver enemy baseline.
weapon_group_enemy_ancient_L09_03,"Враги — Древние — уровень 9, вариант 3","Вражеские группы Древних: тяжёлое, дальнобойное и взрывное оружие. Strict-level: 9; weapon count: 5; enemy baseline tier: Silver.",9,Enemy,,Ancients,,Enemy faction; not part of ally order,Ancients,ancient,3,5,1015,Silver + Silver + Silver + Silver + Silver,missile + pulse + railgun + laser + plasma,weapon_ancient_missile_silver_L09_01,weapon_ancient_pulse_silver_L09_01,weapon_ancient_railgun_silver_L09_01,weapon_ancient_laser_silver_L09_01,weapon_ancient_plasma_silver_L09_01,5,OK,OK,OK,OK,OK,N/A_ENEMY_SILVER_BASELINE,N/A_ENEMY,OK,stage-2a-sprint-4-2026.08.03,Assets/_Project/Content/Configs/Weapons/STAR_FRONTIER_WeaponConfig_300_config_fields_RU_no_enemy_types_v0.9_cargo_rules.csv,enemy weapon groups keep the current Silver enemy baseline.
weapon_group_enemy_ancient_L09_04,"Враги — Древние — уровень 9, вариант 4","Вражеские группы Древних: тяжёлое, дальнобойное и взрывное оружие. Strict-level: 9; weapon count: 5; enemy baseline tier: Silver.",9,Enemy,,Ancients,,Enemy faction; not part of ally order,Ancients,ancient,4,5,1015,Silver + Silver + Silver + Silver + Silver,laser + plasma + missile + pulse + railgun,weapon_ancient_laser_silver_L09_01,weapon_ancient_plasma_silver_L09_01,weapon_ancient_missile_silver_L09_01,weapon_ancient_pulse_silver_L09_01,weapon_ancient_railgun_silver_L09_01,5,OK,OK,OK,OK,OK,N/A_ENEMY_SILVER_BASELINE,N/A_ENEMY,OK,stage-2a-sprint-4-2026.08.03,Assets/_Project/Content/Configs/Weapons/STAR_FRONTIER_WeaponConfig_300_config_fields_RU_no_enemy_types_v0.9_cargo_rules.csv,enemy weapon groups keep the current Silver enemy baseline.
weapon_group_enemy_ancient_L09_05,"Враги — Древние — уровень 9, вариант 5","Вражеские группы Древних: тяжёлое, дальнобойное и взрывное оружие. Strict-level: 9; weapon count: 5; enemy baseline tier: Silver.",9,Enemy,,Ancients,,Enemy faction; not part of ally order,Ancients,ancient,5,5,1015,Silver + Silver + Silver + Silver + Silver,pulse + railgun + laser + plasma + missile,weapon_ancient_pulse_silver_L09_01,weapon_ancient_railgun_silver_L09_01,weapon_ancient_laser_silver_L09_01,weapon_ancient_plasma_silver_L09_01,weapon_ancient_missile_silver_L09_01,5,OK,OK,OK,OK,OK,N/A_ENEMY_SILVER_BASELINE,N/A_ENEMY,OK,stage-2a-sprint-4-2026.08.03,Assets/_Project/Content/Configs/Weapons/STAR_FRONTIER_WeaponConfig_300_config_fields_RU_no_enemy_types_v0.9_cargo_rules.csv,enemy weapon groups keep the current Silver enemy baseline.
weapon_group_enemy_ancient_L10_01,"Враги — Древние — уровень 10, вариант 1","Вражеские группы Древних: тяжёлое, дальнобойное и взрывное оружие. Strict-level: 10; weapon count: 5; enemy baseline tier: Silver.",10,Enemy,,Ancients,,Enemy faction; not part of ally order,Ancients,ancient,1,5,1015,Silver + Silver + Silver + Silver + Silver,plasma + missile + pulse + railgun + laser,weapon_ancient_plasma_silver_L10_01,weapon_ancient_missile_silver_L10_01,weapon_ancient_pulse_silver_L10_01,weapon_ancient_railgun_silver_L10_01,weapon_ancient_laser_silver_L10_01,5,OK,OK,OK,OK,OK,N/A_ENEMY_SILVER_BASELINE,N/A_ENEMY,OK,stage-2a-sprint-4-2026.08.03,Assets/_Project/Content/Configs/Weapons/STAR_FRONTIER_WeaponConfig_300_config_fields_RU_no_enemy_types_v0.9_cargo_rules.csv,enemy weapon groups keep the current Silver enemy baseline.
weapon_group_enemy_ancient_L10_02,"Враги — Древние — уровень 10, вариант 2","Вражеские группы Древних: тяжёлое, дальнобойное и взрывное оружие. Strict-level: 10; weapon count: 5; enemy baseline tier: Silver.",10,Enemy,,Ancients,,Enemy faction; not part of ally order,Ancients,ancient,2,5,1015,Silver + Silver + Silver + Silver + Silver,railgun + laser + plasma + missile + pulse,weapon_ancient_railgun_silver_L10_01,weapon_ancient_laser_silver_L10_01,weapon_ancient_plasma_silver_L10_01,weapon_ancient_missile_silver_L10_01,weapon_ancient_pulse_silver_L10_01,5,OK,OK,OK,OK,OK,N/A_ENEMY_SILVER_BASELINE,N/A_ENEMY,OK,stage-2a-sprint-4-2026.08.03,Assets/_Project/Content/Configs/Weapons/STAR_FRONTIER_WeaponConfig_300_config_fields_RU_no_enemy_types_v0.9_cargo_rules.csv,enemy weapon groups keep the current Silver enemy baseline.
weapon_group_enemy_ancient_L10_03,"Враги — Древние — уровень 10, вариант 3","Вражеские группы Древних: тяжёлое, дальнобойное и взрывное оружие. Strict-level: 10; weapon count: 5; enemy baseline tier: Silver.",10,Enemy,,Ancients,,Enemy faction; not part of ally order,Ancients,ancient,3,5,1015,Silver + Silver + Silver + Silver + Silver,missile + pulse + railgun + laser + plasma,weapon_ancient_missile_silver_L10_01,weapon_ancient_pulse_silver_L10_01,weapon_ancient_railgun_silver_L10_01,weapon_ancient_laser_silver_L10_01,weapon_ancient_plasma_silver_L10_01,5,OK,OK,OK,OK,OK,N/A_ENEMY_SILVER_BASELINE,N/A_ENEMY,OK,stage-2a-sprint-4-2026.08.03,Assets/_Project/Content/Configs/Weapons/STAR_FRONTIER_WeaponConfig_300_config_fields_RU_no_enemy_types_v0.9_cargo_rules.csv,enemy weapon groups keep the current Silver enemy baseline.
weapon_group_enemy_ancient_L10_04,"Враги — Древние — уровень 10, вариант 4","Вражеские группы Древних: тяжёлое, дальнобойное и взрывное оружие. Strict-level: 10; weapon count: 5; enemy baseline tier: Silver.",10,Enemy,,Ancients,,Enemy faction; not part of ally order,Ancients,ancient,4,5,1015,Silver + Silver + Silver + Silver + Silver,laser + plasma + missile + pulse + railgun,weapon_ancient_laser_silver_L10_01,weapon_ancient_plasma_silver_L10_01,weapon_ancient_missile_silver_L10_01,weapon_ancient_pulse_silver_L10_01,weapon_ancient_railgun_silver_L10_01,5,OK,OK,OK,OK,OK,N/A_ENEMY_SILVER_BASELINE,N/A_ENEMY,OK,stage-2a-sprint-4-2026.08.03,Assets/_Project/Content/Configs/Weapons/STAR_FRONTIER_WeaponConfig_300_config_fields_RU_no_enemy_types_v0.9_cargo_rules.csv,enemy weapon groups keep the current Silver enemy baseline.
weapon_group_enemy_ancient_L10_05,"Враги — Древние — уровень 10, вариант 5","Вражеские группы Древних: тяжёлое, дальнобойное и взрывное оружие. Strict-level: 10; weapon count: 5; enemy baseline tier: Silver.",10,Enemy,,Ancients,,Enemy faction; not part of ally order,Ancients,ancient,5,5,1015,Silver + Silver + Silver + Silver + Silver,pulse + railgun + laser + plasma + missile,weapon_ancient_pulse_silver_L10_01,weapon_ancient_railgun_silver_L10_01,weapon_ancient_laser_silver_L10_01,weapon_ancient_plasma_silver_L10_01,weapon_ancient_missile_silver_L10_01,5,OK,OK,OK,OK,OK,N/A_ENEMY_SILVER_BASELINE,N/A_ENEMY,OK,stage-2a-sprint-4-2026.08.03,Assets/_Project/Content/Configs/Weapons/STAR_FRONTIER_WeaponConfig_300_config_fields_RU_no_enemy_types_v0.9_cargo_rules.csv,enemy weapon groups keep the current Silver enemy baseline.
weapon_group_enemy_infected_L01_01,"Враги — Заражённые — уровень 1, вариант 1",Вражеские группы Заражённых: нестабильный шквальный и тяжёлый огонь. Strict-level: 1; weapon count: 1; enemy baseline tier: Silver.,1,Enemy,,Infected,,Enemy faction; not part of ally order,Infected,infected,1,1,201,Silver,pulse,weapon_infected_pulse_silver_L01_01,,,,,1,OK,OK,OK,OK,OK,N/A_ENEMY_SILVER_BASELINE,N/A_ENEMY,OK,stage-2a-sprint-4-2026.08.03,Assets/_Project/Content/Configs/Weapons/STAR_FRONTIER_WeaponConfig_300_config_fields_RU_no_enemy_types_v0.9_cargo_rules.csv,enemy weapon groups keep the current Silver enemy baseline.
weapon_group_enemy_infected_L01_02,"Враги — Заражённые — уровень 1, вариант 2",Вражеские группы Заражённых: нестабильный шквальный и тяжёлый огонь. Strict-level: 1; weapon count: 1; enemy baseline tier: Silver.,1,Enemy,,Infected,,Enemy faction; not part of ally order,Infected,infected,2,1,203,Silver,plasma,weapon_infected_plasma_silver_L01_01,,,,,1,OK,OK,OK,OK,OK,N/A_ENEMY_SILVER_BASELINE,N/A_ENEMY,OK,stage-2a-sprint-4-2026.08.03,Assets/_Project/Content/Configs/Weapons/STAR_FRONTIER_WeaponConfig_300_config_fields_RU_no_enemy_types_v0.9_cargo_rules.csv,enemy weapon groups keep the current Silver enemy baseline.
weapon_group_enemy_infected_L01_03,"Враги — Заражённые — уровень 1, вариант 3",Вражеские группы Заражённых: нестабильный шквальный и тяжёлый огонь. Strict-level: 1; weapon count: 1; enemy baseline tier: Silver.,1,Enemy,,Infected,,Enemy faction; not part of ally order,Infected,infected,3,1,205,Silver,missile,weapon_infected_missile_silver_L01_01,,,,,1,OK,OK,OK,OK,OK,N/A_ENEMY_SILVER_BASELINE,N/A_ENEMY,OK,stage-2a-sprint-4-2026.08.03,Assets/_Project/Content/Configs/Weapons/STAR_FRONTIER_WeaponConfig_300_config_fields_RU_no_enemy_types_v0.9_cargo_rules.csv,enemy weapon groups keep the current Silver enemy baseline.
weapon_group_enemy_infected_L01_04,"Враги — Заражённые — уровень 1, вариант 4",Вражеские группы Заражённых: нестабильный шквальный и тяжёлый огонь. Strict-level: 1; weapon count: 1; enemy baseline tier: Silver.,1,Enemy,,Infected,,Enemy faction; not part of ally order,Infected,infected,4,1,202,Silver,laser,weapon_infected_laser_silver_L01_01,,,,,1,OK,OK,OK,OK,OK,N/A_ENEMY_SILVER_BASELINE,N/A_ENEMY,OK,stage-2a-sprint-4-2026.08.03,Assets/_Project/Content/Configs/Weapons/STAR_FRONTIER_WeaponConfig_300_config_fields_RU_no_enemy_types_v0.9_cargo_rules.csv,enemy weapon groups keep the current Silver enemy baseline.
weapon_group_enemy_infected_L01_05,"Враги — Заражённые — уровень 1, вариант 5",Вражеские группы Заражённых: нестабильный шквальный и тяжёлый огонь. Strict-level: 1; weapon count: 1; enemy baseline tier: Silver.,1,Enemy,,Infected,,Enemy faction; not part of ally order,Infected,infected,5,1,204,Silver,railgun,weapon_infected_railgun_silver_L01_01,,,,,1,OK,OK,OK,OK,OK,N/A_ENEMY_SILVER_BASELINE,N/A_ENEMY,OK,stage-2a-sprint-4-2026.08.03,Assets/_Project/Content/Configs/Weapons/STAR_FRONTIER_WeaponConfig_300_config_fields_RU_no_enemy_types_v0.9_cargo_rules.csv,enemy weapon groups keep the current Silver enemy baseline.
weapon_group_enemy_infected_L02_01,"Враги — Заражённые — уровень 2, вариант 1",Вражеские группы Заражённых: нестабильный шквальный и тяжёлый огонь. Strict-level: 2; weapon count: 1; enemy baseline tier: Silver.,2,Enemy,,Infected,,Enemy faction; not part of ally order,Infected,infected,1,1,201,Silver,pulse,weapon_infected_pulse_silver_L02_01,,,,,1,OK,OK,OK,OK,OK,N/A_ENEMY_SILVER_BASELINE,N/A_ENEMY,OK,stage-2a-sprint-4-2026.08.03,Assets/_Project/Content/Configs/Weapons/STAR_FRONTIER_WeaponConfig_300_config_fields_RU_no_enemy_types_v0.9_cargo_rules.csv,enemy weapon groups keep the current Silver enemy baseline.
weapon_group_enemy_infected_L02_02,"Враги — Заражённые — уровень 2, вариант 2",Вражеские группы Заражённых: нестабильный шквальный и тяжёлый огонь. Strict-level: 2; weapon count: 1; enemy baseline tier: Silver.,2,Enemy,,Infected,,Enemy faction; not part of ally order,Infected,infected,2,1,203,Silver,plasma,weapon_infected_plasma_silver_L02_01,,,,,1,OK,OK,OK,OK,OK,N/A_ENEMY_SILVER_BASELINE,N/A_ENEMY,OK,stage-2a-sprint-4-2026.08.03,Assets/_Project/Content/Configs/Weapons/STAR_FRONTIER_WeaponConfig_300_config_fields_RU_no_enemy_types_v0.9_cargo_rules.csv,enemy weapon groups keep the current Silver enemy baseline.
weapon_group_enemy_infected_L02_03,"Враги — Заражённые — уровень 2, вариант 3",Вражеские группы Заражённых: нестабильный шквальный и тяжёлый огонь. Strict-level: 2; weapon count: 1; enemy baseline tier: Silver.,2,Enemy,,Infected,,Enemy faction; not part of ally order,Infected,infected,3,1,205,Silver,missile,weapon_infected_missile_silver_L02_01,,,,,1,OK,OK,OK,OK,OK,N/A_ENEMY_SILVER_BASELINE,N/A_ENEMY,OK,stage-2a-sprint-4-2026.08.03,Assets/_Project/Content/Configs/Weapons/STAR_FRONTIER_WeaponConfig_300_config_fields_RU_no_enemy_types_v0.9_cargo_rules.csv,enemy weapon groups keep the current Silver enemy baseline.
weapon_group_enemy_infected_L02_04,"Враги — Заражённые — уровень 2, вариант 4",Вражеские группы Заражённых: нестабильный шквальный и тяжёлый огонь. Strict-level: 2; weapon count: 1; enemy baseline tier: Silver.,2,Enemy,,Infected,,Enemy faction; not part of ally order,Infected,infected,4,1,202,Silver,laser,weapon_infected_laser_silver_L02_01,,,,,1,OK,OK,OK,OK,OK,N/A_ENEMY_SILVER_BASELINE,N/A_ENEMY,OK,stage-2a-sprint-4-2026.08.03,Assets/_Project/Content/Configs/Weapons/STAR_FRONTIER_WeaponConfig_300_config_fields_RU_no_enemy_types_v0.9_cargo_rules.csv,enemy weapon groups keep the current Silver enemy baseline.
weapon_group_enemy_infected_L02_05,"Враги — Заражённые — уровень 2, вариант 5",Вражеские группы Заражённых: нестабильный шквальный и тяжёлый огонь. Strict-level: 2; weapon count: 1; enemy baseline tier: Silver.,2,Enemy,,Infected,,Enemy faction; not part of ally order,Infected,infected,5,1,204,Silver,railgun,weapon_infected_railgun_silver_L02_01,,,,,1,OK,OK,OK,OK,OK,N/A_ENEMY_SILVER_BASELINE,N/A_ENEMY,OK,stage-2a-sprint-4-2026.08.03,Assets/_Project/Content/Configs/Weapons/STAR_FRONTIER_WeaponConfig_300_config_fields_RU_no_enemy_types_v0.9_cargo_rules.csv,enemy weapon groups keep the current Silver enemy baseline.
weapon_group_enemy_infected_L03_01,"Враги — Заражённые — уровень 3, вариант 1",Вражеские группы Заражённых: нестабильный шквальный и тяжёлый огонь. Strict-level: 3; weapon count: 2; enemy baseline tier: Silver.,3,Enemy,,Infected,,Enemy faction; not part of ally order,Infected,infected,1,2,406,Silver + Silver,pulse + missile,weapon_infected_pulse_silver_L03_01,weapon_infected_missile_silver_L03_01,,,,2,OK,OK,OK,OK,OK,N/A_ENEMY_SILVER_BASELINE,N/A_ENEMY,OK,stage-2a-sprint-4-2026.08.03,Assets/_Project/Content/Configs/Weapons/STAR_FRONTIER_WeaponConfig_300_config_fields_RU_no_enemy_types_v0.9_cargo_rules.csv,enemy weapon groups keep the current Silver enemy baseline.
weapon_group_enemy_infected_L03_02,"Враги — Заражённые — уровень 3, вариант 2",Вражеские группы Заражённых: нестабильный шквальный и тяжёлый огонь. Strict-level: 3; weapon count: 2; enemy baseline tier: Silver.,3,Enemy,,Infected,,Enemy faction; not part of ally order,Infected,infected,2,2,405,Silver + Silver,plasma + laser,weapon_infected_plasma_silver_L03_01,weapon_infected_laser_silver_L03_01,,,,2,OK,OK,OK,OK,OK,N/A_ENEMY_SILVER_BASELINE,N/A_ENEMY,OK,stage-2a-sprint-4-2026.08.03,Assets/_Project/Content/Configs/Weapons/STAR_FRONTIER_WeaponConfig_300_config_fields_RU_no_enemy_types_v0.9_cargo_rules.csv,enemy weapon groups keep the current Silver enemy baseline.
weapon_group_enemy_infected_L03_03,"Враги — Заражённые — уровень 3, вариант 3",Вражеские группы Заражённых: нестабильный шквальный и тяжёлый огонь. Strict-level: 3; weapon count: 2; enemy baseline tier: Silver.,3,Enemy,,Infected,,Enemy faction; not part of ally order,Infected,infected,3,2,409,Silver + Silver,missile + railgun,weapon_infected_missile_silver_L03_01,weapon_infected_railgun_silver_L03_01,,,,2,OK,OK,OK,OK,OK,N/A_ENEMY_SILVER_BASELINE,N/A_ENEMY,OK,stage-2a-sprint-4-2026.08.03,Assets/_Project/Content/Configs/Weapons/STAR_FRONTIER_WeaponConfig_300_config_fields_RU_no_enemy_types_v0.9_cargo_rules.csv,enemy weapon groups keep the current Silver enemy baseline.
weapon_group_enemy_infected_L03_04,"Враги — Заражённые — уровень 3, вариант 4",Вражеские группы Заражённых: нестабильный шквальный и тяжёлый огонь. Strict-level: 3; weapon count: 2; enemy baseline tier: Silver.,3,Enemy,,Infected,,Enemy faction; not part of ally order,Infected,infected,4,2,403,Silver + Silver,laser + pulse,weapon_infected_laser_silver_L03_01,weapon_infected_pulse_silver_L03_01,,,,2,OK,OK,OK,OK,OK,N/A_ENEMY_SILVER_BASELINE,N/A_ENEMY,OK,stage-2a-sprint-4-2026.08.03,Assets/_Project/Content/Configs/Weapons/STAR_FRONTIER_WeaponConfig_300_config_fields_RU_no_enemy_types_v0.9_cargo_rules.csv,enemy weapon groups keep the current Silver enemy baseline.
weapon_group_enemy_infected_L03_05,"Враги — Заражённые — уровень 3, вариант 5",Вражеские группы Заражённых: нестабильный шквальный и тяжёлый огонь. Strict-level: 3; weapon count: 2; enemy baseline tier: Silver.,3,Enemy,,Infected,,Enemy faction; not part of ally order,Infected,infected,5,2,407,Silver + Silver,railgun + plasma,weapon_infected_railgun_silver_L03_01,weapon_infected_plasma_silver_L03_01,,,,2,OK,OK,OK,OK,OK,N/A_ENEMY_SILVER_BASELINE,N/A_ENEMY,OK,stage-2a-sprint-4-2026.08.03,Assets/_Project/Content/Configs/Weapons/STAR_FRONTIER_WeaponConfig_300_config_fields_RU_no_enemy_types_v0.9_cargo_rules.csv,enemy weapon groups keep the current Silver enemy baseline.
weapon_group_enemy_infected_L04_01,"Враги — Заражённые — уровень 4, вариант 1",Вражеские группы Заражённых: нестабильный шквальный и тяжёлый огонь. Strict-level: 4; weapon count: 2; enemy baseline tier: Silver.,4,Enemy,,Infected,,Enemy faction; not part of ally order,Infected,infected,1,2,406,Silver + Silver,pulse + missile,weapon_infected_pulse_silver_L04_01,weapon_infected_missile_silver_L04_01,,,,2,OK,OK,OK,OK,OK,N/A_ENEMY_SILVER_BASELINE,N/A_ENEMY,OK,stage-2a-sprint-4-2026.08.03,Assets/_Project/Content/Configs/Weapons/STAR_FRONTIER_WeaponConfig_300_config_fields_RU_no_enemy_types_v0.9_cargo_rules.csv,enemy weapon groups keep the current Silver enemy baseline.
weapon_group_enemy_infected_L04_02,"Враги — Заражённые — уровень 4, вариант 2",Вражеские группы Заражённых: нестабильный шквальный и тяжёлый огонь. Strict-level: 4; weapon count: 2; enemy baseline tier: Silver.,4,Enemy,,Infected,,Enemy faction; not part of ally order,Infected,infected,2,2,405,Silver + Silver,plasma + laser,weapon_infected_plasma_silver_L04_01,weapon_infected_laser_silver_L04_01,,,,2,OK,OK,OK,OK,OK,N/A_ENEMY_SILVER_BASELINE,N/A_ENEMY,OK,stage-2a-sprint-4-2026.08.03,Assets/_Project/Content/Configs/Weapons/STAR_FRONTIER_WeaponConfig_300_config_fields_RU_no_enemy_types_v0.9_cargo_rules.csv,enemy weapon groups keep the current Silver enemy baseline.
weapon_group_enemy_infected_L04_03,"Враги — Заражённые — уровень 4, вариант 3",Вражеские группы Заражённых: нестабильный шквальный и тяжёлый огонь. Strict-level: 4; weapon count: 2; enemy baseline tier: Silver.,4,Enemy,,Infected,,Enemy faction; not part of ally order,Infected,infected,3,2,409,Silver + Silver,missile + railgun,weapon_infected_missile_silver_L04_01,weapon_infected_railgun_silver_L04_01,,,,2,OK,OK,OK,OK,OK,N/A_ENEMY_SILVER_BASELINE,N/A_ENEMY,OK,stage-2a-sprint-4-2026.08.03,Assets/_Project/Content/Configs/Weapons/STAR_FRONTIER_WeaponConfig_300_config_fields_RU_no_enemy_types_v0.9_cargo_rules.csv,enemy weapon groups keep the current Silver enemy baseline.
weapon_group_enemy_infected_L04_04,"Враги — Заражённые — уровень 4, вариант 4",Вражеские группы Заражённых: нестабильный шквальный и тяжёлый огонь. Strict-level: 4; weapon count: 2; enemy baseline tier: Silver.,4,Enemy,,Infected,,Enemy faction; not part of ally order,Infected,infected,4,2,403,Silver + Silver,laser + pulse,weapon_infected_laser_silver_L04_01,weapon_infected_pulse_silver_L04_01,,,,2,OK,OK,OK,OK,OK,N/A_ENEMY_SILVER_BASELINE,N/A_ENEMY,OK,stage-2a-sprint-4-2026.08.03,Assets/_Project/Content/Configs/Weapons/STAR_FRONTIER_WeaponConfig_300_config_fields_RU_no_enemy_types_v0.9_cargo_rules.csv,enemy weapon groups keep the current Silver enemy baseline.
weapon_group_enemy_infected_L04_05,"Враги — Заражённые — уровень 4, вариант 5",Вражеские группы Заражённых: нестабильный шквальный и тяжёлый огонь. Strict-level: 4; weapon count: 2; enemy baseline tier: Silver.,4,Enemy,,Infected,,Enemy faction; not part of ally order,Infected,infected,5,2,407,Silver + Silver,railgun + plasma,weapon_infected_railgun_silver_L04_01,weapon_infected_plasma_silver_L04_01,,,,2,OK,OK,OK,OK,OK,N/A_ENEMY_SILVER_BASELINE,N/A_ENEMY,OK,stage-2a-sprint-4-2026.08.03,Assets/_Project/Content/Configs/Weapons/STAR_FRONTIER_WeaponConfig_300_config_fields_RU_no_enemy_types_v0.9_cargo_rules.csv,enemy weapon groups keep the current Silver enemy baseline.
weapon_group_enemy_infected_L05_01,"Враги — Заражённые — уровень 5, вариант 1",Вражеские группы Заражённых: нестабильный шквальный и тяжёлый огонь. Strict-level: 5; weapon count: 3; enemy baseline tier: Silver.,5,Enemy,,Infected,,Enemy faction; not part of ally order,Infected,infected,1,3,610,Silver + Silver + Silver,pulse + missile + railgun,weapon_infected_pulse_silver_L05_01,weapon_infected_missile_silver_L05_01,weapon_infected_railgun_silver_L05_01,,,3,OK,OK,OK,OK,OK,N/A_ENEMY_SILVER_BASELINE,N/A_ENEMY,OK,stage-2a-sprint-4-2026.08.03,Assets/_Project/Content/Configs/Weapons/STAR_FRONTIER_WeaponConfig_300_config_fields_RU_no_enemy_types_v0.9_cargo_rules.csv,enemy weapon groups keep the current Silver enemy baseline.
weapon_group_enemy_infected_L05_02,"Враги — Заражённые — уровень 5, вариант 2",Вражеские группы Заражённых: нестабильный шквальный и тяжёлый огонь. Strict-level: 5; weapon count: 3; enemy baseline tier: Silver.,5,Enemy,,Infected,,Enemy faction; not part of ally order,Infected,infected,2,3,606,Silver + Silver + Silver,plasma + laser + pulse,weapon_infected_plasma_silver_L05_01,weapon_infected_laser_silver_L05_01,weapon_infected_pulse_silver_L05_01,,,3,OK,OK,OK,OK,OK,N/A_ENEMY_SILVER_BASELINE,N/A_ENEMY,OK,stage-2a-sprint-4-2026.08.03,Assets/_Project/Content/Configs/Weapons/STAR_FRONTIER_WeaponConfig_300_config_fields_RU_no_enemy_types_v0.9_cargo_rules.csv,enemy weapon groups keep the current Silver enemy baseline.
weapon_group_enemy_infected_L05_03,"Враги — Заражённые — уровень 5, вариант 3",Вражеские группы Заражённых: нестабильный шквальный и тяжёлый огонь. Strict-level: 5; weapon count: 3; enemy baseline tier: Silver.,5,Enemy,,Infected,,Enemy faction; not part of ally order,Infected,infected,3,3,612,Silver + Silver + Silver,missile + railgun + plasma,weapon_infected_missile_silver_L05_01,weapon_infected_railgun_silver_L05_01,weapon_infected_plasma_silver_L05_01,,,3,OK,OK,OK,OK,OK,N/A_ENEMY_SILVER_BASELINE,N/A_ENEMY,OK,stage-2a-sprint-4-2026.08.03,Assets/_Project/Content/Configs/Weapons/STAR_FRONTIER_WeaponConfig_300_config_fields_RU_no_enemy_types_v0.9_cargo_rules.csv,enemy weapon groups keep the current Silver enemy baseline.
weapon_group_enemy_infected_L05_04,"Враги — Заражённые — уровень 5, вариант 4",Вражеские группы Заражённых: нестабильный шквальный и тяжёлый огонь. Strict-level: 5; weapon count: 3; enemy baseline tier: Silver.,5,Enemy,,Infected,,Enemy faction; not part of ally order,Infected,infected,4,3,608,Silver + Silver + Silver,laser + pulse + missile,weapon_infected_laser_silver_L05_01,weapon_infected_pulse_silver_L05_01,weapon_infected_missile_silver_L05_01,,,3,OK,OK,OK,OK,OK,N/A_ENEMY_SILVER_BASELINE,N/A_ENEMY,OK,stage-2a-sprint-4-2026.08.03,Assets/_Project/Content/Configs/Weapons/STAR_FRONTIER_WeaponConfig_300_config_fields_RU_no_enemy_types_v0.9_cargo_rules.csv,enemy weapon groups keep the current Silver enemy baseline.
weapon_group_enemy_infected_L05_05,"Враги — Заражённые — уровень 5, вариант 5",Вражеские группы Заражённых: нестабильный шквальный и тяжёлый огонь. Strict-level: 5; weapon count: 3; enemy baseline tier: Silver.,5,Enemy,,Infected,,Enemy faction; not part of ally order,Infected,infected,5,3,609,Silver + Silver + Silver,railgun + plasma + laser,weapon_infected_railgun_silver_L05_01,weapon_infected_plasma_silver_L05_01,weapon_infected_laser_silver_L05_01,,,3,OK,OK,OK,OK,OK,N/A_ENEMY_SILVER_BASELINE,N/A_ENEMY,OK,stage-2a-sprint-4-2026.08.03,Assets/_Project/Content/Configs/Weapons/STAR_FRONTIER_WeaponConfig_300_config_fields_RU_no_enemy_types_v0.9_cargo_rules.csv,enemy weapon groups keep the current Silver enemy baseline.
weapon_group_enemy_infected_L06_01,"Враги — Заражённые — уровень 6, вариант 1",Вражеские группы Заражённых: нестабильный шквальный и тяжёлый огонь. Strict-level: 6; weapon count: 3; enemy baseline tier: Silver.,6,Enemy,,Infected,,Enemy faction; not part of ally order,Infected,infected,1,3,610,Silver + Silver + Silver,pulse + missile + railgun,weapon_infected_pulse_silver_L06_01,weapon_infected_missile_silver_L06_01,weapon_infected_railgun_silver_L06_01,,,3,OK,OK,OK,OK,OK,N/A_ENEMY_SILVER_BASELINE,N/A_ENEMY,OK,stage-2a-sprint-4-2026.08.03,Assets/_Project/Content/Configs/Weapons/STAR_FRONTIER_WeaponConfig_300_config_fields_RU_no_enemy_types_v0.9_cargo_rules.csv,enemy weapon groups keep the current Silver enemy baseline.
weapon_group_enemy_infected_L06_02,"Враги — Заражённые — уровень 6, вариант 2",Вражеские группы Заражённых: нестабильный шквальный и тяжёлый огонь. Strict-level: 6; weapon count: 3; enemy baseline tier: Silver.,6,Enemy,,Infected,,Enemy faction; not part of ally order,Infected,infected,2,3,606,Silver + Silver + Silver,plasma + laser + pulse,weapon_infected_plasma_silver_L06_01,weapon_infected_laser_silver_L06_01,weapon_infected_pulse_silver_L06_01,,,3,OK,OK,OK,OK,OK,N/A_ENEMY_SILVER_BASELINE,N/A_ENEMY,OK,stage-2a-sprint-4-2026.08.03,Assets/_Project/Content/Configs/Weapons/STAR_FRONTIER_WeaponConfig_300_config_fields_RU_no_enemy_types_v0.9_cargo_rules.csv,enemy weapon groups keep the current Silver enemy baseline.
weapon_group_enemy_infected_L06_03,"Враги — Заражённые — уровень 6, вариант 3",Вражеские группы Заражённых: нестабильный шквальный и тяжёлый огонь. Strict-level: 6; weapon count: 3; enemy baseline tier: Silver.,6,Enemy,,Infected,,Enemy faction; not part of ally order,Infected,infected,3,3,612,Silver + Silver + Silver,missile + railgun + plasma,weapon_infected_missile_silver_L06_01,weapon_infected_railgun_silver_L06_01,weapon_infected_plasma_silver_L06_01,,,3,OK,OK,OK,OK,OK,N/A_ENEMY_SILVER_BASELINE,N/A_ENEMY,OK,stage-2a-sprint-4-2026.08.03,Assets/_Project/Content/Configs/Weapons/STAR_FRONTIER_WeaponConfig_300_config_fields_RU_no_enemy_types_v0.9_cargo_rules.csv,enemy weapon groups keep the current Silver enemy baseline.
weapon_group_enemy_infected_L06_04,"Враги — Заражённые — уровень 6, вариант 4",Вражеские группы Заражённых: нестабильный шквальный и тяжёлый огонь. Strict-level: 6; weapon count: 3; enemy baseline tier: Silver.,6,Enemy,,Infected,,Enemy faction; not part of ally order,Infected,infected,4,3,608,Silver + Silver + Silver,laser + pulse + missile,weapon_infected_laser_silver_L06_01,weapon_infected_pulse_silver_L06_01,weapon_infected_missile_silver_L06_01,,,3,OK,OK,OK,OK,OK,N/A_ENEMY_SILVER_BASELINE,N/A_ENEMY,OK,stage-2a-sprint-4-2026.08.03,Assets/_Project/Content/Configs/Weapons/STAR_FRONTIER_WeaponConfig_300_config_fields_RU_no_enemy_types_v0.9_cargo_rules.csv,enemy weapon groups keep the current Silver enemy baseline.
weapon_group_enemy_infected_L06_05,"Враги — Заражённые — уровень 6, вариант 5",Вражеские группы Заражённых: нестабильный шквальный и тяжёлый огонь. Strict-level: 6; weapon count: 3; enemy baseline tier: Silver.,6,Enemy,,Infected,,Enemy faction; not part of ally order,Infected,infected,5,3,609,Silver + Silver + Silver,railgun + plasma + laser,weapon_infected_railgun_silver_L06_01,weapon_infected_plasma_silver_L06_01,weapon_infected_laser_silver_L06_01,,,3,OK,OK,OK,OK,OK,N/A_ENEMY_SILVER_BASELINE,N/A_ENEMY,OK,stage-2a-sprint-4-2026.08.03,Assets/_Project/Content/Configs/Weapons/STAR_FRONTIER_WeaponConfig_300_config_fields_RU_no_enemy_types_v0.9_cargo_rules.csv,enemy weapon groups keep the current Silver enemy baseline.
weapon_group_enemy_infected_L07_01,"Враги — Заражённые — уровень 7, вариант 1",Вражеские группы Заражённых: нестабильный шквальный и тяжёлый огонь. Strict-level: 7; weapon count: 4; enemy baseline tier: Silver.,7,Enemy,,Infected,,Enemy faction; not part of ally order,Infected,infected,1,4,813,Silver + Silver + Silver + Silver,pulse + missile + railgun + plasma,weapon_infected_pulse_silver_L07_01,weapon_infected_missile_silver_L07_01,weapon_infected_railgun_silver_L07_01,weapon_infected_plasma_silver_L07_01,,4,OK,OK,OK,OK,OK,N/A_ENEMY_SILVER_BASELINE,N/A_ENEMY,OK,stage-2a-sprint-4-2026.08.03,Assets/_Project/Content/Configs/Weapons/STAR_FRONTIER_WeaponConfig_300_config_fields_RU_no_enemy_types_v0.9_cargo_rules.csv,enemy weapon groups keep the current Silver enemy baseline.
weapon_group_enemy_infected_L07_02,"Враги — Заражённые — уровень 7, вариант 2",Вражеские группы Заражённых: нестабильный шквальный и тяжёлый огонь. Strict-level: 7; weapon count: 4; enemy baseline tier: Silver.,7,Enemy,,Infected,,Enemy faction; not part of ally order,Infected,infected,2,4,811,Silver + Silver + Silver + Silver,plasma + laser + pulse + missile,weapon_infected_plasma_silver_L07_01,weapon_infected_laser_silver_L07_01,weapon_infected_pulse_silver_L07_01,weapon_infected_missile_silver_L07_01,,4,OK,OK,OK,OK,OK,N/A_ENEMY_SILVER_BASELINE,N/A_ENEMY,OK,stage-2a-sprint-4-2026.08.03,Assets/_Project/Content/Configs/Weapons/STAR_FRONTIER_WeaponConfig_300_config_fields_RU_no_enemy_types_v0.9_cargo_rules.csv,enemy weapon groups keep the current Silver enemy baseline.
weapon_group_enemy_infected_L07_03,"Враги — Заражённые — уровень 7, вариант 3",Вражеские группы Заражённых: нестабильный шквальный и тяжёлый огонь. Strict-level: 7; weapon count: 4; enemy baseline tier: Silver.,7,Enemy,,Infected,,Enemy faction; not part of ally order,Infected,infected,3,4,814,Silver + Silver + Silver + Silver,missile + railgun + plasma + laser,weapon_infected_missile_silver_L07_01,weapon_infected_railgun_silver_L07_01,weapon_infected_plasma_silver_L07_01,weapon_infected_laser_silver_L07_01,,4,OK,OK,OK,OK,OK,N/A_ENEMY_SILVER_BASELINE,N/A_ENEMY,OK,stage-2a-sprint-4-2026.08.03,Assets/_Project/Content/Configs/Weapons/STAR_FRONTIER_WeaponConfig_300_config_fields_RU_no_enemy_types_v0.9_cargo_rules.csv,enemy weapon groups keep the current Silver enemy baseline.
weapon_group_enemy_infected_L07_04,"Враги — Заражённые — уровень 7, вариант 4",Вражеские группы Заражённых: нестабильный шквальный и тяжёлый огонь. Strict-level: 7; weapon count: 4; enemy baseline tier: Silver.,7,Enemy,,Infected,,Enemy faction; not part of ally order,Infected,infected,4,4,812,Silver + Silver + Silver + Silver,laser + pulse + missile + railgun,weapon_infected_laser_silver_L07_01,weapon_infected_pulse_silver_L07_01,weapon_infected_missile_silver_L07_01,weapon_infected_railgun_silver_L07_01,,4,OK,OK,OK,OK,OK,N/A_ENEMY_SILVER_BASELINE,N/A_ENEMY,OK,stage-2a-sprint-4-2026.08.03,Assets/_Project/Content/Configs/Weapons/STAR_FRONTIER_WeaponConfig_300_config_fields_RU_no_enemy_types_v0.9_cargo_rules.csv,enemy weapon groups keep the current Silver enemy baseline.
weapon_group_enemy_infected_L07_05,"Враги — Заражённые — уровень 7, вариант 5",Вражеские группы Заражённых: нестабильный шквальный и тяжёлый огонь. Strict-level: 7; weapon count: 4; enemy baseline tier: Silver.,7,Enemy,,Infected,,Enemy faction; not part of ally order,Infected,infected,5,4,810,Silver + Silver + Silver + Silver,railgun + plasma + laser + pulse,weapon_infected_railgun_silver_L07_01,weapon_infected_plasma_silver_L07_01,weapon_infected_laser_silver_L07_01,weapon_infected_pulse_silver_L07_01,,4,OK,OK,OK,OK,OK,N/A_ENEMY_SILVER_BASELINE,N/A_ENEMY,OK,stage-2a-sprint-4-2026.08.03,Assets/_Project/Content/Configs/Weapons/STAR_FRONTIER_WeaponConfig_300_config_fields_RU_no_enemy_types_v0.9_cargo_rules.csv,enemy weapon groups keep the current Silver enemy baseline.
weapon_group_enemy_infected_L08_01,"Враги — Заражённые — уровень 8, вариант 1",Вражеские группы Заражённых: нестабильный шквальный и тяжёлый огонь. Strict-level: 8; weapon count: 4; enemy baseline tier: Silver.,8,Enemy,,Infected,,Enemy faction; not part of ally order,Infected,infected,1,4,813,Silver + Silver + Silver + Silver,pulse + missile + railgun + plasma,weapon_infected_pulse_silver_L08_01,weapon_infected_missile_silver_L08_01,weapon_infected_railgun_silver_L08_01,weapon_infected_plasma_silver_L08_01,,4,OK,OK,OK,OK,OK,N/A_ENEMY_SILVER_BASELINE,N/A_ENEMY,OK,stage-2a-sprint-4-2026.08.03,Assets/_Project/Content/Configs/Weapons/STAR_FRONTIER_WeaponConfig_300_config_fields_RU_no_enemy_types_v0.9_cargo_rules.csv,enemy weapon groups keep the current Silver enemy baseline.
weapon_group_enemy_infected_L08_02,"Враги — Заражённые — уровень 8, вариант 2",Вражеские группы Заражённых: нестабильный шквальный и тяжёлый огонь. Strict-level: 8; weapon count: 4; enemy baseline tier: Silver.,8,Enemy,,Infected,,Enemy faction; not part of ally order,Infected,infected,2,4,811,Silver + Silver + Silver + Silver,plasma + laser + pulse + missile,weapon_infected_plasma_silver_L08_01,weapon_infected_laser_silver_L08_01,weapon_infected_pulse_silver_L08_01,weapon_infected_missile_silver_L08_01,,4,OK,OK,OK,OK,OK,N/A_ENEMY_SILVER_BASELINE,N/A_ENEMY,OK,stage-2a-sprint-4-2026.08.03,Assets/_Project/Content/Configs/Weapons/STAR_FRONTIER_WeaponConfig_300_config_fields_RU_no_enemy_types_v0.9_cargo_rules.csv,enemy weapon groups keep the current Silver enemy baseline.
weapon_group_enemy_infected_L08_03,"Враги — Заражённые — уровень 8, вариант 3",Вражеские группы Заражённых: нестабильный шквальный и тяжёлый огонь. Strict-level: 8; weapon count: 4; enemy baseline tier: Silver.,8,Enemy,,Infected,,Enemy faction; not part of ally order,Infected,infected,3,4,814,Silver + Silver + Silver + Silver,missile + railgun + plasma + laser,weapon_infected_missile_silver_L08_01,weapon_infected_railgun_silver_L08_01,weapon_infected_plasma_silver_L08_01,weapon_infected_laser_silver_L08_01,,4,OK,OK,OK,OK,OK,N/A_ENEMY_SILVER_BASELINE,N/A_ENEMY,OK,stage-2a-sprint-4-2026.08.03,Assets/_Project/Content/Configs/Weapons/STAR_FRONTIER_WeaponConfig_300_config_fields_RU_no_enemy_types_v0.9_cargo_rules.csv,enemy weapon groups keep the current Silver enemy baseline.
weapon_group_enemy_infected_L08_04,"Враги — Заражённые — уровень 8, вариант 4",Вражеские группы Заражённых: нестабильный шквальный и тяжёлый огонь. Strict-level: 8; weapon count: 4; enemy baseline tier: Silver.,8,Enemy,,Infected,,Enemy faction; not part of ally order,Infected,infected,4,4,812,Silver + Silver + Silver + Silver,laser + pulse + missile + railgun,weapon_infected_laser_silver_L08_01,weapon_infected_pulse_silver_L08_01,weapon_infected_missile_silver_L08_01,weapon_infected_railgun_silver_L08_01,,4,OK,OK,OK,OK,OK,N/A_ENEMY_SILVER_BASELINE,N/A_ENEMY,OK,stage-2a-sprint-4-2026.08.03,Assets/_Project/Content/Configs/Weapons/STAR_FRONTIER_WeaponConfig_300_config_fields_RU_no_enemy_types_v0.9_cargo_rules.csv,enemy weapon groups keep the current Silver enemy baseline.
weapon_group_enemy_infected_L08_05,"Враги — Заражённые — уровень 8, вариант 5",Вражеские группы Заражённых: нестабильный шквальный и тяжёлый огонь. Strict-level: 8; weapon count: 4; enemy baseline tier: Silver.,8,Enemy,,Infected,,Enemy faction; not part of ally order,Infected,infected,5,4,810,Silver + Silver + Silver + Silver,railgun + plasma + laser + pulse,weapon_infected_railgun_silver_L08_01,weapon_infected_plasma_silver_L08_01,weapon_infected_laser_silver_L08_01,weapon_infected_pulse_silver_L08_01,,4,OK,OK,OK,OK,OK,N/A_ENEMY_SILVER_BASELINE,N/A_ENEMY,OK,stage-2a-sprint-4-2026.08.03,Assets/_Project/Content/Configs/Weapons/STAR_FRONTIER_WeaponConfig_300_config_fields_RU_no_enemy_types_v0.9_cargo_rules.csv,enemy weapon groups keep the current Silver enemy baseline.
weapon_group_enemy_infected_L09_01,"Враги — Заражённые — уровень 9, вариант 1",Вражеские группы Заражённых: нестабильный шквальный и тяжёлый огонь. Strict-level: 9; weapon count: 5; enemy baseline tier: Silver.,9,Enemy,,Infected,,Enemy faction; not part of ally order,Infected,infected,1,5,1015,Silver + Silver + Silver + Silver + Silver,pulse + missile + railgun + plasma + laser,weapon_infected_pulse_silver_L09_01,weapon_infected_missile_silver_L09_01,weapon_infected_railgun_silver_L09_01,weapon_infected_plasma_silver_L09_01,weapon_infected_laser_silver_L09_01,5,OK,OK,OK,OK,OK,N/A_ENEMY_SILVER_BASELINE,N/A_ENEMY,OK,stage-2a-sprint-4-2026.08.03,Assets/_Project/Content/Configs/Weapons/STAR_FRONTIER_WeaponConfig_300_config_fields_RU_no_enemy_types_v0.9_cargo_rules.csv,enemy weapon groups keep the current Silver enemy baseline.
weapon_group_enemy_infected_L09_02,"Враги — Заражённые — уровень 9, вариант 2",Вражеские группы Заражённых: нестабильный шквальный и тяжёлый огонь. Strict-level: 9; weapon count: 5; enemy baseline tier: Silver.,9,Enemy,,Infected,,Enemy faction; not part of ally order,Infected,infected,2,5,1015,Silver + Silver + Silver + Silver + Silver,plasma + laser + pulse + missile + railgun,weapon_infected_plasma_silver_L09_01,weapon_infected_laser_silver_L09_01,weapon_infected_pulse_silver_L09_01,weapon_infected_missile_silver_L09_01,weapon_infected_railgun_silver_L09_01,5,OK,OK,OK,OK,OK,N/A_ENEMY_SILVER_BASELINE,N/A_ENEMY,OK,stage-2a-sprint-4-2026.08.03,Assets/_Project/Content/Configs/Weapons/STAR_FRONTIER_WeaponConfig_300_config_fields_RU_no_enemy_types_v0.9_cargo_rules.csv,enemy weapon groups keep the current Silver enemy baseline.
weapon_group_enemy_infected_L09_03,"Враги — Заражённые — уровень 9, вариант 3",Вражеские группы Заражённых: нестабильный шквальный и тяжёлый огонь. Strict-level: 9; weapon count: 5; enemy baseline tier: Silver.,9,Enemy,,Infected,,Enemy faction; not part of ally order,Infected,infected,3,5,1015,Silver + Silver + Silver + Silver + Silver,missile + railgun + plasma + laser + pulse,weapon_infected_missile_silver_L09_01,weapon_infected_railgun_silver_L09_01,weapon_infected_plasma_silver_L09_01,weapon_infected_laser_silver_L09_01,weapon_infected_pulse_silver_L09_01,5,OK,OK,OK,OK,OK,N/A_ENEMY_SILVER_BASELINE,N/A_ENEMY,OK,stage-2a-sprint-4-2026.08.03,Assets/_Project/Content/Configs/Weapons/STAR_FRONTIER_WeaponConfig_300_config_fields_RU_no_enemy_types_v0.9_cargo_rules.csv,enemy weapon groups keep the current Silver enemy baseline.
weapon_group_enemy_infected_L09_04,"Враги — Заражённые — уровень 9, вариант 4",Вражеские группы Заражённых: нестабильный шквальный и тяжёлый огонь. Strict-level: 9; weapon count: 5; enemy baseline tier: Silver.,9,Enemy,,Infected,,Enemy faction; not part of ally order,Infected,infected,4,5,1015,Silver + Silver + Silver + Silver + Silver,laser + pulse + missile + railgun + plasma,weapon_infected_laser_silver_L09_01,weapon_infected_pulse_silver_L09_01,weapon_infected_missile_silver_L09_01,weapon_infected_railgun_silver_L09_01,weapon_infected_plasma_silver_L09_01,5,OK,OK,OK,OK,OK,N/A_ENEMY_SILVER_BASELINE,N/A_ENEMY,OK,stage-2a-sprint-4-2026.08.03,Assets/_Project/Content/Configs/Weapons/STAR_FRONTIER_WeaponConfig_300_config_fields_RU_no_enemy_types_v0.9_cargo_rules.csv,enemy weapon groups keep the current Silver enemy baseline.
weapon_group_enemy_infected_L09_05,"Враги — Заражённые — уровень 9, вариант 5",Вражеские группы Заражённых: нестабильный шквальный и тяжёлый огонь. Strict-level: 9; weapon count: 5; enemy baseline tier: Silver.,9,Enemy,,Infected,,Enemy faction; not part of ally order,Infected,infected,5,5,1015,Silver + Silver + Silver + Silver + Silver,railgun + plasma + laser + pulse + missile,weapon_infected_railgun_silver_L09_01,weapon_infected_plasma_silver_L09_01,weapon_infected_laser_silver_L09_01,weapon_infected_pulse_silver_L09_01,weapon_infected_missile_silver_L09_01,5,OK,OK,OK,OK,OK,N/A_ENEMY_SILVER_BASELINE,N/A_ENEMY,OK,stage-2a-sprint-4-2026.08.03,Assets/_Project/Content/Configs/Weapons/STAR_FRONTIER_WeaponConfig_300_config_fields_RU_no_enemy_types_v0.9_cargo_rules.csv,enemy weapon groups keep the current Silver enemy baseline.
weapon_group_enemy_infected_L10_01,"Враги — Заражённые — уровень 10, вариант 1",Вражеские группы Заражённых: нестабильный шквальный и тяжёлый огонь. Strict-level: 10; weapon count: 5; enemy baseline tier: Silver.,10,Enemy,,Infected,,Enemy faction; not part of ally order,Infected,infected,1,5,1015,Silver + Silver + Silver + Silver + Silver,pulse + missile + railgun + plasma + laser,weapon_infected_pulse_silver_L10_01,weapon_infected_missile_silver_L10_01,weapon_infected_railgun_silver_L10_01,weapon_infected_plasma_silver_L10_01,weapon_infected_laser_silver_L10_01,5,OK,OK,OK,OK,OK,N/A_ENEMY_SILVER_BASELINE,N/A_ENEMY,OK,stage-2a-sprint-4-2026.08.03,Assets/_Project/Content/Configs/Weapons/STAR_FRONTIER_WeaponConfig_300_config_fields_RU_no_enemy_types_v0.9_cargo_rules.csv,enemy weapon groups keep the current Silver enemy baseline.
weapon_group_enemy_infected_L10_02,"Враги — Заражённые — уровень 10, вариант 2",Вражеские группы Заражённых: нестабильный шквальный и тяжёлый огонь. Strict-level: 10; weapon count: 5; enemy baseline tier: Silver.,10,Enemy,,Infected,,Enemy faction; not part of ally order,Infected,infected,2,5,1015,Silver + Silver + Silver + Silver + Silver,plasma + laser + pulse + missile + railgun,weapon_infected_plasma_silver_L10_01,weapon_infected_laser_silver_L10_01,weapon_infected_pulse_silver_L10_01,weapon_infected_missile_silver_L10_01,weapon_infected_railgun_silver_L10_01,5,OK,OK,OK,OK,OK,N/A_ENEMY_SILVER_BASELINE,N/A_ENEMY,OK,stage-2a-sprint-4-2026.08.03,Assets/_Project/Content/Configs/Weapons/STAR_FRONTIER_WeaponConfig_300_config_fields_RU_no_enemy_types_v0.9_cargo_rules.csv,enemy weapon groups keep the current Silver enemy baseline.
weapon_group_enemy_infected_L10_03,"Враги — Заражённые — уровень 10, вариант 3",Вражеские группы Заражённых: нестабильный шквальный и тяжёлый огонь. Strict-level: 10; weapon count: 5; enemy baseline tier: Silver.,10,Enemy,,Infected,,Enemy faction; not part of ally order,Infected,infected,3,5,1015,Silver + Silver + Silver + Silver + Silver,missile + railgun + plasma + laser + pulse,weapon_infected_missile_silver_L10_01,weapon_infected_railgun_silver_L10_01,weapon_infected_plasma_silver_L10_01,weapon_infected_laser_silver_L10_01,weapon_infected_pulse_silver_L10_01,5,OK,OK,OK,OK,OK,N/A_ENEMY_SILVER_BASELINE,N/A_ENEMY,OK,stage-2a-sprint-4-2026.08.03,Assets/_Project/Content/Configs/Weapons/STAR_FRONTIER_WeaponConfig_300_config_fields_RU_no_enemy_types_v0.9_cargo_rules.csv,enemy weapon groups keep the current Silver enemy baseline.
weapon_group_enemy_infected_L10_04,"Враги — Заражённые — уровень 10, вариант 4",Вражеские группы Заражённых: нестабильный шквальный и тяжёлый огонь. Strict-level: 10; weapon count: 5; enemy baseline tier: Silver.,10,Enemy,,Infected,,Enemy faction; not part of ally order,Infected,infected,4,5,1015,Silver + Silver + Silver + Silver + Silver,laser + pulse + missile + railgun + plasma,weapon_infected_laser_silver_L10_01,weapon_infected_pulse_silver_L10_01,weapon_infected_missile_silver_L10_01,weapon_infected_railgun_silver_L10_01,weapon_infected_plasma_silver_L10_01,5,OK,OK,OK,OK,OK,N/A_ENEMY_SILVER_BASELINE,N/A_ENEMY,OK,stage-2a-sprint-4-2026.08.03,Assets/_Project/Content/Configs/Weapons/STAR_FRONTIER_WeaponConfig_300_config_fields_RU_no_enemy_types_v0.9_cargo_rules.csv,enemy weapon groups keep the current Silver enemy baseline.
weapon_group_enemy_infected_L10_05,"Враги — Заражённые — уровень 10, вариант 5",Вражеские группы Заражённых: нестабильный шквальный и тяжёлый огонь. Strict-level: 10; weapon count: 5; enemy baseline tier: Silver.,10,Enemy,,Infected,,Enemy faction; not part of ally order,Infected,infected,5,5,1015,Silver + Silver + Silver + Silver + Silver,railgun + plasma + laser + pulse + missile,weapon_infected_railgun_silver_L10_01,weapon_infected_plasma_silver_L10_01,weapon_infected_laser_silver_L10_01,weapon_infected_pulse_silver_L10_01,weapon_infected_missile_silver_L10_01,5,OK,OK,OK,OK,OK,N/A_ENEMY_SILVER_BASELINE,N/A_ENEMY,OK,stage-2a-sprint-4-2026.08.03,Assets/_Project/Content/Configs/Weapons/STAR_FRONTIER_WeaponConfig_300_config_fields_RU_no_enemy_types_v0.9_cargo_rules.csv,enemy weapon groups keep the current Silver enemy baseline.
